image_id,specimen_id,tancrede_image_path,matched_via,status,reason,n_out_of_bounds,aspect_ratio_obb,aspect_ratio_crops_csv,keep
b1f09ac7b47d14dc,OPIE_Lapi_030803b,/Volumes/EXT DATA/IDMB/images/Tancrede/collection/Bombus_lapidarius/drone/OPIE_Lapi_030803b_P1.JPG,tail3,OK,,0,2.4868,2.4868,
204d400420ea80bf,OPIE_Lapi_030803,/Volumes/EXT DATA/IDMB/images/Tancrede/collection/Bombus_lapidarius/drone/OPIE_Lapi_030803_P1.JPG,tail3,OK,,0,2.4732,2.4732,
9492299e29cc2996,OPIE_Lapi_060803,/Volumes/EXT DATA/IDMB/images/Tancrede/collection/Bombus_lapidarius/drone/OPIE_Lapi_060803_P1.JPG,tail3,OK,,0,2.4578,2.4578,
730437fd4e90ad7d,OPIE_Lapi_070820,/Volumes/EXT DATA/IDMB/images/Tancrede/collection/Bombus_lapidarius/drone/OPIE_Lapi_070820_P1.JPG,tail3,OK,,0,2.5205,2.5205,
45f2cc5a3546f39d,OPIE_Lapi_100803,/Volumes/EXT DATA/IDMB/images/Tancrede/collection/Bombus_lapidarius/drone/OPIE_Lapi_100803_P1.JPG,tail3,OK,,0,2.4440,2.4440,
fce15c38021f4e54,OPIE_Lapi_100820,/Volumes/EXT DATA/IDMB/images/Tancrede/collection/Bombus_lapidarius/drone/OPIE_Lapi_100820_P1.JPG,tail3,OK,,0,2.3541,2.3541,
70ec76b103b7fa54,OPIE_Lapi_160720,/Volumes/EXT DATA/IDMB/images/Tancrede/collection/Bombus_lapidarius/drone/OPIE_Lapi_160720_P1.JPG,tail3,OK,,0,2.4409,2.4409,
d9f756ea734431c4,OPIE_Lapi_180702,/Volumes/EXT DATA/IDMB/images/Tancrede/collection/Bombus_lapidarius/drone/OPIE_Lapi_180702_P1.JPG,tail3,OK,,0,2.4798,2.4798,
8290da03f48dd279,OPIE_Lapi_180703,/Volumes/EXT DATA/IDMB/images/Tancrede/collection/Bombus_lapidarius/drone/OPIE_Lapi_180703_P1.JPG,tail3,OK,,0,2.4344,2.4344,
0ff169e3fc47a284,OPIE_Lapi_200703b,/Volumes/EXT DATA/IDMB/images/Tancrede/collection/Bombus_lapidarius/drone/OPIE_Lapi_200703b_P1.JPG,tail3,OK,,0,2.4026,2.4026,
af53070f1d1e2e76,OPIE_Lapi_200703,/Volumes/EXT DATA/IDMB/images/Tancrede/collection/Bombus_lapidarius/drone/OPIE_Lapi_200703_P1.JPG,tail3,OK,,0,2.5031,2.5031,
e4d48e4937f536cc,OPIE_Lapi_78V,/Volumes/EXT DATA/IDMB/images/Tancrede/collection/Bombus_lapidarius/drone/OPIE_Lapi_78V_P1.JPG,tail3,OK,,0,2.4788,2.4788,
a7bce4533155d45b,OPIE_Lapi_7B,/Volumes/EXT DATA/IDMB/images/Tancrede/collection/Bombus_lapidarius/drone/OPIE_Lapi_7B_P1.JPG,tail3,OK,,0,2.4616,2.4616,
9238b85da8d0146c,OPIE_Lapi_95C,/Volumes/EXT DATA/IDMB/images/Tancrede/collection/Bombus_lapidarius/drone/OPIE_Lapi_95C_P1.JPG,tail3,OK,,0,2.4455,2.4455,
f805c427c371e472,OPIE_Lapi_A1b,/Volumes/EXT DATA/IDMB/images/Tancrede/collection/Bombus_lapidarius/drone/OPIE_Lapi_A1b_P1.JPG,tail3,OK,,0,2.3454,2.3454,
f3c14bd7ad839dc2,OPIE_Lapi_A1,/Volumes/EXT DATA/IDMB/images/Tancrede/collection/Bombus_lapidarius/drone/OPIE_Lapi_A1_P1.JPG,tail3,OK,,0,2.4557,2.4557,
a800566328e43059,OPIE_Lapi_B2b,/Volumes/EXT DATA/IDMB/images/Tancrede/collection/Bombus_lapidarius/drone/OPIE_Lapi_B2b_P1.JPG,tail3,OK,,0,2.5437,2.5437,
2b5e0d866cf7c51f,OPIE_Lapi_B2,/Volumes/EXT DATA/IDMB/images/Tancrede/collection/Bombus_lapidarius/drone/OPIE_Lapi_B2_P1.JPG,tail3,OK,,0,2.2181,2.2181,
389604ce08463a97,OPIE_Lapi_D1,/Volumes/EXT DATA/IDMB/images/Tancrede/collection/Bombus_lapidarius/drone/OPIE_Lapi_D1_P1.JPG,tail3,OK,,0,2.3992,2.3992,
aa26220e634f11a7,OPIE_Lapi_E7,/Volumes/EXT DATA/IDMB/images/Tancrede/collection/Bombus_lapidarius/drone/OPIE_Lapi_E7_P1.JPG,tail3,OK,,0,2.4425,2.4425,
402c9176aa7d3db3,OPIE_Lapi_H1,/Volumes/EXT DATA/IDMB/images/Tancrede/collection/Bombus_lapidarius/drone/OPIE_Lapi_H1_P1.JPG,tail3,OK,,0,2.4326,2.4326,
5bc870c4d75e799d,FR15ABOM130621006,/Volumes/EXT DATA/IDMB/images/Tancrede/collection/Bombus_rupestris/queen/FR15ABOM130621006_P1.JPG,tail3,SKIPPED,detection.csv missing or status != OK for this image_id,,,,
c955aaacc2dde60b,FR73ABOM130722067,/Volumes/EXT DATA/IDMB/images/Tancrede/collection/Bombus_pyrenaeus/drone/FR73ABOM130722067_P1.JPG,tail3,OK,,0,2.3076,2.3076,
c94558d31db9148d,CD387287,/Volumes/EXT DATA/IDMB/images/Tancrede/collection/Bombus_soroeensis/worker/CD387287_P1.JPG,tail3,OK,,0,1.7277,1.7277,
b3639caf3ddf3dca,FR73ABOM120722002,/Volumes/EXT DATA/IDMB/images/Tancrede/collection/Bombus_pyrenaeus/drone/FR73ABOM120722002_P1.JPG,tail3,OK,,0,2.0523,2.0523,
68dee5762500e02e,CD388623e,/Volumes/EXT DATA/IDMB/images/Tancrede/collection/Bombus_pyrenaeus/worker/CD388623e_P1.JPG,tail3,OK,,0,2.1402,2.1402,
be8e3546094ea62a,ABAURA8764,/Volumes/EXT DATA/IDMB/images/Tancrede/collection/Bombus_pratorum/drone/ABAURA8764_P1.JPG,tail3,OK,,0,2.1673,2.1673,
99e1ca9af66087ae,CD388865d,/Volumes/EXT DATA/IDMB/images/Tancrede/collection/Bombus_sichelii/worker/CD388865d_P1.JPG,tail3,OK,,0,1.6669,1.6669,
3fb41d7480a0ed6a,OPIE_Lapi_260620b,/Volumes/EXT DATA/IDMB/images/Tancrede/collection/Bombus_lapidarius/worker/OPIE_Lapi_260620b_P1.JPG,tail3,OK,,0,2.8829,2.8829,
42b94d27d52e5fe1,FR73ABOM140722011,/Volumes/EXT DATA/IDMB/images/Tancrede/collection/Bombus_monticola/drone/FR73ABOM140722011_P1.JPG,tail3,OK,,0,2.1931,2.1931,
b048841b3bd41b97,CollecYvan14,/Volumes/EXT DATA/IDMB/images/Tancrede/collection/Bombus_monticola/worker/CollecYvan14_P1.JPG,tail3,SKIPPED,detection.csv missing or status != OK for this image_id,,,,
59733e52ab35052c,FR15_ABOM30072020040,/Volumes/EXT DATA/IDMB/images/Tancrede/collection/Bombus_pomorum/worker/FR15_ABOM30072020040_P1.JPG,tail3,OK,,0,1.9078,1.9078,
89911539e35b40e7,FR15_ABOM30072020045,/Volumes/EXT DATA/IDMB/images/Tancrede/collection/Bombus_pomorum/worker/FR15_ABOM30072020045_P1.JPG,tail3,OK,,0,1.6566,1.6566,
e88c20bda81225e7,BAR-2018.00332,/Volumes/EXT DATA/IDMB/images/Tancrede/collection/Bombus_sylvarum/worker/BAR-2018.00332_P1.JPG,tail3,OK,,0,2.1617,2.1617,
8f48d89538a0507c,2020.00470,/Volumes/EXT DATA/IDMB/images/Tancrede/collection/Bombus_rupestris/drone/2020.00470_P1.JPG,tail3,OK,,0,1.4265,1.4265,
,,/Volumes/EXT DATA/IDMB/images/Tancrede/collection/Bombus_pratorum/drone/N126_P1.JPG,,SKIPPED,no match in manifest.csv,,,,
ff6aef025813feeb,CollecYvan24,/Volumes/EXT DATA/IDMB/images/Tancrede/collection/Bombus_wurflenii/drone/CollecYvan24_P1.JPG,tail3,SUSPECT,1 landmark(s) outside the 512x256 crop,1,1.8481,1.8481,
a457dad932470860,OPIE_Lapi_220620c,/Volumes/EXT DATA/IDMB/images/Tancrede/collection/Bombus_lapidarius/worker/OPIE_Lapi_220620c_P1.JPG,tail3,OK,,0,2.3861,2.3861,
9139c0c7161006ee,CD388820b,/Volumes/EXT DATA/IDMB/images/Tancrede/collection/Bombus_wurflenii/worker/CD388820b_P1.JPG,tail3,OK,,0,1.4312,1.4312,
0430a31d4448b63a,CD388862,/Volumes/EXT DATA/IDMB/images/Tancrede/collection/Bombus_soroeensis/worker/CD388862_P1.JPG,tail3,OK,,0,2.2678,2.2678,
9e72f4d464f814da,FR15ABOM200821209,/Volumes/EXT DATA/IDMB/images/Tancrede/collection/Bombus_pomorum/drone/FR15ABOM200821209_P1.JPG,tail3,OK,,0,1.2599,1.2599,
f121964e05160221,FR73ABOM200722029,/Volumes/EXT DATA/IDMB/images/Tancrede/collection/Bombus_pyrenaeus/drone/FR73ABOM200722029_P1.JPG,tail3,OK,,0,2.1939,2.1939,
63678a52fde73929,FR73ABOM130722009,/Volumes/EXT DATA/IDMB/images/Tancrede/collection/Bombus_pyrenaeus/drone/FR73ABOM130722009_P1.JPG,tail3,OK,,0,2.2962,2.2962,
8375f2bfd3459f92,FR73ABOM130722062,/Volumes/EXT DATA/IDMB/images/Tancrede/collection/Bombus_pyrenaeus/drone/FR73ABOM130722062_P1.JPG,tail3,OK,,0,2.2508,2.2508,
6636234c53a32f3c,CD388391,/Volumes/EXT DATA/IDMB/images/Tancrede/collection/Bombus_soroeensis/queen/CD388391_P1.JPG,tail3,OK,,0,2.1688,2.1688,
3202dd75d414afed,ABAURA8526b,/Volumes/EXT DATA/IDMB/images/Tancrede/collection/Bombus_wurflenii/worker/ABAURA8526b_P1.JPG,tail3,OK,,0,1.3089,1.3089,
f01713cff8fbb4e2,FR15ABOM210822014,/Volumes/EXT DATA/IDMB/images/Tancrede/collection/Bombus_pomorum/drone/FR15ABOM210822014_P1.JPG,tail3,OK,,0,1.6574,1.6574,
4ce1cc94d5df8def,OPIE_Lapi_130720d,/Volumes/EXT DATA/IDMB/images/Tancrede/collection/Bombus_lapidarius/worker/OPIE_Lapi_130720d_P1.JPG,tail3,OK,,0,2.3913,2.3913,
e5107af191798f7c,CD388135,/Volumes/EXT DATA/IDMB/images/Tancrede/collection/Bombus_sylvarum/worker/CD388135_P1.JPG,tail3,OK,,0,1.9923,1.9923,
1eff9845b08d9b0f,POLLINIS4351,/Volumes/EXT DATA/IDMB/images/Tancrede/collection/Bombus_pratorum/drone/POLLINIS4351_P1.JPG,tail3,OK,,0,2.1965,2.1965,
98ce8d52e2c0a90f,OPIE_Lapi_200720,/Volumes/EXT DATA/IDMB/images/Tancrede/collection/Bombus_lapidarius/worker/OPIE_Lapi_200720_P1.JPG,tail3,OK,,0,2.4642,2.4642,
d922d2edf39fc66e,FR15_ABOM09082020078,/Volumes/EXT DATA/IDMB/images/Tancrede/collection/Bombus_sylvarum/drone/FR15_ABOM09082020078_P1.JPG,tail3,OK,,0,1.6999,1.6999,
108c1ab301a654cd,NoName11,/Volumes/EXT DATA/IDMB/images/Tancrede/collection/Bombus_sylvarum/drone/NoName11_P1.JPG,tail3,OK,,0,1.5788,1.5788,
f2992c5560c4775f,CD388865e,/Volumes/EXT DATA/IDMB/images/Tancrede/collection/Bombus_sichelii/worker/CD388865e_P1.JPG,tail3,OK,,0,1.7636,1.7636,
3dee7dcf0bf5b89f,OPIE_Lapi_260620,/Volumes/EXT DATA/IDMB/images/Tancrede/collection/Bombus_lapidarius/worker/OPIE_Lapi_260620_P1.JPG,tail3,OK,,0,2.2948,2.2948,
44d3abab7f3725cb,ABAURA8885d,/Volumes/EXT DATA/IDMB/images/Tancrede/collection/Bombus_ruderarius/drone/ABAURA8885d_P1.JPG,tail3,OK,,0,1.9880,1.9880,
0d889f40fa390da5,2020.00301,/Volumes/EXT DATA/IDMB/images/Tancrede/collection/Bombus_pratorum/drone/2020.00301_P1.JPG,tail3,OK,,0,2.2990,2.2990,
b482aa691b4451d8,FR74ABOM160722015,/Volumes/EXT DATA/IDMB/images/Tancrede/collection/Bombus_monticola/worker/FR74ABOM160722015_P1.JPG,tail3,OK,,0,2.5431,2.5431,
5d36a1dc6c40a196,CD387770,/Volumes/EXT DATA/IDMB/images/Tancrede/collection/Bombus_pratorum/worker/CD387770_P1.JPG,tail3,OK,,0,2.2798,2.2798,
f8117419f1d5034b,FR73ABOM140722032,/Volumes/EXT DATA/IDMB/images/Tancrede/collection/Bombus_monticola/drone/FR73ABOM140722032_P1.JPG,tail3,OK,,0,2.2655,2.2655,
259ccbb41a1f9769,OPIE_Lapi_290602,/Volumes/EXT DATA/IDMB/images/Tancrede/collection/Bombus_lapidarius/worker/OPIE_Lapi_290602_P1.JPG,tail3,OK,,0,2.2333,2.2333,
8d95f8a69d3f4190,FR73ABOM120722027,/Volumes/EXT DATA/IDMB/images/Tancrede/collection/Bombus_monticola/drone/FR73ABOM120722027_P1.JPG,tail3,OK,,0,2.3603,2.3603,
44a7bfa8515aaf43,FR15ABOM220821055,/Volumes/EXT DATA/IDMB/images/Tancrede/collection/Bombus_pomorum/worker/FR15ABOM220821055_P1.JPG,tail3,OK,,0,1.6153,1.6153,
74fd3bdda28e9f50,ABAURA57210,/Volumes/EXT DATA/IDMB/images/Tancrede/collection/Bombus_pratorum/queen/ABAURA57210_P1.JPG,tail3,OK,,0,2.3475,2.3475,
a8cfe9989da43fac,UBC-2014.0001,/Volumes/EXT DATA/IDMB/images/Tancrede/collection/Bombus_rupestris/queen/UBC-2014.0001_P1.JPG,tail3,SKIPPED,detection.csv missing or status != OK for this image_id,,,,
608ce8d9b35413ba,CD387577b,/Volumes/EXT DATA/IDMB/images/Tancrede/collection/Bombus_soroeensis/worker/CD387577b_P1.JPG,tail3,OK,,0,1.9542,1.9542,
af6438b4dfaf7c70,ABAURA8238a,/Volumes/EXT DATA/IDMB/images/Tancrede/collection/Bombus_sichelii/worker/ABAURA8238a_P1.JPG,tail3,OK,,0,1.8411,1.8411,
,,/Volumes/EXT DATA/IDMB/images/Tancrede/collection/Bombus_ruderarius/drone/ATBI GR5_P1.JPG,,SKIPPED,no match in manifest.csv,,,,
b1f12b4793c3052e,CD388016b,/Volumes/EXT DATA/IDMB/images/Tancrede/collection/Bombus_wurflenii/worker/CD388016b_P1.JPG,tail3,OK,,0,1.5275,1.5275,
fe037a305f622e07,FR15ABOM200821014,/Volumes/EXT DATA/IDMB/images/Tancrede/collection/Bombus_pomorum/worker/FR15ABOM200821014_P1.JPG,tail3,OK,,0,1.6291,1.6291,
89e52ed4b7024ef9,ABAURA8240b,/Volumes/EXT DATA/IDMB/images/Tancrede/collection/Bombus_pratorum/worker/ABAURA8240b_P1.JPG,tail3,OK,,0,2.3816,2.3816,
5b200b75419ef06b,ABAURA8239,/Volumes/EXT DATA/IDMB/images/Tancrede/collection/Bombus_pratorum/worker/ABAURA8239_P1.JPG,tail3,OK,,0,2.2047,2.2047,
8ce0e4b5d83759a4,ABAURA8240d,/Volumes/EXT DATA/IDMB/images/Tancrede/collection/Bombus_pyrenaeus/worker/ABAURA8240d_P1.JPG,tail3,OK,,0,2.5418,2.5418,
5fb28490ce2fcf96,ABAURA8212,/Volumes/EXT DATA/IDMB/images/Tancrede/collection/Bombus_pyrenaeus/worker/ABAURA8212_P1.JPG,tail3,OK,,0,2.4951,2.4951,
2840b7b5df4d1b3f,CD388872b,/Volumes/EXT DATA/IDMB/images/Tancrede/collection/Bombus_soroeensis/worker/CD388872b_P1.JPG,tail3,OK,,0,2.3567,2.3567,
a35ec32697fad922,CollecYvan22,/Volumes/EXT DATA/IDMB/images/Tancrede/collection/Bombus_wurflenii/drone/CollecYvan22_P1.JPG,tail3,OK,,0,1.7171,1.7171,
91a4e0e5796070bf,FR04ABOM220722055,/Volumes/EXT DATA/IDMB/images/Tancrede/collection/Bombus_ruderarius/drone/FR04ABOM220722055_P1.JPG,tail3,OK,,0,1.6260,1.6260,
93ce4fdef860b89a,OPPO.2021.03276,/Volumes/EXT DATA/IDMB/images/Tancrede/collection/Bombus_pratorum/worker/OPPO.2021.03276_P1.JPG,tail3,OK,,0,2.0559,2.0559,
,,/Volumes/EXT DATA/IDMB/images/Tancrede/collection/Bombus_pratorum/drone/N385_P1.JPG,,SKIPPED,no match in manifest.csv,,,,
e1934323185cdb24,CD388865,/Volumes/EXT DATA/IDMB/images/Tancrede/collection/Bombus_sichelii/worker/CD388865_P1.JPG,tail3,OK,,0,1.6356,1.6356,
f79b9dc0adf9526c,FR73ABOM140722033,/Volumes/EXT DATA/IDMB/images/Tancrede/collection/Bombus_monticola/drone/FR73ABOM140722033_P1.JPG,tail3,OK,,0,2.3681,2.3681,
f7a2d7d929e69e8c,FR15_ABOM180720048,/Volumes/EXT DATA/IDMB/images/Tancrede/collection/Bombus_wurflenii/drone/FR15_ABOM180720048_P1.JPG,tail3,OK,,0,1.5594,1.5594,
,,/Volumes/EXT DATA/IDMB/images/Tancrede/collection/Bombus_sylvarum/worker/OPPO 5923_P1.JPG,,SKIPPED,no match in manifest.csv,,,,
a45e48d88d2d5f59,POLLINIS4984,/Volumes/EXT DATA/IDMB/images/Tancrede/collection/Bombus_sylvarum/queen/POLLINIS4984_P1.JPG,tail3,OK,,0,2.3903,2.3903,
60c0780e8ead0697,FR73ABOM120722103,/Volumes/EXT DATA/IDMB/images/Tancrede/collection/Bombus_pyrenaeus/worker/FR73ABOM120722103_P1.JPG,tail3,OK,,0,2.2907,2.2907,
f49423e3b69fb70f,FR15_ABOM17082020015,/Volumes/EXT DATA/IDMB/images/Tancrede/collection/Bombus_sylvarum/drone/FR15_ABOM17082020015_P1.JPG,tail3,OK,,0,1.5760,1.5760,
c8e8d89ab1285ddd,CD388623b,/Volumes/EXT DATA/IDMB/images/Tancrede/collection/Bombus_monticola/worker/CD388623b_P1.JPG,tail3,OK,,0,2.4076,2.4076,
e2713617e753ff1c,FR04ABOM220722087,/Volumes/EXT DATA/IDMB/images/Tancrede/collection/Bombus_monticola/worker/FR04ABOM220722087_P1.JPG,tail3,OK,,0,2.1354,2.1354,
fa07f6933c7269dd,2020.03936,/Volumes/EXT DATA/IDMB/images/Tancrede/collection/Bombus_pyrenaeus/drone/2020.03936_P1.JPG,tail3,OK,,0,2.2483,2.2483,
8d95f88a5bf1ef86,FR73ABOM130722003,/Volumes/EXT DATA/IDMB/images/Tancrede/collection/Bombus_sichelii/drone/FR73ABOM130722003_P1.JPG,tail3,OK,,0,1.7674,1.7674,
3ede634152a79e0e,FR15ABOM210821048,/Volumes/EXT DATA/IDMB/images/Tancrede/collection/Bombus_pomorum/drone/FR15ABOM210821048_P1.JPG,tail3,OK,,0,1.5593,1.5593,
e7ec32856e212191,FR15_ABOM30072020036,/Volumes/EXT DATA/IDMB/images/Tancrede/collection/Bombus_sylvarum/drone/FR15_ABOM30072020036_P1.JPG,tail3,OK,,0,1.6475,1.6475,
4dca7e8b0e1d3936,FR73ABOM200722028,/Volumes/EXT DATA/IDMB/images/Tancrede/collection/Bombus_pyrenaeus/drone/FR73ABOM200722028_P1.JPG,tail3,OK,,0,2.2274,2.2274,
eef6cd510b8c8d04,2020.00377,/Volumes/EXT DATA/IDMB/images/Tancrede/collection/Bombus_ruderarius/worker/2020.00377_P1.JPG,tail3,OK,,0,1.5118,1.5118,
63ba1065ff892e90,ABAURA8607,/Volumes/EXT DATA/IDMB/images/Tancrede/collection/Bombus_pratorum/drone/ABAURA8607_P1.JPG,tail3,OK,,0,2.4217,2.4217,
353d342a37ca6594,ABAURA8207e,/Volumes/EXT DATA/IDMB/images/Tancrede/collection/Bombus_wurflenii/worker/ABAURA8207e_P1.JPG,tail3,OK,,0,1.6505,1.6505,
536d6ed69e2deb97,ABAURA8228b,/Volumes/EXT DATA/IDMB/images/Tancrede/collection/Bombus_pyrenaeus/worker/ABAURA8228b_P1.JPG,tail3,OK,,0,2.2869,2.2869,
0b09250a0a4254d6,ABAURA8205c,/Volumes/EXT DATA/IDMB/images/Tancrede/collection/Bombus_ruderarius/worker/ABAURA8205c_P1.JPG,tail3,OK,,0,1.7912,1.7912,
fd53472983aadf94,FR15ABOM200722062,/Volumes/EXT DATA/IDMB/images/Tancrede/collection/Bombus_wurflenii/drone/FR15ABOM200722062_P1.JPG,tail3,OK,,0,1.5357,1.5357,
acfb38156475ed28,POLLINIS4343,/Volumes/EXT DATA/IDMB/images/Tancrede/collection/Bombus_soroeensis/worker/POLLINIS4343_P1.JPG,tail3,OK,,0,2.0845,2.0845,
28182d510ab5b500,ABAURA8852,/Volumes/EXT DATA/IDMB/images/Tancrede/collection/Bombus_ruderarius/drone/ABAURA8852_P1.JPG,tail3,OK,,0,1.7437,1.7437,
6a9a972528903ec7,FR73ABOM140722009,/Volumes/EXT DATA/IDMB/images/Tancrede/collection/Bombus_monticola/worker/FR73ABOM140722009_P1.JPG,tail3,SKIPPED,detection.csv missing or status != OK for this image_id,,,,
d3c4024dfbc8614b,ABAURA4923,/Volumes/EXT DATA/IDMB/images/Tancrede/collection/Bombus_ruderarius/worker/ABAURA4923_P1.JPG,tail3,OK,,0,1.8863,1.8863,
8a73c15b67d769dd,FR04ABOM220722031,/Volumes/EXT DATA/IDMB/images/Tancrede/collection/Bombus_pyrenaeus/worker/FR04ABOM220722031_P1.JPG,tail3,OK,,0,2.3033,2.3033,
8cff49e32dde429d,CollecYvan21,/Volumes/EXT DATA/IDMB/images/Tancrede/collection/Bombus_wurflenii/drone/CollecYvan21_P1.JPG,tail3,OK,,0,1.7469,1.7469,
2dca572e0a593c6a,CD388821f,/Volumes/EXT DATA/IDMB/images/Tancrede/collection/Bombus_sichelii/worker/CD388821f_P1.JPG,tail3,OK,,0,1.9568,1.9568,
2f41a2a01bbb639d,FR15ABOM110721013,/Volumes/EXT DATA/IDMB/images/Tancrede/collection/Bombus_rupestris/queen/FR15ABOM110721013_P1.JPG,tail3,SKIPPED,detection.csv missing or status != OK for this image_id,,,,
4de537f3168bb0f2,Znieff_galibier,/Volumes/EXT DATA/IDMB/images/Tancrede/collection/Bombus_wurflenii/worker/Znieff_galibier_P1.JPG,tail3,OK,,0,1.5415,1.5415,
f71d5d01d852a320,ABAURA8672b,/Volumes/EXT DATA/IDMB/images/Tancrede/collection/Bombus_soroeensis/worker/ABAURA8672b_P1.JPG,tail3,OK,,0,2.4483,2.4483,
63b62392223dee89,ABAURA8885e,/Volumes/EXT DATA/IDMB/images/Tancrede/collection/Bombus_ruderarius/queen/ABAURA8885e_P1.JPG,tail3,OK,,0,2.1894,2.1894,
558ee31b272a3e7b,FR73ABOM130722004,/Volumes/EXT DATA/IDMB/images/Tancrede/collection/Bombus_pyrenaeus/worker/FR73ABOM130722004_P1.JPG,tail3,OK,,0,2.3432,2.3432,
b710721f6a29fdfc,FR73ABOM120722118,/Volumes/EXT DATA/IDMB/images/Tancrede/collection/Bombus_monticola/drone/FR73ABOM120722118_P1.JPG,tail3,OK,,0,2.3471,2.3471,
628b63ecf2322f0d,ABAURA4936,/Volumes/EXT DATA/IDMB/images/Tancrede/collection/Bombus_ruderarius/worker/ABAURA4936_P1.JPG,tail3,OK,,0,1.6388,1.6388,
efa6e0c1b3e3d432,D264520,/Volumes/EXT DATA/IDMB/images/Tancrede/collection/Bombus_pratorum/queen/D264520_P1.JPG,tail3,OK,,0,2.0801,2.0801,
c7dd3329937bb890,POLLINIS4981,/Volumes/EXT DATA/IDMB/images/Tancrede/collection/Bombus_soroeensis/queen/POLLINIS4981_P1.JPG,tail3,OK,,0,2.2502,2.2502,
73f2852198ce4133,FR73ABOM130722002,/Volumes/EXT DATA/IDMB/images/Tancrede/collection/Bombus_monticola/worker/FR73ABOM130722002_P1.JPG,tail3,OK,,0,2.3288,2.3288,
87bd63f43e4b42fb,FR73ABOM130722039,/Volumes/EXT DATA/IDMB/images/Tancrede/collection/Bombus_monticola/drone/FR73ABOM130722039_P1.JPG,tail3,SKIPPED,detection.csv missing or status != OK for this image_id,,,,
48a72034b3bf83d8,ABAURA7781b,/Volumes/EXT DATA/IDMB/images/Tancrede/collection/Bombus_wurflenii/drone/ABAURA7781b_P1.JPG,tail3,OK,,0,1.5718,1.5718,
b130dd393d290d83,FR73ABOM120722028,/Volumes/EXT DATA/IDMB/images/Tancrede/collection/Bombus_sichelii/drone/FR73ABOM120722028_P1.JPG,tail3,OK,,0,1.7465,1.7465,
1dc5338bdbaa67a2,FR15_STPONCY300921002,/Volumes/EXT DATA/IDMB/images/Tancrede/collection/Bombus_sylvarum/drone/FR15_STPONCY300921002_P1.JPG,tail3,OK,,0,1.6468,1.6468,
9ccef3cb3e237ce9,FR15ABOM210822013,/Volumes/EXT DATA/IDMB/images/Tancrede/collection/Bombus_pomorum/drone/FR15ABOM210822013_P1.JPG,tail3,OK,,0,1.6369,1.6369,
26d010743fc04896,2017.06254,/Volumes/EXT DATA/IDMB/images/Tancrede/collection/Bombus_sylvarum/worker/2017.06254_P1.JPG,tail3,OK,,0,1.2309,1.2309,
3e7a1f18efa5b7f5,FR15ABOM210821014,/Volumes/EXT DATA/IDMB/images/Tancrede/collection/Bombus_pomorum/drone/FR15ABOM210821014_P1.JPG,tail3,OK,,0,1.6982,1.6982,
4a624820aa05cb0e,FR04ABOM220722051,/Volumes/EXT DATA/IDMB/images/Tancrede/collection/Bombus_ruderarius/drone/FR04ABOM220722051_P1.JPG,tail3,OK,,0,1.6225,1.6225,
02f4b620e0055337,NoName1,/Volumes/EXT DATA/IDMB/images/Tancrede/collection/Bombus_pratorum/queen/NoName1_P1.JPG,tail3,OK,,0,2.2237,2.2237,
92be102a07532438,2020.04013,/Volumes/EXT DATA/IDMB/images/Tancrede/collection/Bombus_sylvarum/worker/2020.04013_P1.JPG,tail3,OK,,0,1.7784,1.7784,
b99150fc19c8ee25,FR73ABOM140722001,/Volumes/EXT DATA/IDMB/images/Tancrede/collection/Bombus_monticola/drone/FR73ABOM140722001_P1.JPG,tail3,OK,,0,2.2447,2.2447,
76910c01f9865c01,CD388612,/Volumes/EXT DATA/IDMB/images/Tancrede/collection/Bombus_soroeensis/worker/CD388612_P1.JPG,tail3,OK,,0,2.3107,2.3107,
8ac42ce0aa2a2376,2020.00449,/Volumes/EXT DATA/IDMB/images/Tancrede/collection/Bombus_soroeensis/worker/2020.00449_P1.JPG,tail3,OK,,0,2.5319,2.5319,
283aeea6c54e375c,ABB-2020.00038,/Volumes/EXT DATA/IDMB/images/Tancrede/collection/Bombus_ruderarius/worker/ABB-2020.00038_P1.JPG,tail3,OK,,0,1.4415,1.4415,
91e68499d152516a,CD388018b,/Volumes/EXT DATA/IDMB/images/Tancrede/collection/Bombus_ruderarius/drone/CD388018b_P1.JPG,tail3,OK,,0,1.4953,1.4953,
2aa0edf2f211988d,FR73ABOM200722037,/Volumes/EXT DATA/IDMB/images/Tancrede/collection/Bombus_pyrenaeus/worker/FR73ABOM200722037_P1.JPG,tail3,OK,,0,2.3920,2.3920,
3a55acd0ca64b41d,FR15ABOM200821010,/Volumes/EXT DATA/IDMB/images/Tancrede/collection/Bombus_pomorum/drone/FR15ABOM200821010_P1.JPG,tail3,OK,,0,1.5130,1.5130,
b560a956ac7a102f,CD388821b,/Volumes/EXT DATA/IDMB/images/Tancrede/collection/Bombus_pyrenaeus/drone/CD388821b_P1.JPG,tail3,OK,,0,2.2931,2.2931,
7d6c45fe5a9086e8,CD388821e,/Volumes/EXT DATA/IDMB/images/Tancrede/collection/Bombus_sichelii/worker/CD388821e_P1.JPG,tail3,OK,,0,1.8589,1.8589,
b7c916b211762deb,VAN-2019.00814,/Volumes/EXT DATA/IDMB/images/Tancrede/collection/Bombus_rupestris/drone/VAN-2019.00814_P1.JPG,tail3,OK,,0,1.3523,1.3523,
31dd9fc5fdcd7128,FR73ABOM200722031,/Volumes/EXT DATA/IDMB/images/Tancrede/collection/Bombus_sichelii/drone/FR73ABOM200722031_P1.JPG,tail3,OK,,0,1.7013,1.7013,
6aaa45108cab0dfd,2013.0265,/Volumes/EXT DATA/IDMB/images/Tancrede/collection/Bombus_pratorum/drone/2013.0265_P1.JPG,tail3,OK,,0,1.9809,1.9809,
6d57c23e25ab7f92,FR15ABOM210822016,/Volumes/EXT DATA/IDMB/images/Tancrede/collection/Bombus_pomorum/drone/FR15ABOM210822016_P1.JPG,tail3,OK,,0,1.6948,1.6948,
2e5878d7050efbbd,ABAURA5633,/Volumes/EXT DATA/IDMB/images/Tancrede/collection/Bombus_soroeensis/drone/ABAURA5633_P1.JPG,tail3,OK,,0,2.1902,2.1902,
7838b6a4732eb3e2,ABAURA8207,/Volumes/EXT DATA/IDMB/images/Tancrede/collection/Bombus_sichelii/worker/ABAURA8207_P1.JPG,tail3,OK,,0,1.7512,1.7512,
01112f76540776fe,FR15_ABOM30072020048,/Volumes/EXT DATA/IDMB/images/Tancrede/collection/Bombus_pomorum/worker/FR15_ABOM30072020048_P1.JPG,tail3,OK,,0,1.7356,1.7356,
4273e666ca3bf267,OPIE_Lapi_130720,/Volumes/EXT DATA/IDMB/images/Tancrede/collection/Bombus_lapidarius/worker/OPIE_Lapi_130720_P1.JPG,tail3,OK,,0,2.3217,2.3217,
52735e3994958c4e,FR15_ABOM30072020042,/Volumes/EXT DATA/IDMB/images/Tancrede/collection/Bombus_sylvarum/drone/FR15_ABOM30072020042_P1.JPG,tail3,OK,,0,1.5441,1.5441,
55cf1520eb4cb961,VAN-2019.00783,/Volumes/EXT DATA/IDMB/images/Tancrede/collection/Bombus_rupestris/drone/VAN-2019.00783_P1.JPG,tail3,OK,,0,1.3425,1.3425,
e4c6a8c0abcf868a,ABAURA4928,/Volumes/EXT DATA/IDMB/images/Tancrede/collection/Bombus_ruderarius/worker/ABAURA4928_P1.JPG,tail3,OK,,0,1.6452,1.6452,
294b6fda2aed57c6,FR05ABOM220722027,/Volumes/EXT DATA/IDMB/images/Tancrede/collection/Bombus_sichelii/drone/FR05ABOM220722027_P1.JPG,tail3,SKIPPED,detection.csv missing or status != OK for this image_id,,,,
caacec2b5e1f824c,FR15ABOM170821030b,/Volumes/EXT DATA/IDMB/images/Tancrede/collection/Bombus_pomorum/drone/FR15ABOM170821030b_P1.JPG,tail3,OK,,0,1.6113,1.6113,
e3fcf24e798a755f,CD388872c,/Volumes/EXT DATA/IDMB/images/Tancrede/collection/Bombus_soroeensis/queen/CD388872c_P1.JPG,tail3,OK,,0,2.3106,2.3106,
c779f73a0c9a877f,2019.01788,/Volumes/EXT DATA/IDMB/images/Tancrede/collection/Bombus_pratorum/queen/2019.01788_P1.JPG,tail3,OK,,0,2.1749,2.1749,
3744f34047a49633,CD388408,/Volumes/EXT DATA/IDMB/images/Tancrede/collection/Bombus_monticola/worker/CD388408_P1.JPG,tail3,OK,,0,2.2676,2.2676,
244aec13fa61a948,15L2021-1757,/Volumes/EXT DATA/IDMB/images/Tancrede/collection/Bombus_rupestris/drone/15L2021-1757_P1.JPG,tail3,OK,,0,1.4288,1.4288,
66043f2ba4462098,ABAURA8625,/Volumes/EXT DATA/IDMB/images/Tancrede/collection/Bombus_soroeensis/queen/ABAURA8625_P1.JPG,tail3,OK,,0,2.2230,2.2230,
54cb7a4705e9a9d3,CollecYvan23,/Volumes/EXT DATA/IDMB/images/Tancrede/collection/Bombus_wurflenii/drone/CollecYvan23_P1.JPG,tail3,OK,,0,1.8110,1.8110,
dcbd2af986d811c3,FR73ABOM200722019,/Volumes/EXT DATA/IDMB/images/Tancrede/collection/Bombus_pyrenaeus/drone/FR73ABOM200722019_P1.JPG,tail3,OK,,0,2.1892,2.1892,
7e2dafde6c4633a9,ABAURA7150,/Volumes/EXT DATA/IDMB/images/Tancrede/collection/Bombus_ruderarius/queen/ABAURA7150_P1.JPG,tail3,OK,,0,2.1578,2.1578,
7d348d8b3de71a53,FR15ABOM100721030,/Volumes/EXT DATA/IDMB/images/Tancrede/collection/Bombus_rupestris/queen/FR15ABOM100721030_P1.JPG,tail3,SKIPPED,detection.csv missing or status != OK for this image_id,,,,
cc147045d33008c7,OPIE_Lapi_220620,/Volumes/EXT DATA/IDMB/images/Tancrede/collection/Bombus_lapidarius/worker/OPIE_Lapi_220620_P1.JPG,tail3,OK,,0,2.2586,2.2586,
,,/Volumes/EXT DATA/IDMB/images/Tancrede/collection/Bombus_sichelii/worker/ATBI GR5b_P1.JPG,,SKIPPED,no match in manifest.csv,,,,
8a2ce48e30747fb0,CD388018e,/Volumes/EXT DATA/IDMB/images/Tancrede/collection/Bombus_wurflenii/worker/CD388018e_P1.JPG,tail3,OK,,0,1.7339,1.7339,
f014d67d4bfc062c,15L2021-1420,/Volumes/EXT DATA/IDMB/images/Tancrede/collection/Bombus_rupestris/drone/15L2021-1420_P1.JPG,tail3,OK,,0,1.4584,1.4584,
6a868e801ff05e25,FR15ABOM200821004,/Volumes/EXT DATA/IDMB/images/Tancrede/collection/Bombus_pomorum/worker/FR15ABOM200821004_P1.JPG,tail3,OK,,0,1.6753,1.6753,
b90118c8d0d78a89,ABB.2017.20260,/Volumes/EXT DATA/IDMB/images/Tancrede/collection/Bombus_pratorum/worker/ABB.2017.20260_P1.JPG,tail3,OK,,0,2.3402,2.3402,
d805cf44794c655d,15L2021-1748,/Volumes/EXT DATA/IDMB/images/Tancrede/collection/Bombus_pomorum/drone/15L2021-1748_P1.JPG,tail3,OK,,0,1.4279,1.4279,
79834c1fd58c6195,FR73ABOM120722042,/Volumes/EXT DATA/IDMB/images/Tancrede/collection/Bombus_pyrenaeus/worker/FR73ABOM120722042_P1.JPG,tail3,OK,,0,2.2480,2.2480,
7c0b26d46cf2c2df,POLLINIS4402,/Volumes/EXT DATA/IDMB/images/Tancrede/collection/Bombus_ruderarius/worker/POLLINIS4402_P1.JPG,tail3,OK,,0,1.5933,1.5933,
208c787ce97a2e8e,FR73ABOM200722039,/Volumes/EXT DATA/IDMB/images/Tancrede/collection/Bombus_pyrenaeus/worker/FR73ABOM200722039_P1.JPG,tail3,OK,,0,2.4158,2.4158,
5c5d29261cb80ef2,ABB-2020.00106,/Volumes/EXT DATA/IDMB/images/Tancrede/collection/Bombus_sylvarum/worker/ABB-2020.00106_P1.JPG,tail3,OK,,0,1.6566,1.6566,
6cb9207e841f5b18,FR73ABOM200722040,/Volumes/EXT DATA/IDMB/images/Tancrede/collection/Bombus_pyrenaeus/worker/FR73ABOM200722040_P1.JPG,tail3,OK,,0,2.2231,2.2231,
faf92d51bc45aa66,FR05ABOM220722026,/Volumes/EXT DATA/IDMB/images/Tancrede/collection/Bombus_sichelii/drone/FR05ABOM220722026_P1.JPG,tail3,OK,,0,1.6342,1.6342,
e0debb93e4cf45e1,CD388013,/Volumes/EXT DATA/IDMB/images/Tancrede/collection/Bombus_wurflenii/worker/CD388013_P1.JPG,tail3,OK,,0,1.9134,1.9134,
5883b783eb4138aa,ABAURA7781,/Volumes/EXT DATA/IDMB/images/Tancrede/collection/Bombus_wurflenii/drone/ABAURA7781_P1.JPG,tail3,OK,,0,1.6342,1.6342,
,,/Volumes/EXT DATA/IDMB/images/Tancrede/collection/Bombus_pratorum/drone/N384_P1.JPG,,SKIPPED,no match in manifest.csv,,,,
e4aeabc3df05d056,FR73ABOM200722032,/Volumes/EXT DATA/IDMB/images/Tancrede/collection/Bombus_monticola/worker/FR73ABOM200722032_P1.JPG,tail3,OK,,0,2.2450,2.2450,
09ce294326def09d,2020.06207,/Volumes/EXT DATA/IDMB/images/Tancrede/collection/Bombus_soroeensis/drone/2020.06207_P1.JPG,tail3,OK,,0,2.3109,2.3109,
cdfeb9e2e54a86df,CollecYvan6,/Volumes/EXT DATA/IDMB/images/Tancrede/collection/Bombus_sichelii/drone/CollecYvan6_P1.JPG,tail3,SUSPECT,1 landmark(s) outside the 512x256 crop,1,2.0552,2.0552,
f2a890e281362877,FR15_ABOM25082020008,/Volumes/EXT DATA/IDMB/images/Tancrede/collection/Bombus_sylvarum/drone/FR15_ABOM25082020008_P1.JPG,tail3,OK,,0,1.6611,1.6611,
1952402d502178fd,ABAURA4923b,/Volumes/EXT DATA/IDMB/images/Tancrede/collection/Bombus_ruderarius/worker/ABAURA4923b_P1.JPG,tail3,OK,,0,1.5875,1.5875,
a294cdb523c5306e,CD387804,/Volumes/EXT DATA/IDMB/images/Tancrede/collection/Bombus_monticola/drone/CD387804_P1.JPG,tail3,OK,,0,2.1583,2.1583,
8dbd7116cc8ad99c,CD387766,/Volumes/EXT DATA/IDMB/images/Tancrede/collection/Bombus_sylvarum/worker/CD387766_P1.JPG,tail3,OK,,0,1.3721,1.3721,
05a2613b9eee4a24,OPIE_Lapi_240620b,/Volumes/EXT DATA/IDMB/images/Tancrede/collection/Bombus_lapidarius/worker/OPIE_Lapi_240620b_P1.JPG,tail3,OK,,0,2.3084,2.3084,
19417d46fe7c1f61,FR15ABOM210821174,/Volumes/EXT DATA/IDMB/images/Tancrede/collection/Bombus_sylvarum/drone/FR15ABOM210821174_P1.JPG,tail3,OK,,0,1.5559,1.5559,
517420fa914449a3,CD388018d,/Volumes/EXT DATA/IDMB/images/Tancrede/collection/Bombus_wurflenii/worker/CD388018d_P1.JPG,tail3,OK,,0,1.4393,1.4393,
9fb132eb77f9c9ef,VAN-2019.00788,/Volumes/EXT DATA/IDMB/images/Tancrede/collection/Bombus_rupestris/drone/VAN-2019.00788_P1.JPG,tail3,OK,,0,1.6584,1.6584,
c3e3f56fb2404de3,2019.02175,/Volumes/EXT DATA/IDMB/images/Tancrede/collection/Bombus_pratorum/drone/2019.02175_P1.JPG,tail3,OK,,0,2.2004,2.2004,
a8b1c03b2d23f625,CD388391b,/Volumes/EXT DATA/IDMB/images/Tancrede/collection/Bombus_wurflenii/worker/CD388391b_P1.JPG,tail3,OK,,0,1.4089,1.4089,
4daed64d93a4baec,FR15_ABOM180720047,/Volumes/EXT DATA/IDMB/images/Tancrede/collection/Bombus_wurflenii/drone/FR15_ABOM180720047_P1.JPG,tail3,OK,,0,1.4877,1.4877,
32b742f8affbc063,FR15ABOM120621015,/Volumes/EXT DATA/IDMB/images/Tancrede/collection/Bombus_rupestris/queen/FR15ABOM120621015_P1.JPG,tail3,SKIPPED,detection.csv missing or status != OK for this image_id,,,,
bcaf28b64cda40ca,FR73ABOM140722015,/Volumes/EXT DATA/IDMB/images/Tancrede/collection/Bombus_monticola/drone/FR73ABOM140722015_P1.JPG,tail3,OK,,0,2.2270,2.2270,
,,/Volumes/EXT DATA/IDMB/images/Tancrede/collection/Bombus_pratorum/worker/N205_P1.JPG,,SKIPPED,no match in manifest.csv,,,,
c76d46e4f0642cb8,FR73ABOM120722070,/Volumes/EXT DATA/IDMB/images/Tancrede/collection/Bombus_monticola/drone/FR73ABOM120722070_P1.JPG,tail3,OK,,0,2.3020,2.3020,
8de06932b0ba830e,ABAURA8206,/Volumes/EXT DATA/IDMB/images/Tancrede/collection/Bombus_pyrenaeus/worker/ABAURA8206_P1.JPG,tail3,OK,,0,2.4446,2.4446,
800d6a969fe9e6b3,ABAURA8239c,/Volumes/EXT DATA/IDMB/images/Tancrede/collection/Bombus_soroeensis/worker/ABAURA8239c_P1.JPG,tail3,OK,,0,2.3336,2.3336,
9637708313925f73,CollecYvan3,/Volumes/EXT DATA/IDMB/images/Tancrede/collection/Bombus_sichelii/drone/CollecYvan3_P1.JPG,tail3,OK,,0,1.8623,1.8623,
59eda39c93aa6047,FR15ABOM170821009,/Volumes/EXT DATA/IDMB/images/Tancrede/collection/Bombus_sylvarum/drone/FR15ABOM170821009_P1.JPG,tail3,OK,,0,1.8394,1.8394,
,,/Volumes/EXT DATA/IDMB/images/Tancrede/collection/Bombus_pratorum/worker/N407_P1.JPG,,SKIPPED,no match in manifest.csv,,,,
9a3cd449b2aa6b8c,CEN187839,/Volumes/EXT DATA/IDMB/images/Tancrede/collection/Bombus_pratorum/worker/CEN187839_P1.JPG,tail3,OK,,0,2.0736,2.0736,
b24667201bec2f38,NoName14,/Volumes/EXT DATA/IDMB/images/Tancrede/collection/Bombus_pomorum/drone/NoName14_P1.JPG,tail3,OK,,0,1.4126,1.4126,
d69fbca8a4424895,CD387577,/Volumes/EXT DATA/IDMB/images/Tancrede/collection/Bombus_soroeensis/worker/CD387577_P1.JPG,tail3,OK,,0,1.7930,1.7930,
904d5ba12b20a98c,FR73ABOM130722064,/Volumes/EXT DATA/IDMB/images/Tancrede/collection/Bombus_pyrenaeus/drone/FR73ABOM130722064_P1.JPG,tail3,OK,,0,2.3766,2.3766,
f6736c92ae4db2eb,2020.00254,/Volumes/EXT DATA/IDMB/images/Tancrede/collection/Bombus_pyrenaeus/drone/2020.00254_P1.JPG,tail3,OK,,0,2.2604,2.2604,
3f8be6548c4dc338,FR73ABOM120722090,/Volumes/EXT DATA/IDMB/images/Tancrede/collection/Bombus_monticola/worker/FR73ABOM120722090_P1.JPG,tail3,OK,,0,2.2972,2.2972,
25201a740fad0728,CollecYvan1,/Volumes/EXT DATA/IDMB/images/Tancrede/collection/Bombus_sichelii/drone/CollecYvan1_P1.JPG,tail3,SKIPPED,detection.csv missing or status != OK for this image_id,,,,
fbd27118d5743c1d,CD388862b,/Volumes/EXT DATA/IDMB/images/Tancrede/collection/Bombus_sylvarum/worker/CD388862b_P1.JPG,tail3,OK,,0,1.9101,1.9101,
82ab8e2cfe849b67,D264520b,/Volumes/EXT DATA/IDMB/images/Tancrede/collection/Bombus_soroeensis/queen/D264520b_P1.JPG,tail3,OK,,0,2.0260,2.0260,
53d810b45feef262,FR05ABOM220722025,/Volumes/EXT DATA/IDMB/images/Tancrede/collection/Bombus_ruderarius/drone/FR05ABOM220722025_P1.JPG,tail3,OK,,0,1.3081,1.3081,
e422a5af4a9433e7,ABAURA8606,/Volumes/EXT DATA/IDMB/images/Tancrede/collection/Bombus_ruderarius/worker/ABAURA8606_P1.JPG,tail3,OK,,0,1.7052,1.7052,
f9232b36fc8d652c,FR15_ABOM180720046,/Volumes/EXT DATA/IDMB/images/Tancrede/collection/Bombus_wurflenii/drone/FR15_ABOM180720046_P1.JPG,tail3,OK,,0,1.6646,1.6646,
2ff9f7d5c0e5c16f,ABAURA5593,/Volumes/EXT DATA/IDMB/images/Tancrede/collection/Bombus_sylvarum/worker/ABAURA5593_P1.JPG,tail3,OK,,0,1.6546,1.6546,
f2648477f9bd4546,FR15ABOM210821115,/Volumes/EXT DATA/IDMB/images/Tancrede/collection/Bombus_pomorum/drone/FR15ABOM210821115_P1.JPG,tail3,OK,,0,1.6936,1.6936,
2f8bb29cbfee6b73,2019.02167,/Volumes/EXT DATA/IDMB/images/Tancrede/collection/Bombus_pratorum/worker/2019.02167_P1.JPG,tail3,OK,,0,2.3135,2.3135,
a1e1027021f1fb25,CD388145b,/Volumes/EXT DATA/IDMB/images/Tancrede/collection/Bombus_soroeensis/drone/CD388145b_P1.JPG,tail3,OK,,0,2.6153,2.6153,
675b6a47aed2897b,FR15ABOM100721032,/Volumes/EXT DATA/IDMB/images/Tancrede/collection/Bombus_rupestris/queen/FR15ABOM100721032_P1.JPG,tail3,SKIPPED,detection.csv missing or status != OK for this image_id,,,,
0ba5f9efaa93e2f6,NoName5,/Volumes/EXT DATA/IDMB/images/Tancrede/collection/Bombus_sylvarum/worker/NoName5_P1.JPG,tail3,OK,,0,1.7402,1.7402,
674897b94f549ae1,FR04ABOM220722001,/Volumes/EXT DATA/IDMB/images/Tancrede/collection/Bombus_sichelii/queen/FR04ABOM220722001_P1.JPG,tail3,OK,,0,2.1761,2.1761,
db1f80094f64bd7e,FR73ABOM130722041,/Volumes/EXT DATA/IDMB/images/Tancrede/collection/Bombus_sichelii/drone/FR73ABOM130722041_P1.JPG,tail3,SKIPPED,detection.csv missing or status != OK for this image_id,,,,
d8418e14e848a942,NoName4,/Volumes/EXT DATA/IDMB/images/Tancrede/collection/Bombus_sylvarum/worker/NoName4_P1.JPG,tail3,OK,,0,1.2474,1.2474,
689c6f66deb0151b,CD388146,/Volumes/EXT DATA/IDMB/images/Tancrede/collection/Bombus_sylvarum/worker/CD388146_P1.JPG,tail3,OK,,0,1.7861,1.7861,
4ba1b5a5ecf4a952,FR15ABOM200821233,/Volumes/EXT DATA/IDMB/images/Tancrede/collection/Bombus_pomorum/worker/FR15ABOM200821233_P1.JPG,tail3,SKIPPED,detection.csv missing or status != OK for this image_id,,,,
8f37391f40669853,FR15ABOM200722063,/Volumes/EXT DATA/IDMB/images/Tancrede/collection/Bombus_wurflenii/drone/FR15ABOM200722063_P1.JPG,tail3,SUSPECT,1 landmark(s) outside the 512x256 crop,1,1.7373,1.7373,
3e79cf597c306813,FR15_ABOM30072020071,/Volumes/EXT DATA/IDMB/images/Tancrede/collection/Bombus_pomorum/worker/FR15_ABOM30072020071_P1.JPG,tail3,OK,,0,1.4784,1.4784,
d9bcdec4ade0d4e5,ABAURA8238e,/Volumes/EXT DATA/IDMB/images/Tancrede/collection/Bombus_sichelii/worker/ABAURA8238e_P1.JPG,tail3,OK,,0,1.9090,1.9090,
9862b7d851abcc80,FR73ABOM200722041,/Volumes/EXT DATA/IDMB/images/Tancrede/collection/Bombus_pyrenaeus/worker/FR73ABOM200722041_P1.JPG,tail3,SKIPPED,detection.csv missing or status != OK for this image_id,,,,
7a9a2df58f3d2bd1,RuppSupp1,/Volumes/EXT DATA/IDMB/images/Tancrede/collection/Bombus_rupestris/queen/RuppSupp1_P1.JPG,tail3,SUSPECT,1 landmark(s) outside the 512x256 crop,1,1.4370,1.4370,
91c5e803fafc7ba3,CD388018,/Volumes/EXT DATA/IDMB/images/Tancrede/collection/Bombus_ruderarius/drone/CD388018_P1.JPG,tail3,OK,,0,1.7320,1.7320,
874ba9b484d35df6,FR15ABOM150720008,/Volumes/EXT DATA/IDMB/images/Tancrede/collection/Bombus_pomorum/drone/FR15ABOM150720008_P1.JPG,tail3,OK,,0,1.4123,1.4123,
907f132c71e868cd,2020.00339,/Volumes/EXT DATA/IDMB/images/Tancrede/collection/Bombus_soroeensis/worker/2020.00339_P1.JPG,tail3,OK,,0,2.3724,2.3724,
0239f9c1aa5ef757,CollecYvan20,/Volumes/EXT DATA/IDMB/images/Tancrede/collection/Bombus_wurflenii/drone/CollecYvan20_P1.JPG,tail3,OK,,0,1.7928,1.7928,
7c0cca821f46d365,ABAURA8747,/Volumes/EXT DATA/IDMB/images/Tancrede/collection/Bombus_pratorum/drone/ABAURA8747_P1.JPG,tail3,OK,,0,2.2838,2.2838,
0979c46a18b5d095,15G2021-1200,/Volumes/EXT DATA/IDMB/images/Tancrede/collection/Bombus_sylvarum/drone/15G2021-1200_P1.JPG,tail3,OK,,0,1.5370,1.5370,
dc6f892561b19ad1,FR15ABOM210821043,/Volumes/EXT DATA/IDMB/images/Tancrede/collection/Bombus_pomorum/worker/FR15ABOM210821043_P1.JPG,tail3,OK,,0,1.6261,1.6261,
537d713195ee6005,ABAURA8233,/Volumes/EXT DATA/IDMB/images/Tancrede/collection/Bombus_pratorum/drone/ABAURA8233_P1.JPG,tail3,OK,,0,2.3642,2.3642,
b82e5243b358907f,CollecYvan15,/Volumes/EXT DATA/IDMB/images/Tancrede/collection/Bombus_monticola/worker/CollecYvan15_P1.JPG,tail3,OK,,0,2.1490,2.1490,
e0569afa30972419,FR73ABOM140722031,/Volumes/EXT DATA/IDMB/images/Tancrede/collection/Bombus_monticola/drone/FR73ABOM140722031_P1.JPG,tail3,OK,,0,2.2973,2.2973,
e95c8c5e6432df60,CD387759,/Volumes/EXT DATA/IDMB/images/Tancrede/collection/Bombus_soroeensis/drone/CD387759_P1.JPG,tail3,OK,,0,2.4757,2.4757,
81b5edfb69b7813c,ABAURA8239b,/Volumes/EXT DATA/IDMB/images/Tancrede/collection/Bombus_pratorum/worker/ABAURA8239b_P1.JPG,tail3,OK,,0,2.2734,2.2734,
863ba578bb4b7559,ABAURA8595,/Volumes/EXT DATA/IDMB/images/Tancrede/collection/Bombus_ruderarius/drone/ABAURA8595_P1.JPG,tail3,OK,,0,1.9136,1.9136,
6b145a707d3bfe93,FR73ABOM130722046,/Volumes/EXT DATA/IDMB/images/Tancrede/collection/Bombus_pyrenaeus/worker/FR73ABOM130722046_P1.JPG,tail3,OK,,0,2.2763,2.2763,
c60d4fea4085360d,ABAURA8150d,/Volumes/EXT DATA/IDMB/images/Tancrede/collection/Bombus_wurflenii/worker/ABAURA8150d_P1.JPG,tail3,SUSPECT,19 landmark(s) outside the 512x256 crop,19,2.1746,2.1746,
1c63a82dfbcff7db,15G2021-1826,/Volumes/EXT DATA/IDMB/images/Tancrede/collection/Bombus_sylvarum/worker/15G2021-1826_P1.JPG,tail3,OK,,0,1.6306,1.6306,
8a79751e14ce5216,FR15ABOM200722026,/Volumes/EXT DATA/IDMB/images/Tancrede/collection/Bombus_wurflenii/drone/FR15ABOM200722026_P1.JPG,tail3,SUSPECT,1 landmark(s) outside the 512x256 crop,1,1.7914,1.7914,
0c20ae7846435f1d,ABAURA8228,/Volumes/EXT DATA/IDMB/images/Tancrede/collection/Bombus_pratorum/worker/ABAURA8228_P1.JPG,tail3,OK,,0,2.2406,2.2406,
c0221eacb81f6817,CD388016,/Volumes/EXT DATA/IDMB/images/Tancrede/collection/Bombus_sichelii/drone/CD388016_P1.JPG,tail3,OK,,0,1.6844,1.6844,
ed6461b9013e8cf2,ABAURA8885b,/Volumes/EXT DATA/IDMB/images/Tancrede/collection/Bombus_ruderarius/drone/ABAURA8885b_P1.JPG,tail3,SUSPECT,19 landmark(s) outside the 512x256 crop,19,1.5169,1.5169,
dc0ee6feaed26109,FR15ABOM200722064,/Volumes/EXT DATA/IDMB/images/Tancrede/collection/Bombus_wurflenii/drone/FR15ABOM200722064_P1.JPG,tail3,OK,,0,1.3273,1.3273,
6ab1330ba20e66b4,FR73ABOM130722018,/Volumes/EXT DATA/IDMB/images/Tancrede/collection/Bombus_pyrenaeus/drone/FR73ABOM130722018_P1.JPG,tail3,OK,,0,2.2601,2.2601,
a0dd42d49d9cb6a1,15L2021-1732,/Volumes/EXT DATA/IDMB/images/Tancrede/collection/Bombus_soroeensis/drone/15L2021-1732_P1.JPG,tail3,OK,,0,2.2340,2.2340,
540610eee495f2c1,FR15ABOM200821035,/Volumes/EXT DATA/IDMB/images/Tancrede/collection/Bombus_pomorum/worker/FR15ABOM200821035_P1.JPG,tail3,OK,,0,1.5366,1.5366,
cef5edace93bae09,FR73ABOM130722021,/Volumes/EXT DATA/IDMB/images/Tancrede/collection/Bombus_pyrenaeus/drone/FR73ABOM130722021_P1.JPG,tail3,OK,,0,2.2803,2.2803,
5de0f3004172d34d,FR73ABOM130722029,/Volumes/EXT DATA/IDMB/images/Tancrede/collection/Bombus_sichelii/drone/FR73ABOM130722029_P1.JPG,tail3,OK,,0,1.5869,1.5869,
668983b69ae7a068,CollecYvan18,/Volumes/EXT DATA/IDMB/images/Tancrede/collection/Bombus_monticola/worker/CollecYvan18_P1.JPG,tail3,OK,,0,2.4024,2.4024,
eb13202b92322f44,FR15ABOM170821074,/Volumes/EXT DATA/IDMB/images/Tancrede/collection/Bombus_pomorum/worker/FR15ABOM170821074_P1.JPG,tail3,OK,,0,1.6233,1.6233,
dca6bd0c8b51afe1,CollecYvan19,/Volumes/EXT DATA/IDMB/images/Tancrede/collection/Bombus_wurflenii/drone/CollecYvan19_P1.JPG,tail3,OK,,0,1.5065,1.5065,
d11214094c9caa9d,CD388623d,/Volumes/EXT DATA/IDMB/images/Tancrede/collection/Bombus_monticola/worker/CD388623d_P1.JPG,tail3,OK,,0,2.2680,2.2680,
c5c1095e92123444,FR73ABOM130722030,/Volumes/EXT DATA/IDMB/images/Tancrede/collection/Bombus_pyrenaeus/drone/FR73ABOM130722030_P1.JPG,tail3,OK,,0,2.2961,2.2961,
5ef0019c64766344,ABAURA8240,/Volumes/EXT DATA/IDMB/images/Tancrede/collection/Bombus_pratorum/worker/ABAURA8240_P1.JPG,tail3,OK,,0,2.5018,2.5018,
f1876888588ecd6a,FR15ABOM200722066,/Volumes/EXT DATA/IDMB/images/Tancrede/collection/Bombus_wurflenii/drone/FR15ABOM200722066_P1.JPG,tail3,OK,,0,1.4913,1.4913,
63a2028a495167de,CD388235b,/Volumes/EXT DATA/IDMB/images/Tancrede/collection/Bombus_soroeensis/worker/CD388235b_P1.JPG,tail3,OK,,0,2.3061,2.3061,
9f5c9757a92232a4,CollecYvan2,/Volumes/EXT DATA/IDMB/images/Tancrede/collection/Bombus_sichelii/drone/CollecYvan2_P1.JPG,tail3,OK,,0,1.5888,1.5888,
9ad1d7ba63873922,NoName2,/Volumes/EXT DATA/IDMB/images/Tancrede/collection/Bombus_sylvarum/queen/NoName2_P1.JPG,tail3,OK,,0,2.1827,2.1827,
4db68a96f9af6034,ABAURA8239d,/Volumes/EXT DATA/IDMB/images/Tancrede/collection/Bombus_wurflenii/worker/ABAURA8239d_P1.JPG,tail3,OK,,0,1.4947,1.4947,
568dd869160c4c36,FR73ABOM130722063,/Volumes/EXT DATA/IDMB/images/Tancrede/collection/Bombus_pyrenaeus/drone/FR73ABOM130722063_P1.JPG,tail3,OK,,0,2.3066,2.3066,
a010146e8b402041,FR15ABOM200821202,/Volumes/EXT DATA/IDMB/images/Tancrede/collection/Bombus_pomorum/worker/FR15ABOM200821202_P1.JPG,tail3,OK,,0,1.3295,1.3295,
53408197639aeb6d,2020.00471,/Volumes/EXT DATA/IDMB/images/Tancrede/collection/Bombus_rupestris/drone/2020.00471_P1.JPG,tail3,OK,,0,1.5320,1.5320,
0ab7aace9a08d7f1,FR73ABOM130722065,/Volumes/EXT DATA/IDMB/images/Tancrede/collection/Bombus_pyrenaeus/drone/FR73ABOM130722065_P1.JPG,tail3,OK,,0,2.3591,2.3591,
0087d08026e683ee,CD388623,/Volumes/EXT DATA/IDMB/images/Tancrede/collection/Bombus_monticola/drone/CD388623_P1.JPG,tail3,OK,,0,2.3143,2.3143,
a6d25d01ba12a9a6,FR15ABOM170821123,/Volumes/EXT DATA/IDMB/images/Tancrede/collection/Bombus_pomorum/worker/FR15ABOM170821123_P1.JPG,tail3,OK,,0,1.6573,1.6573,
d2b81ddf68d8c1ae,ABAURA8885c,/Volumes/EXT DATA/IDMB/images/Tancrede/collection/Bombus_ruderarius/drone/ABAURA8885c_P1.JPG,tail3,OK,,0,1.9479,1.9479,
4d6e0692e097a8a0,ABAURA7548,/Volumes/EXT DATA/IDMB/images/Tancrede/collection/Bombus_pratorum/worker/ABAURA7548_P1.JPG,tail3,OK,,0,2.1579,2.1579,
ee197cdadbd4e695,ABAURA8885f,/Volumes/EXT DATA/IDMB/images/Tancrede/collection/Bombus_ruderarius/queen/ABAURA8885f_P1.JPG,tail3,OK,,0,2.2112,2.2112,
42f7f643833e4847,CD388872,/Volumes/EXT DATA/IDMB/images/Tancrede/collection/Bombus_soroeensis/worker/CD388872_P1.JPG,tail3,OK,,0,1.7642,1.7642,
1a935472ffed59a5,OPIE_Lapi_230620,/Volumes/EXT DATA/IDMB/images/Tancrede/collection/Bombus_lapidarius/worker/OPIE_Lapi_230620_P1.JPG,tail3,OK,,0,2.3252,2.3252,
41e454dc358a5d34,FR15ABOM200821005,/Volumes/EXT DATA/IDMB/images/Tancrede/collection/Bombus_pomorum/drone/FR15ABOM200821005_P1.JPG,tail3,OK,,0,1.5245,1.5245,
1ce727241c3313f1,POLLINIS4982b,/Volumes/EXT DATA/IDMB/images/Tancrede/collection/Bombus_sylvarum/queen/POLLINIS4982b_P1.JPG,tail3,OK,,0,2.2769,2.2769,
3ff3bea79a5d732d,2007.0008,/Volumes/EXT DATA/IDMB/images/Tancrede/collection/Bombus_pratorum/drone/2007.0008_P1.JPG,tail3,OK,,0,2.2687,2.2687,
7b3044d101f6de79,FR15_STPONCY300921024,/Volumes/EXT DATA/IDMB/images/Tancrede/collection/Bombus_sylvarum/drone/FR15_STPONCY300921024_P1.JPG,tail3,OK,,0,1.8124,1.8124,
8df44bfa8b11be11,POLLINIS5983,/Volumes/EXT DATA/IDMB/images/Tancrede/collection/Bombus_soroeensis/drone/POLLINIS5983_P1.JPG,tail3,OK,,0,2.3372,2.3372,
f306768d7642aecf,OPIE_Lapi_220620d,/Volumes/EXT DATA/IDMB/images/Tancrede/collection/Bombus_lapidarius/worker/OPIE_Lapi_220620d_P1.JPG,tail3,OK,,0,2.4308,2.4308,
89946f269e8b7dc9,ABAURA4898,/Volumes/EXT DATA/IDMB/images/Tancrede/collection/Bombus_pratorum/worker/ABAURA4898_P1.JPG,tail3,OK,,0,2.2669,2.2669,
9c0a46f437a559c8,FR15ABOM170821030,/Volumes/EXT DATA/IDMB/images/Tancrede/collection/Bombus_pomorum/drone/FR15ABOM170821030_P1.JPG,tail3,OK,,0,1.3670,1.3670,
53e383dc4eab3b64,FR15_ABOM180720054,/Volumes/EXT DATA/IDMB/images/Tancrede/collection/Bombus_pomorum/worker/FR15_ABOM180720054_P1.JPG,tail3,OK,,0,1.6250,1.6250,
b2521710042a8c57,FR04ABOM220722057,/Volumes/EXT DATA/IDMB/images/Tancrede/collection/Bombus_ruderarius/drone/FR04ABOM220722057_P1.JPG,tail3,OK,,0,1.7877,1.7877,
533745138f3feb47,ABAURA8885,/Volumes/EXT DATA/IDMB/images/Tancrede/collection/Bombus_pomorum/drone/ABAURA8885_P1.JPG,tail3,OK,,0,1.4918,1.4918,
bcdaaea3b42e5313,FR73ABOM130722017,/Volumes/EXT DATA/IDMB/images/Tancrede/collection/Bombus_monticola/drone/FR73ABOM130722017_P1.JPG,tail3,OK,,0,2.2845,2.2845,
f59bb7ceca5fa865,OPIE_Lapi_070820b,/Volumes/EXT DATA/IDMB/images/Tancrede/collection/Bombus_lapidarius/worker/OPIE_Lapi_070820b_P1.JPG,tail3,OK,,0,2.2763,2.2763,
02eebc22c0df70fa,NoName15,/Volumes/EXT DATA/IDMB/images/Tancrede/collection/Bombus_pomorum/drone/NoName15_P1.JPG,tail3,OK,,0,1.5000,1.5000,
6adfbad3c2def280,ABAURA8599,/Volumes/EXT DATA/IDMB/images/Tancrede/collection/Bombus_wurflenii/worker/ABAURA8599_P1.JPG,tail3,OK,,0,1.4248,1.4248,
db1721dd918c0690,FR15ABOM210821119,/Volumes/EXT DATA/IDMB/images/Tancrede/collection/Bombus_pomorum/worker/FR15ABOM210821119_P1.JPG,tail3,OK,,0,1.5905,1.5905,
d9d25c393cbaccb5,CD388860,/Volumes/EXT DATA/IDMB/images/Tancrede/collection/Bombus_soroeensis/drone/CD388860_P1.JPG,tail3,OK,,0,2.3244,2.3244,
261a7f27de57bfb7,ABAURA8207f,/Volumes/EXT DATA/IDMB/images/Tancrede/collection/Bombus_wurflenii/worker/ABAURA8207f_P1.JPG,tail3,OK,,0,1.5371,1.5371,
fff2870c3c92f2e1,CD388230c,/Volumes/EXT DATA/IDMB/images/Tancrede/collection/Bombus_monticola/drone/CD388230c_P1.JPG,tail3,OK,,0,2.4847,2.4847,
59e94a81481e8208,ABAURA8208,/Volumes/EXT DATA/IDMB/images/Tancrede/collection/Bombus_sichelii/worker/ABAURA8208_P1.JPG,tail3,OK,,0,1.8139,1.8139,
55b0dae91d656b90,CD387313,/Volumes/EXT DATA/IDMB/images/Tancrede/collection/Bombus_ruderarius/worker/CD387313_P1.JPG,tail3,OK,,0,1.6600,1.6600,
fb21b5273aa83f53,FR15ABOM130722047,/Volumes/EXT DATA/IDMB/images/Tancrede/collection/Bombus_wurflenii/drone/FR15ABOM130722047_P1.JPG,tail3,OK,,0,1.5500,1.5500,
376d74c2ab1a0a98,ABAURA8150c,/Volumes/EXT DATA/IDMB/images/Tancrede/collection/Bombus_ruderarius/queen/ABAURA8150c_P1.JPG,tail3,OK,,0,2.1727,2.1727,
1fcfc1ac9c26dc4f,CD388820,/Volumes/EXT DATA/IDMB/images/Tancrede/collection/Bombus_wurflenii/worker/CD388820_P1.JPG,tail3,OK,,0,1.5539,1.5539,
42bf3a8bcdba75dc,ABAURA8201,/Volumes/EXT DATA/IDMB/images/Tancrede/collection/Bombus_pratorum/queen/ABAURA8201_P1.JPG,tail3,OK,,0,2.3305,2.3305,
8cb716fe95da0f35,OPIE_Lapi_270702,/Volumes/EXT DATA/IDMB/images/Tancrede/collection/Bombus_lapidarius/worker/OPIE_Lapi_270702_P1.JPG,tail3,OK,,0,2.2837,2.2837,
ba253838581941fa,CD388235,/Volumes/EXT DATA/IDMB/images/Tancrede/collection/Bombus_soroeensis/worker/CD388235_P1.JPG,tail3,OK,,0,2.3352,2.3352,
69f4a651a5eca9c3,NoName13,/Volumes/EXT DATA/IDMB/images/Tancrede/collection/Bombus_sylvarum/drone/NoName13_P1.JPG,tail3,OK,,0,1.4780,1.4780,
0bcfa413960ec94a,FR04ABOM220722054,/Volumes/EXT DATA/IDMB/images/Tancrede/collection/Bombus_ruderarius/drone/FR04ABOM220722054_P1.JPG,tail3,OK,,0,1.6430,1.6430,
2f6968d37c4b41f7,ABAURA8238c,/Volumes/EXT DATA/IDMB/images/Tancrede/collection/Bombus_sichelii/worker/ABAURA8238c_P1.JPG,tail3,OK,,0,1.8358,1.8358,
fb559a0c04786643,OPIE_Lapi_130720c,/Volumes/EXT DATA/IDMB/images/Tancrede/collection/Bombus_lapidarius/worker/OPIE_Lapi_130720c_P1.JPG,tail3,OK,,0,2.3151,2.3151,
f70e86c1fd31489e,ABAURA7155,/Volumes/EXT DATA/IDMB/images/Tancrede/collection/Bombus_pratorum/queen/ABAURA7155_P1.JPG,tail3,OK,,0,2.1687,2.1687,
062f6951a1c43487,Polset_1,/Volumes/EXT DATA/IDMB/images/Tancrede/collection/Bombus_monticola/worker/Polset_1_P1.JPG,tail3,SKIPPED,detection.csv missing or status != OK for this image_id,,,,
25ccea3b24124728,VAN-2019.00849,/Volumes/EXT DATA/IDMB/images/Tancrede/collection/Bombus_rupestris/drone/VAN-2019.00849_P1.JPG,tail3,OK,,0,1.4844,1.4844,
8e8b6bd46510124c,CD388229b,/Volumes/EXT DATA/IDMB/images/Tancrede/collection/Bombus_soroeensis/worker/CD388229b_P1.JPG,tail3,OK,,0,2.2837,2.2837,
af2394397fd4b238,15L2021-1498,/Volumes/EXT DATA/IDMB/images/Tancrede/collection/Bombus_rupestris/drone/15L2021-1498_P1.JPG,tail3,OK,,0,1.4988,1.4988,
92e904bdac773495,ABAURA8203,/Volumes/EXT DATA/IDMB/images/Tancrede/collection/Bombus_sichelii/worker/ABAURA8203_P1.JPG,tail3,OK,,0,1.7293,1.7293,
4cbe479796b954c7,CollecYvan16,/Volumes/EXT DATA/IDMB/images/Tancrede/collection/Bombus_monticola/worker/CollecYvan16_P1.JPG,tail3,OK,,0,2.2177,2.2177,
deb7b3acbd50660f,CD388861b,/Volumes/EXT DATA/IDMB/images/Tancrede/collection/Bombus_pyrenaeus/worker/CD388861b_P1.JPG,tail3,OK,,0,2.6063,2.6063,
35dbe06fe53cb49c,ABAURA4926,/Volumes/EXT DATA/IDMB/images/Tancrede/collection/Bombus_pratorum/worker/ABAURA4926_P1.JPG,tail3,OK,,0,1.9290,1.9290,
51b0d6c3440e23b0,2020.06244,/Volumes/EXT DATA/IDMB/images/Tancrede/collection/Bombus_rupestris/drone/2020.06244_P1.JPG,tail3,OK,,0,1.4735,1.4735,
0b8e5e4d96e3b644,POLLINIS4415,/Volumes/EXT DATA/IDMB/images/Tancrede/collection/Bombus_pomorum/worker/POLLINIS4415_P1.JPG,tail3,OK,,0,1.5753,1.5753,
dc9afd6af9170d78,FR15ABOM210821177,/Volumes/EXT DATA/IDMB/images/Tancrede/collection/Bombus_sylvarum/drone/FR15ABOM210821177_P1.JPG,tail3,OK,,0,1.5225,1.5225,
f26bca0a30ed5d84,FR73ABOM130722006,/Volumes/EXT DATA/IDMB/images/Tancrede/collection/Bombus_pyrenaeus/worker/FR73ABOM130722006_P1.JPG,tail3,OK,,0,2.2984,2.2984,
4d8889627865d95f,ABAURA8150,/Volumes/EXT DATA/IDMB/images/Tancrede/collection/Bombus_soroeensis/worker/ABAURA8150_P1.JPG,tail3,OK,,0,2.4561,2.4561,
84553f4679cbb115,VAN-2019.00787,/Volumes/EXT DATA/IDMB/images/Tancrede/collection/Bombus_rupestris/drone/VAN-2019.00787_P1.JPG,tail3,OK,,0,1.3179,1.3179,
77d15d47d33e9f7c,FR73ABOM120722026,/Volumes/EXT DATA/IDMB/images/Tancrede/collection/Bombus_sichelii/drone/FR73ABOM120722026_P1.JPG,tail3,OK,,0,1.9250,1.9250,
9b26debf96b6d33a,ABAURA8208b,/Volumes/EXT DATA/IDMB/images/Tancrede/collection/Bombus_sichelii/worker/ABAURA8208b_P1.JPG,tail3,SKIPPED,detection.csv missing or status != OK for this image_id,,,,
d53a36c3217b0b91,FR15_ABOM25082020007,/Volumes/EXT DATA/IDMB/images/Tancrede/collection/Bombus_sylvarum/drone/FR15_ABOM25082020007_P1.JPG,tail3,OK,,0,1.5920,1.5920,
842d22d52f3b02d6,ABAURA8238,/Volumes/EXT DATA/IDMB/images/Tancrede/collection/Bombus_pratorum/drone/ABAURA8238_P1.JPG,tail3,OK,,0,2.8185,2.8185,
d80d61b3f387a114,ABAURA4904,/Volumes/EXT DATA/IDMB/images/Tancrede/collection/Bombus_ruderarius/worker/ABAURA4904_P1.JPG,tail3,OK,,0,1.6416,1.6416,
835cb5275fb46018,FR15ABOM210821107,/Volumes/EXT DATA/IDMB/images/Tancrede/collection/Bombus_pomorum/drone/FR15ABOM210821107_P1.JPG,tail3,OK,,0,1.4521,1.4521,
37a7207027a8adec,FR73ABOM130722040,/Volumes/EXT DATA/IDMB/images/Tancrede/collection/Bombus_pyrenaeus/drone/FR73ABOM130722040_P1.JPG,tail3,OK,,0,2.3003,2.3003,
8554ea5143a30b4c,POLLINIS5943,/Volumes/EXT DATA/IDMB/images/Tancrede/collection/Bombus_soroeensis/drone/POLLINIS5943_P1.JPG,tail3,OK,,0,2.1897,2.1897,
6ed883c199116c26,FR73ABOM120722021,/Volumes/EXT DATA/IDMB/images/Tancrede/collection/Bombus_pyrenaeus/worker/FR73ABOM120722021_P1.JPG,tail3,OK,,0,2.2063,2.2063,
d3c23fde07d656e9,VAN-2019.00795,/Volumes/EXT DATA/IDMB/images/Tancrede/collection/Bombus_ruderarius/worker/VAN-2019.00795_P1.JPG,tail3,OK,,0,2.1075,2.1075,
d4661d90b2c2b5c4,FR73ABOM130722005,/Volumes/EXT DATA/IDMB/images/Tancrede/collection/Bombus_pyrenaeus/worker/FR73ABOM130722005_P1.JPG,tail3,OK,,0,2.1558,2.1558,
08eae80a2cb80ac6,ABAURA8238d,/Volumes/EXT DATA/IDMB/images/Tancrede/collection/Bombus_sichelii/worker/ABAURA8238d_P1.JPG,tail3,SKIPPED,detection.csv missing or status != OK for this image_id,,,,
e7407fac19dc9271,CD388003,/Volumes/EXT DATA/IDMB/images/Tancrede/collection/Bombus_wurflenii/worker/CD388003_P1.JPG,tail3,OK,,0,1.7396,1.7396,
7cb5e0d9b0ebe3e8,FR74ABOM170722014,/Volumes/EXT DATA/IDMB/images/Tancrede/collection/Bombus_monticola/worker/FR74ABOM170722014_P1.JPG,tail3,OK,,0,2.3406,2.3406,
364aa8658311ec46,2020.00294,/Volumes/EXT DATA/IDMB/images/Tancrede/collection/Bombus_soroeensis/worker/2020.00294_P1.JPG,tail3,OK,,0,2.3261,2.3261,
8020177f956dfa97,FR04ABOM220722060,/Volumes/EXT DATA/IDMB/images/Tancrede/collection/Bombus_monticola/drone/FR04ABOM220722060_P1.JPG,tail3,OK,,0,2.3222,2.3222,
17812c2fac37f909,ABAURA8207c,/Volumes/EXT DATA/IDMB/images/Tancrede/collection/Bombus_wurflenii/worker/ABAURA8207c_P1.JPG,tail3,OK,,0,1.9220,1.9220,
4d01a535075636c3,FR15_ABOM180720053,/Volumes/EXT DATA/IDMB/images/Tancrede/collection/Bombus_wurflenii/drone/FR15_ABOM180720053_P1.JPG,tail3,OK,,0,1.4817,1.4817,
3d2ed70c1acf2efb,CD388821,/Volumes/EXT DATA/IDMB/images/Tancrede/collection/Bombus_monticola/drone/CD388821_P1.JPG,tail3,OK,,0,2.2724,2.2724,
f42811624f4e024a,2019.02188,/Volumes/EXT DATA/IDMB/images/Tancrede/collection/Bombus_pratorum/worker/2019.02188_P1.JPG,tail3,OK,,0,2.2395,2.2395,
dfe84a3cf8e0c17d,FR15ABOM210822015,/Volumes/EXT DATA/IDMB/images/Tancrede/collection/Bombus_pomorum/drone/FR15ABOM210822015_P1.JPG,tail3,OK,,0,1.5312,1.5312,
54c9b09d1872646e,2019.02184,/Volumes/EXT DATA/IDMB/images/Tancrede/collection/Bombus_pratorum/queen/2019.02184_P1.JPG,tail3,OK,,0,2.1736,2.1736,
4b4e1d2b57237e07,2020.03926,/Volumes/EXT DATA/IDMB/images/Tancrede/collection/Bombus_pratorum/drone/2020.03926_P1.JPG,tail3,OK,,0,2.1891,2.1891,
d150d3a5853f704a,CD388145,/Volumes/EXT DATA/IDMB/images/Tancrede/collection/Bombus_soroeensis/drone/CD388145_P1.JPG,tail3,OK,,0,2.6300,2.6300,
cc2d85c55aacd5b1,FR05ABOM220722023,/Volumes/EXT DATA/IDMB/images/Tancrede/collection/Bombus_ruderarius/drone/FR05ABOM220722023_P1.JPG,tail3,OK,,0,1.5771,1.5771,
8b42e5d9bce9444d,ABAURA8204,/Volumes/EXT DATA/IDMB/images/Tancrede/collection/Bombus_ruderarius/drone/ABAURA8204_P1.JPG,tail3,OK,,0,1.7331,1.7331,
ce731804d06f7a67,ABAURA8150b,/Volumes/EXT DATA/IDMB/images/Tancrede/collection/Bombus_ruderarius/worker/ABAURA8150b_P1.JPG,tail3,OK,,0,1.3297,1.3297,
5e19e765d09fa3d0,CD388623c,/Volumes/EXT DATA/IDMB/images/Tancrede/collection/Bombus_monticola/worker/CD388623c_P1.JPG,tail3,OK,,0,2.3483,2.3483,
90840ac174779ef2,CD388229c,/Volumes/EXT DATA/IDMB/images/Tancrede/collection/Bombus_soroeensis/drone/CD388229c_P1.JPG,tail3,OK,,0,2.3117,2.3117,
e55a2d7d8e253760,CD387804c,/Volumes/EXT DATA/IDMB/images/Tancrede/collection/Bombus_soroeensis/drone/CD387804c_P1.JPG,tail3,OK,,0,2.1982,2.1982,
ef6eda02d790d8d0,FR04ABOM220722061,/Volumes/EXT DATA/IDMB/images/Tancrede/collection/Bombus_pyrenaeus/drone/FR04ABOM220722061_P1.JPG,tail3,OK,,0,2.3043,2.3043,
de40d69c06cbd6af,ABAURA8604,/Volumes/EXT DATA/IDMB/images/Tancrede/collection/Bombus_wurflenii/worker/ABAURA8604_P1.JPG,tail3,SUSPECT,1 landmark(s) outside the 512x256 crop,1,1.9879,1.9879,
5ce8ecfcd1b8de92,FR15ABOM100721031,/Volumes/EXT DATA/IDMB/images/Tancrede/collection/Bombus_rupestris/queen/FR15ABOM100721031_P1.JPG,tail3,SKIPPED,detection.csv missing or status != OK for this image_id,,,,
540acda149407478,ABAURA4902,/Volumes/EXT DATA/IDMB/images/Tancrede/collection/Bombus_ruderarius/worker/ABAURA4902_P1.JPG,tail3,OK,,0,1.6589,1.6589,
4a96b31c2a8e42f3,ABAURA8207b,/Volumes/EXT DATA/IDMB/images/Tancrede/collection/Bombus_wurflenii/worker/ABAURA8207b_P1.JPG,tail3,OK,,0,1.7355,1.7355,
f1e2cdfd6f48b061,FR15ABOM150821068,/Volumes/EXT DATA/IDMB/images/Tancrede/collection/Bombus_pomorum/worker/FR15ABOM150821068_P1.JPG,tail3,OK,,0,1.6811,1.6811,
dd485bd2d093fa7e,OPIE_Lapi_230620b,/Volumes/EXT DATA/IDMB/images/Tancrede/collection/Bombus_lapidarius/worker/OPIE_Lapi_230620b_P1.JPG,tail3,OK,,0,2.2997,2.2997,
dee0257031455c91,FR73ABOM130722020,/Volumes/EXT DATA/IDMB/images/Tancrede/collection/Bombus_pyrenaeus/drone/FR73ABOM130722020_P1.JPG,tail3,OK,,0,2.3188,2.3188,
f1837f7ccf379e2e,FR15ABOM200722065,/Volumes/EXT DATA/IDMB/images/Tancrede/collection/Bombus_wurflenii/drone/FR15ABOM200722065_P1.JPG,tail3,OK,,0,1.4623,1.4623,
67d3b3f24b45a666,CD388809,/Volumes/EXT DATA/IDMB/images/Tancrede/collection/Bombus_soroeensis/worker/CD388809_P1.JPG,tail3,OK,,0,2.0832,2.0832,
a3ab473cb180a70a,FR04ABOM220722047,/Volumes/EXT DATA/IDMB/images/Tancrede/collection/Bombus_sichelii/drone/FR04ABOM220722047_P1.JPG,tail3,OK,,0,1.6149,1.6149,
46494972c33dbe67,ABAURA8240c,/Volumes/EXT DATA/IDMB/images/Tancrede/collection/Bombus_pratorum/worker/ABAURA8240c_P1.JPG,tail3,OK,,0,2.0767,2.0767,
970fde072567a9b1,FR04ABOM220722089,/Volumes/EXT DATA/IDMB/images/Tancrede/collection/Bombus_pyrenaeus/queen/FR04ABOM220722089_P1.JPG,tail3,OK,,0,2.1890,2.1890,
eba4545229efa1ba,15L2021-1739,/Volumes/EXT DATA/IDMB/images/Tancrede/collection/Bombus_soroeensis/drone/15L2021-1739_P1.JPG,tail3,OK,,0,2.3525,2.3525,
ec4ea388e0135426,ABAURA8867,/Volumes/EXT DATA/IDMB/images/Tancrede/collection/Bombus_soroeensis/worker/ABAURA8867_P1.JPG,tail3,OK,,0,2.3797,2.3797,
a2245dee4fde772d,FR73ABOM130722001,/Volumes/EXT DATA/IDMB/images/Tancrede/collection/Bombus_monticola/worker/FR73ABOM130722001_P1.JPG,tail3,OK,,0,2.1500,2.1500,
d987d307db8cb55e,VAN-2019.00850,/Volumes/EXT DATA/IDMB/images/Tancrede/collection/Bombus_rupestris/drone/VAN-2019.00850_P1.JPG,tail3,OK,,0,1.6516,1.6516,
9344e9115a3d927c,ABAURA8205b,/Volumes/EXT DATA/IDMB/images/Tancrede/collection/Bombus_ruderarius/worker/ABAURA8205b_P1.JPG,tail3,OK,,0,1.6024,1.6024,
1dd3c1069537abbe,NoName9,/Volumes/EXT DATA/IDMB/images/Tancrede/collection/Bombus_sylvarum/drone/NoName9_P1.JPG,tail3,SKIPPED,detection.csv missing or status != OK for this image_id,,,,
4fbd751b459927d9,15L2021-1483,/Volumes/EXT DATA/IDMB/images/Tancrede/collection/Bombus_soroeensis/drone/15L2021-1483_P1.JPG,tail3,OK,,0,2.4199,2.4199,
e8655fe97b9f41f1,FR15ABOM200821156,/Volumes/EXT DATA/IDMB/images/Tancrede/collection/Bombus_rupestris/queen/FR15ABOM200821156_P1.JPG,tail3,SKIPPED,detection.csv missing or status != OK for this image_id,,,,
393628d7e190f37d,FR73ABOM150722001,/Volumes/EXT DATA/IDMB/images/Tancrede/collection/Bombus_monticola/drone/FR73ABOM150722001_P1.JPG,tail3,OK,,0,2.2110,2.2110,
d9889335caabe608,CD388018c,/Volumes/EXT DATA/IDMB/images/Tancrede/collection/Bombus_sichelii/worker/CD388018c_P1.JPG,tail3,OK,,0,1.8414,1.8414,
bad35adae20298a0,FR73ABOM200722034,/Volumes/EXT DATA/IDMB/images/Tancrede/collection/Bombus_pyrenaeus/worker/FR73ABOM200722034_P1.JPG,tail3,OK,,0,2.2586,2.2586,
78f40548945b56e8,ABAURA5591,/Volumes/EXT DATA/IDMB/images/Tancrede/collection/Bombus_soroeensis/worker/ABAURA5591_P1.JPG,tail3,OK,,0,2.4648,2.4648,
fa0cbd3b6cf76c3a,CD387770d,/Volumes/EXT DATA/IDMB/images/Tancrede/collection/Bombus_sichelii/worker/CD387770d_P1.JPG,tail3,OK,,0,1.6054,1.6054,
73e12f01d451df93,BAR.2018.00342,/Volumes/EXT DATA/IDMB/images/Tancrede/collection/Bombus_sylvarum/worker/BAR.2018.00342_P1.JPG,tail3,OK,,0,1.6139,1.6139,
d2be479349d29baa,FR05ABOM220722024,/Volumes/EXT DATA/IDMB/images/Tancrede/collection/Bombus_ruderarius/drone/FR05ABOM220722024_P1.JPG,tail3,OK,,0,1.6067,1.6067,
f71ff213f80d0bf8,FR73ABOM120722072,/Volumes/EXT DATA/IDMB/images/Tancrede/collection/Bombus_pyrenaeus/drone/FR73ABOM120722072_P1.JPG,tail3,OK,,0,2.1919,2.1919,
a3d25b69fd4f5795,CD387303,/Volumes/EXT DATA/IDMB/images/Tancrede/collection/Bombus_sylvarum/worker/CD387303_P1.JPG,tail3,OK,,0,1.9729,1.9729,
ad1d2950a08f413b,15L2021-1741,/Volumes/EXT DATA/IDMB/images/Tancrede/collection/Bombus_soroeensis/drone/15L2021-1741_P1.JPG,tail3,OK,,0,2.2592,2.2592,
f9a22c4eb9c640d6,FR73ABOM200722017,/Volumes/EXT DATA/IDMB/images/Tancrede/collection/Bombus_sichelii/drone/FR73ABOM200722017_P1.JPG,tail3,OK,,0,1.6629,1.6629,
7dd025e557849e1a,15L2021-1742,/Volumes/EXT DATA/IDMB/images/Tancrede/collection/Bombus_soroeensis/drone/15L2021-1742_P1.JPG,tail3,OK,,0,2.4014,2.4014,
a3607627d966ed1a,FR15ABOM200821215,/Volumes/EXT DATA/IDMB/images/Tancrede/collection/Bombus_pomorum/worker/FR15ABOM200821215_P1.JPG,tail3,OK,,0,1.6714,1.6714,
1c74833a97e97545,CD388821c,/Volumes/EXT DATA/IDMB/images/Tancrede/collection/Bombus_pyrenaeus/drone/CD388821c_P1.JPG,tail3,OK,,0,2.4113,2.4113,
75c500bdb7c8a50f,ABAURA7163,/Volumes/EXT DATA/IDMB/images/Tancrede/collection/Bombus_ruderarius/queen/ABAURA7163_P1.JPG,tail3,OK,,0,2.2042,2.2042,
55ebecdaea627112,CD388861,/Volumes/EXT DATA/IDMB/images/Tancrede/collection/Bombus_pratorum/drone/CD388861_P1.JPG,tail3,OK,,0,2.2683,2.2683,
753050243f266b43,FR04ABOM220722092,/Volumes/EXT DATA/IDMB/images/Tancrede/collection/Bombus_pyrenaeus/worker/FR04ABOM220722092_P1.JPG,tail3,OK,,0,2.3219,2.3219,
35bec2b8945f66eb,15L2021-1758,/Volumes/EXT DATA/IDMB/images/Tancrede/collection/Bombus_rupestris/drone/15L2021-1758_P1.JPG,tail3,OK,,0,1.6185,1.6185,
a8a020a2acc3ba05,OPIE_Lapi_130720b,/Volumes/EXT DATA/IDMB/images/Tancrede/collection/Bombus_lapidarius/worker/OPIE_Lapi_130720b_P1.JPG,tail3,OK,,0,2.2994,2.2994,
bcedcba99833795e,FR15ABOM200821126,/Volumes/EXT DATA/IDMB/images/Tancrede/collection/Bombus_pomorum/worker/FR15ABOM200821126_P1.JPG,tail3,OK,,0,1.5751,1.5751,
30367f42c0128bbf,FR15ABOO0712002,/Volumes/EXT DATA/IDMB/images/Tancrede/collection/Bombus_rupestris/queen/FR15ABOO0712002_P1.JPG,tail3,SUSPECT,2 landmark(s) outside the 512x256 crop,2,1.3580,1.3580,
b65c91f3f7307c39,ABAURA5667,/Volumes/EXT DATA/IDMB/images/Tancrede/collection/Bombus_monticola/worker/ABAURA5667_P1.JPG,tail3,OK,,0,2.2278,2.2278,
304e58a40cd337e4,CD388229,/Volumes/EXT DATA/IDMB/images/Tancrede/collection/Bombus_pratorum/drone/CD388229_P1.JPG,tail3,OK,,0,2.4544,2.4544,
d616aaa6180fb8c8,FR73ABOM140722026,/Volumes/EXT DATA/IDMB/images/Tancrede/collection/Bombus_monticola/queen/FR73ABOM140722026_P1.JPG,tail3,OK,,0,2.1663,2.1663,
1bd0dc835e496063,ABAURA7151,/Volumes/EXT DATA/IDMB/images/Tancrede/collection/Bombus_sylvarum/queen/ABAURA7151_P1.JPG,tail3,OK,,0,2.1833,2.1833,
3124bac51de0c175,2020.04010,/Volumes/EXT DATA/IDMB/images/Tancrede/collection/Bombus_sylvarum/worker/2020.04010_P1.JPG,tail3,OK,,0,2.0367,2.0367,
00572780db9e4dc8,FR74ABOM160722001,/Volumes/EXT DATA/IDMB/images/Tancrede/collection/Bombus_monticola/worker/FR74ABOM160722001_P1.JPG,tail3,OK,,0,2.2941,2.2941,
276e83d7d067f0ce,FR73ABOM200722038,/Volumes/EXT DATA/IDMB/images/Tancrede/collection/Bombus_pyrenaeus/worker/FR73ABOM200722038_P1.JPG,tail3,OK,,0,2.3513,2.3513,
b82359bd7da56999,FR15ABOM210821077,/Volumes/EXT DATA/IDMB/images/Tancrede/collection/Bombus_rupestris/queen/FR15ABOM210821077_P1.JPG,tail3,SKIPPED,detection.csv missing or status != OK for this image_id,,,,
d4259af7fea351ea,ABB-2020.00032,/Volumes/EXT DATA/IDMB/images/Tancrede/collection/Bombus_sylvarum/worker/ABB-2020.00032_P1.JPG,tail3,SKIPPED,detection.csv missing or status != OK for this image_id,,,,
41fd2698e91c3482,ABAURA8207d,/Volumes/EXT DATA/IDMB/images/Tancrede/collection/Bombus_wurflenii/worker/ABAURA8207d_P1.JPG,tail3,OK,,0,1.7488,1.7488,
1fa84800df04dad0,15L2021-1740,/Volumes/EXT DATA/IDMB/images/Tancrede/collection/Bombus_soroeensis/drone/15L2021-1740_P1.JPG,tail3,OK,,0,2.3739,2.3739,
8ac56297575d3c1e,FR73ABOM150722006,/Volumes/EXT DATA/IDMB/images/Tancrede/collection/Bombus_monticola/drone/FR73ABOM150722006_P1.JPG,tail3,SKIPPED,detection.csv missing or status != OK for this image_id,,,,
96d697975b453a25,ABAURA8526,/Volumes/EXT DATA/IDMB/images/Tancrede/collection/Bombus_soroeensis/drone/ABAURA8526_P1.JPG,tail3,OK,,0,2.3244,2.3244,
949349bacb399a2a,CD388821d,/Volumes/EXT DATA/IDMB/images/Tancrede/collection/Bombus_pyrenaeus/drone/CD388821d_P1.JPG,tail3,OK,,0,2.3518,2.3518,
d6869abaab3f578a,FR73ABOM200722030,/Volumes/EXT DATA/IDMB/images/Tancrede/collection/Bombus_sichelii/drone/FR73ABOM200722030_P1.JPG,tail3,OK,,0,1.5997,1.5997,
d3e88d13918358b4,POLLINIS5985,/Volumes/EXT DATA/IDMB/images/Tancrede/collection/Bombus_soroeensis/drone/POLLINIS5985_P1.JPG,tail3,OK,,0,2.2011,2.2011,
997714daabca975f,2020.03886,/Volumes/EXT DATA/IDMB/images/Tancrede/collection/Bombus_sylvarum/worker/2020.03886_P1.JPG,tail3,OK,,0,1.7353,1.7353,
79a75fc4fd3c641c,FR73ABOM200722018,/Volumes/EXT DATA/IDMB/images/Tancrede/collection/Bombus_sichelii/drone/FR73ABOM200722018_P1.JPG,tail3,OK,,0,1.7231,1.7231,
c56d673f508eba74,2020.06348,/Volumes/EXT DATA/IDMB/images/Tancrede/collection/Bombus_sylvarum/drone/2020.06348_P1.JPG,tail3,OK,,0,1.5073,1.5073,
015f297ab0dd4102,CD388860b,/Volumes/EXT DATA/IDMB/images/Tancrede/collection/Bombus_soroeensis/drone/CD388860b_P1.JPG,tail3,OK,,0,2.2901,2.2901,
a00cb064c31581b3,2019.02080,/Volumes/EXT DATA/IDMB/images/Tancrede/collection/Bombus_pratorum/drone/2019.02080_P1.JPG,tail3,OK,,0,2.2759,2.2759,
dadc12b45dc1b754,CD387770b,/Volumes/EXT DATA/IDMB/images/Tancrede/collection/Bombus_monticola/drone/CD387770b_P1.JPG,tail3,OK,,0,2.2520,2.2520,
a7a24e12cd702b7a,CD388865c,/Volumes/EXT DATA/IDMB/images/Tancrede/collection/Bombus_sichelii/worker/CD388865c_P1.JPG,tail3,OK,,0,1.6474,1.6474,
b870fba9f6a25f2f,2019.00316,/Volumes/EXT DATA/IDMB/images/Tancrede/collection/Bombus_pratorum/worker/2019.00316_P1.JPG,tail3,OK,,0,2.0652,2.0652,
995e60086ad2cad4,NoName3,/Volumes/EXT DATA/IDMB/images/Tancrede/collection/Bombus_pomorum/drone/NoName3_P1.JPG,tail3,OK,,0,1.3290,1.3290,
786c3009835c6874,OPIE_Lapi_110702,/Volumes/EXT DATA/IDMB/images/Tancrede/collection/Bombus_lapidarius/worker/OPIE_Lapi_110702_P1.JPG,tail3,OK,,0,2.4021,2.4021,
37914b4ac1d3ae65,CD387324,/Volumes/EXT DATA/IDMB/images/Tancrede/collection/Bombus_sylvarum/worker/CD387324_P1.JPG,tail3,OK,,0,2.1267,2.1267,
38672cbb1c378cc5,VAN-2019.00822,/Volumes/EXT DATA/IDMB/images/Tancrede/collection/Bombus_rupestris/drone/VAN-2019.00822_P1.JPG,tail3,OK,,0,1.4112,1.4112,
631f6e33216d02c2,FR15ABOM210822012,/Volumes/EXT DATA/IDMB/images/Tancrede/collection/Bombus_pomorum/drone/FR15ABOM210822012_P1.JPG,tail3,OK,,0,1.4186,1.4186,
7d879d9eb4e41131,CD388230b,/Volumes/EXT DATA/IDMB/images/Tancrede/collection/Bombus_pratorum/drone/CD388230b_P1.JPG,tail3,OK,,0,2.4252,2.4252,
ba2315a2332c1b22,2020.00410,/Volumes/EXT DATA/IDMB/images/Tancrede/collection/Bombus_soroeensis/worker/2020.00410_P1.JPG,tail3,OK,,0,2.3660,2.3660,
af36a94b986b9cfa,FR15_ABOM30072020044,/Volumes/EXT DATA/IDMB/images/Tancrede/collection/Bombus_pomorum/worker/FR15_ABOM30072020044_P1.JPG,tail3,SKIPPED,detection.csv missing or status != OK for this image_id,,,,
2f9a5cc010a5bc70,OPIE_Lapi_240620,/Volumes/EXT DATA/IDMB/images/Tancrede/collection/Bombus_lapidarius/worker/OPIE_Lapi_240620_P1.JPG,tail3,OK,,0,2.4865,2.4865,
07cfd4a6bcee88e2,2020.06243,/Volumes/EXT DATA/IDMB/images/Tancrede/collection/Bombus_rupestris/drone/2020.06243_P1.JPG,tail3,SUSPECT,1 landmark(s) outside the 512x256 crop,1,1.6503,1.6503,
9c6df7d6072ce5de,CD388230,/Volumes/EXT DATA/IDMB/images/Tancrede/collection/Bombus_pratorum/drone/CD388230_P1.JPG,tail3,OK,,0,2.2463,2.2463,
ac8b4b9c4cddd228,POLLINIS4455,/Volumes/EXT DATA/IDMB/images/Tancrede/collection/Bombus_ruderarius/worker/POLLINIS4455_P1.JPG,tail3,SKIPPED,detection.csv missing or status != OK for this image_id,,,,
546d6df38cbf9804,FR15AB100518002,/Volumes/EXT DATA/IDMB/images/Tancrede/collection/Bombus_wurflenii/queen/FR15AB100518002_P1.JPG,tail3,OK,,0,1.8071,1.8071,
07c0fc228785e37e,2012.0034,/Volumes/EXT DATA/IDMB/images/Tancrede/collection/Bombus_sylvarum/worker/2012.0034_P1.JPG,tail3,OK,,0,1.9292,1.9292,
7b386027308f998d,15L2021-1514,/Volumes/EXT DATA/IDMB/images/Tancrede/collection/Bombus_rupestris/drone/15L2021-1514_P1.JPG,tail3,OK,,0,1.5589,1.5589,
420f72281e840978,VAN-2019.00824,/Volumes/EXT DATA/IDMB/images/Tancrede/collection/Bombus_rupestris/drone/VAN-2019.00824_P1.JPG,tail3,OK,,0,1.2731,1.2731,
f9e2338ceb602841,NoName12,/Volumes/EXT DATA/IDMB/images/Tancrede/collection/Bombus_sylvarum/drone/NoName12_P1.JPG,tail3,OK,,0,1.8579,1.8579,
bc837c5c536d0f37,FR73ABOM130722066,/Volumes/EXT DATA/IDMB/images/Tancrede/collection/Bombus_pyrenaeus/drone/FR73ABOM130722066_P1.JPG,tail3,OK,,0,2.2589,2.2589,
1f903bf2d0ed95dd,15L2021-1743,/Volumes/EXT DATA/IDMB/images/Tancrede/collection/Bombus_soroeensis/drone/15L2021-1743_P1.JPG,tail3,OK,,0,2.2897,2.2897,
23499f82944bdc3a,FR15ABOM120722071,/Volumes/EXT DATA/IDMB/images/Tancrede/collection/Bombus_wurflenii/drone/FR15ABOM120722071_P1.JPG,tail3,OK,,0,1.5721,1.5721,
0a90c4c53a2db8d1,CollecYvan17,/Volumes/EXT DATA/IDMB/images/Tancrede/collection/Bombus_monticola/worker/CollecYvan17_P1.JPG,tail3,OK,,0,2.1471,2.1471,
4169c97aacb527dd,CD388865b,/Volumes/EXT DATA/IDMB/images/Tancrede/collection/Bombus_sichelii/worker/CD388865b_P1.JPG,tail3,OK,,0,1.6092,1.6092,
5a4abbbc9583eb78,FR15ABOM100721047,/Volumes/EXT DATA/IDMB/images/Tancrede/collection/Bombus_pomorum/queen/FR15ABOM100721047_P1.JPG,tail3,OK,,0,2.0637,2.0637,
b5dd9ab0cefcbd9a,POLLINIS4384,/Volumes/EXT DATA/IDMB/images/Tancrede/collection/Bombus_soroeensis/drone/POLLINIS4384_P1.JPG,tail3,OK,,0,2.3780,2.3780,
8c9f4425c5b056b9,FR15ABOM210821128,/Volumes/EXT DATA/IDMB/images/Tancrede/collection/Bombus_sylvarum/drone/FR15ABOM210821128_P1.JPG,tail3,OK,,0,1.6719,1.6719,
2dc7543efc2ca690,ABAURA8238b,/Volumes/EXT DATA/IDMB/images/Tancrede/collection/Bombus_sichelii/worker/ABAURA8238b_P1.JPG,tail3,OK,,0,1.8172,1.8172,
70d16cbe4bd33a81,FR73ABOM130722037,/Volumes/EXT DATA/IDMB/images/Tancrede/collection/Bombus_monticola/drone/FR73ABOM130722037_P1.JPG,tail3,OK,,0,2.3061,2.3061,
ebeb63193890d89c,FR15ABOM310520005,/Volumes/EXT DATA/IDMB/images/Tancrede/collection/Bombus_rupestris/queen/FR15ABOM310520005_P1.JPG,tail3,SKIPPED,detection.csv missing or status != OK for this image_id,,,,
40c7defe57cb5ec0,15L2021-1731,/Volumes/EXT DATA/IDMB/images/Tancrede/collection/Bombus_rupestris/drone/15L2021-1731_P1.JPG,tail3,OK,,0,1.5361,1.5361,
91fa8d19c49909e9,OPIE_Lapi_160720b,/Volumes/EXT DATA/IDMB/images/Tancrede/collection/Bombus_lapidarius/worker/OPIE_Lapi_160720b_P1.JPG,tail3,OK,,0,2.4373,2.4373,
703bcb6422c25036,CollecYvan4,/Volumes/EXT DATA/IDMB/images/Tancrede/collection/Bombus_sichelii/drone/CollecYvan4_P1.JPG,tail3,OK,,0,1.6964,1.6964,
39c66d3956ea474f,FR15ABOM210821143,/Volumes/EXT DATA/IDMB/images/Tancrede/collection/Bombus_sylvarum/drone/FR15ABOM210821143_P1.JPG,tail3,OK,,0,1.2078,1.2078,
0b53e5a6a9c2f3fc,FR15ABOM210821110,/Volumes/EXT DATA/IDMB/images/Tancrede/collection/Bombus_pomorum/drone/FR15ABOM210821110_P1.JPG,tail3,OK,,0,1.7163,1.7163,
5a5efd17a2622447,FR73ABOM130722027,/Volumes/EXT DATA/IDMB/images/Tancrede/collection/Bombus_pyrenaeus/worker/FR73ABOM130722027_P1.JPG,tail3,OK,,0,2.3614,2.3614,
127c09a32a5ad2c7,POLLINIS4393,/Volumes/EXT DATA/IDMB/images/Tancrede/collection/Bombus_pratorum/worker/POLLINIS4393_P1.JPG,tail3,OK,,0,2.1696,2.1696,
f38ec4d8eb41af16,15L2021-1546,/Volumes/EXT DATA/IDMB/images/Tancrede/collection/Bombus_rupestris/drone/15L2021-1546_P1.JPG,tail3,OK,,0,1.6332,1.6332,
25c30b10ba781dbc,CD388003b,/Volumes/EXT DATA/IDMB/images/Tancrede/collection/Bombus_wurflenii/worker/CD388003b_P1.JPG,tail3,OK,,0,1.8069,1.8069,
c975e517081def63,NoName10,/Volumes/EXT DATA/IDMB/images/Tancrede/collection/Bombus_sylvarum/drone/NoName10_P1.JPG,tail3,OK,,0,1.7011,1.7011,
e19b3482fff667bd,BAR-2018.00871,/Volumes/EXT DATA/IDMB/images/Tancrede/collection/Bombus_sylvarum/worker/BAR-2018.00871_P1.JPG,tail3,OK,,0,1.8255,1.8255,
3f0e311150ca8191,ABAURA8205,/Volumes/EXT DATA/IDMB/images/Tancrede/collection/Bombus_ruderarius/worker/ABAURA8205_P1.JPG,tail3,OK,,0,1.7524,1.7524,
ee48575111b209bb,2019.02118,/Volumes/EXT DATA/IDMB/images/Tancrede/collection/Bombus_pratorum/queen/2019.02118_P1.JPG,tail3,OK,,0,2.0939,2.0939,
2f53f55cff7b4f8f,15L2021-1499,/Volumes/EXT DATA/IDMB/images/Tancrede/collection/Bombus_rupestris/drone/15L2021-1499_P1.JPG,tail3,OK,,0,1.5742,1.5742,
b70661838db2b7f6,D264515,/Volumes/EXT DATA/IDMB/images/Tancrede/collection/Bombus_ruderarius/worker/D264515_P1.JPG,tail3,OK,,0,1.5432,1.5432,
c0601432bb229806,ABAURA4915,/Volumes/EXT DATA/IDMB/images/Tancrede/collection/Bombus_ruderarius/worker/ABAURA4915_P1.JPG,tail3,OK,,0,1.8319,1.8319,
c1049802cf54cdd2,20A.07897,/Volumes/EXT DATA/IDMB/images/Tancrede/collection/Bombus_sylvarum/queen/20A.07897_P1.JPG,tail3,OK,,0,2.2447,2.2447,
8dc8a0af16c49cbd,ABAURA8602,/Volumes/EXT DATA/IDMB/images/Tancrede/collection/Bombus_ruderarius/drone/ABAURA8602_P1.JPG,tail3,SUSPECT,19 landmark(s) outside the 512x256 crop,19,1.7659,1.7659,
42ba7d43a51b1c42,AGR.2016.1415,/Volumes/EXT DATA/IDMB/images/Tancrede/collection/Bombus_pratorum/drone/AGR.2016.1415_P1.JPG,tail3,OK,,0,1.9459,1.9459,
3bfca735c99e34b9,FR05ABOM220722028,/Volumes/EXT DATA/IDMB/images/Tancrede/collection/Bombus_ruderarius/drone/FR05ABOM220722028_P1.JPG,tail3,OK,,0,1.6627,1.6627,
1bcba009be094cb2,FR73ABOM120722025,/Volumes/EXT DATA/IDMB/images/Tancrede/collection/Bombus_ruderarius/drone/FR73ABOM120722025_P1.JPG,tail3,OK,,0,1.7599,1.7599,
30e010761b27f1a7,ABAURA8151,/Volumes/EXT DATA/IDMB/images/Tancrede/collection/Bombus_soroeensis/worker/ABAURA8151_P1.JPG,tail3,OK,,0,2.4821,2.4821,
a1abaab880c514c7,FR04ABOM220722050,/Volumes/EXT DATA/IDMB/images/Tancrede/collection/Bombus_ruderarius/drone/FR04ABOM220722050_P1.JPG,tail3,OK,,0,1.6704,1.6704,
14e8257475f3d276,FR73ABOM130722007,/Volumes/EXT DATA/IDMB/images/Tancrede/collection/Bombus_pyrenaeus/drone/FR73ABOM130722007_P1.JPG,tail3,OK,,0,2.3199,2.3199,
332da3ed88b1734f,FR04ABOM220722046,/Volumes/EXT DATA/IDMB/images/Tancrede/collection/Bombus_sichelii/drone/FR04ABOM220722046_P1.JPG,tail3,OK,,0,1.3322,1.3322,
,,/Volumes/EXT DATA/IDMB/images/Tancrede/collection/Bombus_pratorum/drone/N815_P1.JPG,,SKIPPED,no match in manifest.csv,,,,
1e442f758087ac61,FR15_ABOM25082020010,/Volumes/EXT DATA/IDMB/images/Tancrede/collection/Bombus_sylvarum/drone/FR15_ABOM25082020010_P1.JPG,tail3,OK,,0,1.6384,1.6384,
480b96c628b61011,FR15_AB210818002,/Volumes/EXT DATA/IDMB/images/Tancrede/collection/Bombus_wurflenii/drone/FR15_AB210818002_P1.JPG,tail3,OK,,0,1.5526,1.5526,
913c4f010eb67e35,FR15ABOM210821100,/Volumes/EXT DATA/IDMB/images/Tancrede/collection/Bombus_pomorum/drone/FR15ABOM210821100_P1.JPG,tail3,OK,,0,1.5869,1.5869,
ba2def8ae2d11b13,CD387770c,/Volumes/EXT DATA/IDMB/images/Tancrede/collection/Bombus_soroeensis/worker/CD387770c_P1.JPG,tail3,OK,,0,1.9210,1.9210,
7617310a87115324,2019.02059,/Volumes/EXT DATA/IDMB/images/Tancrede/collection/Bombus_pratorum/drone/2019.02059_P1.JPG,tail3,OK,,0,2.1685,2.1685,
415b684e00ba2b66,CD387766b,/Volumes/EXT DATA/IDMB/images/Tancrede/collection/Bombus_ruderarius/worker/CD387766b_P1.JPG,tail3,OK,,0,1.7084,1.7084,
a055ca9b5f06d5aa,VAN-2019.00785,/Volumes/EXT DATA/IDMB/images/Tancrede/collection/Bombus_rupestris/drone/VAN-2019.00785_P1.JPG,tail3,SUSPECT,19 landmark(s) outside the 512x256 crop,19,1.4182,1.4182,
8405b05d9d266ae0,ABAURA7153,/Volumes/EXT DATA/IDMB/images/Tancrede/collection/Bombus_pratorum/worker/ABAURA7153_P1.JPG,tail3,OK,,0,2.1920,2.1920,
fc5623924b45bf9a,OPIE_Lapi_220620b,/Volumes/EXT DATA/IDMB/images/Tancrede/collection/Bombus_lapidarius/worker/OPIE_Lapi_220620b_P1.JPG,tail3,OK,,0,2.2957,2.2957,
20ee6ad60c254c91,2020.04044,/Volumes/EXT DATA/IDMB/images/Tancrede/collection/Bombus_sylvarum/worker/2020.04044_P1.JPG,tail3,OK,,0,1.9300,1.9300,
,,/Volumes/EXT DATA/IDMB/images/Tancrede/collection/Bombus_pratorum/drone/N628_P1.JPG,,SKIPPED,no match in manifest.csv,,,,
4f08ac0a47ff9b91,CollecYvan5,/Volumes/EXT DATA/IDMB/images/Tancrede/collection/Bombus_sichelii/drone/CollecYvan5_P1.JPG,tail3,OK,,0,1.8422,1.8422,
2193cff42f43e868,2019.02073,/Volumes/EXT DATA/IDMB/images/Tancrede/collection/Bombus_pratorum/drone/2019.02073_P1.JPG,tail3,OK,,0,2.2517,2.2517,
e7de34520d0a1d14,FR73ABOM140722039,/Volumes/EXT DATA/IDMB/images/Tancrede/collection/Bombus_pyrenaeus/worker/FR73ABOM140722039_P1.JPG,tail3,OK,,0,2.2884,2.2884,
10f26f530c46d28b,2020.03930,/Volumes/EXT DATA/IDMB/images/Tancrede/collection/Bombus_sylvarum/drone/2020.03930_P1.JPG,tail3,OK,,0,1.6706,1.6706,
45baf91e01aa7881,ABAURA8205d,/Volumes/EXT DATA/IDMB/images/Tancrede/collection/Bombus_wurflenii/worker/ABAURA8205d_P1.JPG,tail3,OK,,0,1.5295,1.5295,
4b275e1e738c92ee,CD388769,/Volumes/EXT DATA/IDMB/images/Tancrede/collection/Bombus_pratorum/worker/CD388769_P1.JPG,tail3,OK,,0,1.8164,1.8164,
4b294051991e3460,ABAURA8627,/Volumes/EXT DATA/IDMB/images/Tancrede/collection/Bombus_soroeensis/worker/ABAURA8627_P1.JPG,tail3,OK,,0,1.9844,1.9844,
19f54eb02a3a9111,FR15ABOM150820018,/Volumes/EXT DATA/IDMB/images/Tancrede/collection/Bombus_confusus/drone/FR15ABOM150820018_P1.JPG,tail3,OK,,0,1.8193,1.8193,
dd08116b68ad364b,FR15ABOM170821029,/Volumes/EXT DATA/IDMB/images/Tancrede/collection/Bombus_confusus/drone/FR15ABOM170821029_P1.JPG,tail3,OK,,0,1.6220,1.6220,
99fe4734daba8d41,FR15ABOM210821137,/Volumes/EXT DATA/IDMB/images/Tancrede/collection/Bombus_confusus/drone/FR15ABOM210821137_P1.JPG,tail3,OK,,0,1.4775,1.4775,
8778fc69423e320e,FR15ABOM210821139,/Volumes/EXT DATA/IDMB/images/Tancrede/collection/Bombus_confusus/drone/FR15ABOM210821139_P1.JPG,tail3,OK,,0,1.5983,1.5983,
b92238dc504defa3,FR15ABOM210821165,/Volumes/EXT DATA/IDMB/images/Tancrede/collection/Bombus_confusus/drone/FR15ABOM210821165_P1.JPG,tail3,OK,,0,1.5652,1.5652,
ff601fd4f0ebc435,FR15ABOM210821171,/Volumes/EXT DATA/IDMB/images/Tancrede/collection/Bombus_confusus/drone/FR15ABOM210821171_P1.JPG,tail3,OK,,0,1.5308,1.5308,
d036e828808dae28,FR15ABOM210821210,/Volumes/EXT DATA/IDMB/images/Tancrede/collection/Bombus_confusus/drone/FR15ABOM210821210_P1.JPG,tail3,OK,,0,1.5790,1.5790,
ad6f072b8d6d38e6,FR15ABOM210821212,/Volumes/EXT DATA/IDMB/images/Tancrede/collection/Bombus_confusus/drone/FR15ABOM210821212_P1.JPG,tail3,SUSPECT,1 landmark(s) outside the 512x256 crop,1,1.9508,1.9508,
eae7b300ba77bfa8,FR15ABOM220821043,/Volumes/EXT DATA/IDMB/images/Tancrede/collection/Bombus_confusus/drone/FR15ABOM220821043_P1.JPG,tail3,OK,,0,1.7070,1.7070,
9166932186ede4aa,FR15ABOM220821068,/Volumes/EXT DATA/IDMB/images/Tancrede/collection/Bombus_confusus/drone/FR15ABOM220821068_P1.JPG,tail3,OK,,0,1.7451,1.7451,
97e5afc4e1e70268,FR15ABOM220821070,/Volumes/EXT DATA/IDMB/images/Tancrede/collection/Bombus_confusus/drone/FR15ABOM220821070_P1.JPG,tail3,OK,,0,1.4952,1.4952,
c4ac4ac4de8b62a7,FR15_ABOM07082020038,/Volumes/EXT DATA/IDMB/images/Tancrede/collection/Bombus_confusus/drone/FR15_ABOM07082020038_P1.JPG,tail3,OK,,0,1.7119,1.7119,
97bfc12c54037661,FR15_ABOM07082020082,/Volumes/EXT DATA/IDMB/images/Tancrede/collection/Bombus_confusus/drone/FR15_ABOM07082020082_P1.JPG,tail3,OK,,0,1.6397,1.6397,
1a043a1b7b139541,FR15_ABOM080820007,/Volumes/EXT DATA/IDMB/images/Tancrede/collection/Bombus_confusus/drone/FR15_ABOM080820007_P1.JPG,tail3,OK,,0,1.5933,1.5933,
89fc065f53a07c6c,FR15_ABOM080820039,/Volumes/EXT DATA/IDMB/images/Tancrede/collection/Bombus_confusus/drone/FR15_ABOM080820039_P1.JPG,tail3,OK,,0,1.5114,1.5114,
c446e12eb9e8f2e7,FR15_ABOM090820071,/Volumes/EXT DATA/IDMB/images/Tancrede/collection/Bombus_confusus/drone/FR15_ABOM090820071_P1.JPG,tail3,OK,,0,1.5806,1.5806,
d381e54c76b84932,FR15_ABOM14080820006,/Volumes/EXT DATA/IDMB/images/Tancrede/collection/Bombus_confusus/drone/FR15_ABOM14080820006_P1.JPG,tail3,OK,,0,1.5910,1.5910,
edae1875d935464a,FR15_ABOM170820009,/Volumes/EXT DATA/IDMB/images/Tancrede/collection/Bombus_confusus/drone/FR15_ABOM170820009_P1.JPG,tail3,OK,,0,1.6791,1.6791,
e9bed482c353f323,FR15_ABOM170820030,/Volumes/EXT DATA/IDMB/images/Tancrede/collection/Bombus_confusus/drone/FR15_ABOM170820030_P1.JPG,tail3,OK,,0,1.2536,1.2536,
62aa8574b31a8e10,NoName8,/Volumes/EXT DATA/IDMB/images/Tancrede/collection/Bombus_confusus/drone/NoName8_P1.JPG,tail3,OK,,0,1.6818,1.6818,
bfc083f5e58f98cb,CollecYvan10,/Volumes/EXT DATA/IDMB/images/Tancrede/collection/Bombus_confusus/worker/CollecYvan10_P1.JPG,tail3,OK,,0,1.8217,1.8217,
00ea6c23df34943f,CollecYvan11,/Volumes/EXT DATA/IDMB/images/Tancrede/collection/Bombus_confusus/worker/CollecYvan11_P1.JPG,tail3,OK,,0,1.6444,1.6444,
787aa56f1ca5d351,CollecYvan12,/Volumes/EXT DATA/IDMB/images/Tancrede/collection/Bombus_confusus/worker/CollecYvan12_P1.JPG,tail3,OK,,0,1.8612,1.8612,
83846ca2db06f257,CollecYvan8,/Volumes/EXT DATA/IDMB/images/Tancrede/collection/Bombus_confusus/worker/CollecYvan8_P1.JPG,tail3,OK,,0,1.7769,1.7769,
2d2cbedbfbe45fcc,CollecYvan9,/Volumes/EXT DATA/IDMB/images/Tancrede/collection/Bombus_confusus/worker/CollecYvan9_P1.JPG,tail3,OK,,0,1.7812,1.7812,
03d2a0d51c0ca9d4,FR15ABOM170821018,/Volumes/EXT DATA/IDMB/images/Tancrede/collection/Bombus_confusus/worker/FR15ABOM170821018_P1.JPG,tail3,OK,,0,1.6229,1.6229,
17c61e59907c4306,FR15ABOM170821115,/Volumes/EXT DATA/IDMB/images/Tancrede/collection/Bombus_confusus/worker/FR15ABOM170821115_P1.JPG,tail3,OK,,0,1.4270,1.4270,
2c8ea2b2cbf8c506,FR15ABOM170821120,/Volumes/EXT DATA/IDMB/images/Tancrede/collection/Bombus_confusus/worker/FR15ABOM170821120_P1.JPG,tail3,OK,,0,1.6825,1.6825,
de8cc19a4a0cf858,FR15ABOM210821112,/Volumes/EXT DATA/IDMB/images/Tancrede/collection/Bombus_confusus/worker/FR15ABOM210821112_P1.JPG,tail3,OK,,0,1.5776,1.5776,
429fd1473678aac6,FR15ABOM210821125,/Volumes/EXT DATA/IDMB/images/Tancrede/collection/Bombus_confusus/worker/FR15ABOM210821125_P1.JPG,tail3,OK,,0,1.4317,1.4317,
9767cb8629ea69a8,FR15ABOM210821147,/Volumes/EXT DATA/IDMB/images/Tancrede/collection/Bombus_confusus/worker/FR15ABOM210821147_P1.JPG,tail3,OK,,0,1.7054,1.7054,
edac55944c4f2aa1,FR15ABOM210821211,/Volumes/EXT DATA/IDMB/images/Tancrede/collection/Bombus_confusus/worker/FR15ABOM210821211_P1.JPG,tail3,OK,,0,1.6336,1.6336,
fdfea81d23ace029,FR15ABOM220821084,/Volumes/EXT DATA/IDMB/images/Tancrede/collection/Bombus_confusus/worker/FR15ABOM220821084_P1.JPG,tail3,OK,,0,1.9203,1.9203,
bf85c0e3ec5a8cb7,FR15ABOM220821085,/Volumes/EXT DATA/IDMB/images/Tancrede/collection/Bombus_confusus/worker/FR15ABOM220821085_P1.JPG,tail3,OK,,0,1.6172,1.6172,
21bde48abb6c837b,FR15_ABOM023082020028,/Volumes/EXT DATA/IDMB/images/Tancrede/collection/Bombus_confusus/worker/FR15_ABOM023082020028_P1.JPG,tail3,OK,,0,1.2612,1.2612,
7151c5a538b7b384,FR15_ABOM07082020049,/Volumes/EXT DATA/IDMB/images/Tancrede/collection/Bombus_confusus/worker/FR15_ABOM07082020049_P1.JPG,tail3,OK,,0,1.2493,1.2493,
8555bc663f588195,FR15_ABOM07082020062,/Volumes/EXT DATA/IDMB/images/Tancrede/collection/Bombus_confusus/worker/FR15_ABOM07082020062_P1.JPG,tail3,SKIPPED,detection.csv missing or status != OK for this image_id,,,,
c75b04a47ac2c0ed,FR15_ABOM09082020094,/Volumes/EXT DATA/IDMB/images/Tancrede/collection/Bombus_confusus/worker/FR15_ABOM09082020094_P1.JPG,tail3,OK,,0,1.5192,1.5192,
a27fb2f758c0cd4e,NoName6,/Volumes/EXT DATA/IDMB/images/Tancrede/collection/Bombus_confusus/worker/NoName6_P1.JPG,tail3,OK,,0,1.7974,1.7974,
53f0687d75dc891e,NoName7,/Volumes/EXT DATA/IDMB/images/Tancrede/collection/Bombus_confusus/worker/NoName7_P1.JPG,tail3,SKIPPED,detection.csv missing or status != OK for this image_id,,,,
7d4d4b58cd03a62f,FR15ABOM060621003,/Volumes/EXT DATA/IDMB/images/Tancrede/collection/Bombus_confusus/queen/FR15ABOM060621003_P1.JPG,tail3,OK,,0,1.2855,1.2855,
28135c20f1a071ce,WB1_23_0001,/Volumes/EXT DATA/IDMB/images/Tancrede/terrain/charlotte/WB1_23_0001_2.jpg,tail3,SUSPECT,19 landmark(s) outside the 512x256 crop,19,2.3153,2.3153,
860609a012ba54b2,WB1_23_0004,/Volumes/EXT DATA/IDMB/images/Tancrede/terrain/charlotte/WB1_23_0004_2.jpg,tail3,SUSPECT,19 landmark(s) outside the 512x256 crop,19,2.2058,2.2058,
c8b200d23d113244,WB1_23_0005,/Volumes/EXT DATA/IDMB/images/Tancrede/terrain/charlotte/WB1_23_0005_2.jpg,tail3,SUSPECT,19 landmark(s) outside the 512x256 crop,19,2.2044,2.2044,
fa83380af44cd17c,WB1_23_0007,/Volumes/EXT DATA/IDMB/images/Tancrede/terrain/charlotte/WB1_23_0007_3.jpg,tail3,SUSPECT,19 landmark(s) outside the 512x256 crop,19,1.9729,1.9729,
28bedf35c31eb95f,WB1_23_0010,/Volumes/EXT DATA/IDMB/images/Tancrede/terrain/charlotte/WB1_23_0010_3.jpg,tail3,SUSPECT,19 landmark(s) outside the 512x256 crop,19,2.4690,2.4690,
6cb54426d86a0177,WB1_23_0032,/Volumes/EXT DATA/IDMB/images/Tancrede/terrain/guilhem/WB1_23_0032_1.jpg,tail3,SUSPECT,19 landmark(s) outside the 512x256 crop,19,2.3153,2.3153,
f5d16296143e082d,WB1_23_0036,/Volumes/EXT DATA/IDMB/images/Tancrede/terrain/guilhem/WB1_23_0036_3.jpg,tail3,SUSPECT,19 landmark(s) outside the 512x256 crop,19,2.1677,2.1677,
827ea1846b9c05ff,WB1_23_0062,/Volumes/EXT DATA/IDMB/images/Tancrede/terrain/ligia/WB1_23_0062_2.jpg,tail3,OK,,0,1.9671,1.9671,
9229d0c02175be13,WB1_23_0112,/Volumes/EXT DATA/IDMB/images/Tancrede/terrain/victor/WB1_23_0112_2.jpg,tail3,OK,,0,2.5786,2.5786,
b5a1f226dd0541fe,WB1_23_0115,/Volumes/EXT DATA/IDMB/images/Tancrede/terrain/victor/WB1_23_0115_2.jpg,tail3,SUSPECT,19 landmark(s) outside the 512x256 crop,19,2.4922,2.4922,
e9cf1fbe945d064a,WB1_23_0119,/Volumes/EXT DATA/IDMB/images/Tancrede/terrain/mehdi/WB1_23_0119_3.jpg,tail3,SUSPECT,19 landmark(s) outside the 512x256 crop,19,2.3615,2.3615,
ed593b8fa3054908,WB1_23_0128,/Volumes/EXT DATA/IDMB/images/Tancrede/terrain/tonie/WB1_23_0128_3.jpg,tail3,SUSPECT,19 landmark(s) outside the 512x256 crop,19,2.0802,2.0802,
45fc9a6670d7d98c,WB1_23_0130,/Volumes/EXT DATA/IDMB/images/Tancrede/terrain/tonie/WB1_23_0130_3.jpg,tail3,SUSPECT,19 landmark(s) outside the 512x256 crop,19,2.4211,2.4211,
55b92a6e1aaa8ca1,WB1_23_0097,/Volumes/EXT DATA/IDMB/images/Tancrede/terrain/basile/WB1_23_0097_3.jpg,tail3,SUSPECT,19 landmark(s) outside the 512x256 crop,19,2.3420,2.3420,
a5efb38f8dd1b65a,WB1_23_0037,/Volumes/EXT DATA/IDMB/images/Tancrede/terrain/guilhem/WB1_23_0037_1.jpg,tail3,SUSPECT,19 landmark(s) outside the 512x256 crop,19,2.2936,2.2936,
e2f9b91e3f1d7fd0,WB1_23,/Volumes/EXT DATA/IDMB/images/Tancrede/terrain/adrien/WB1_23_151.jpg,tail3,OK,,0,2.4470,2.4470,
14d8013686b642db,WB1_23_0070,/Volumes/EXT DATA/IDMB/images/Tancrede/terrain/ligia/WB1_23_0070_1.jpg,tail3,OK,,0,2.4207,2.4207,
c3168cf48a1b36db,WB1_23_0122,/Volumes/EXT DATA/IDMB/images/Tancrede/terrain/mehdi/WB1_23_0122_2.jpg,tail3,SUSPECT,19 landmark(s) outside the 512x256 crop,19,2.3281,2.3281,
0cae09d1cbd1a140,WB1_23_0098,/Volumes/EXT DATA/IDMB/images/Tancrede/terrain/basile/WB1_23_0098_3.jpg,tail3,SUSPECT,19 landmark(s) outside the 512x256 crop,19,2.3213,2.3213,
f3a5aa53803523c7,WB1_23_0134,/Volumes/EXT DATA/IDMB/images/Tancrede/terrain/tonie/WB1_23_0134_2.jpg,tail3,SUSPECT,19 landmark(s) outside the 512x256 crop,19,2.3926,2.3926,
f234439086e710e0,WB1_23_0116,/Volumes/EXT DATA/IDMB/images/Tancrede/terrain/mehdi/WB1_23_0116_2.jpg,tail3,SUSPECT,19 landmark(s) outside the 512x256 crop,19,2.4834,2.4834,
1a87b6c0fe333113,WB1_23_0040,/Volumes/EXT DATA/IDMB/images/Tancrede/terrain/guilhem/WB1_23_0040_1.jpg,tail3,SUSPECT,19 landmark(s) outside the 512x256 crop,19,2.4587,2.4587,
660a56a793d784d0,WB1_23,/Volumes/EXT DATA/IDMB/images/Tancrede/terrain/adrien/WB1_23_137.jpg,tail3,OK,,0,2.5514,2.5514,
,,/Volumes/EXT DATA/IDMB/images/Tancrede/terrain/tarek/IMG_20230719_154946.jpg,,SKIPPED,no match in manifest.csv,,,,
d1a32a0943e03607,WB1_23,/Volumes/EXT DATA/IDMB/images/Tancrede/terrain/adrien/WB1_23_152.jpg,tail3,OK,,0,2.2789,2.2789,
5634b491a22273d8,WB1_23,/Volumes/EXT DATA/IDMB/images/Tancrede/terrain/adrien/WB1_23_153.jpg,tail3,OK,,0,2.4265,2.4265,
,,/Volumes/EXT DATA/IDMB/images/Tancrede/terrain/tarek/IMG_20230719_151646.jpg,,SKIPPED,no match in manifest.csv,,,,
1df0869a8ae33a0f,WB1_23,/Volumes/EXT DATA/IDMB/images/Tancrede/terrain/adrien/WB1_23_147.jpg,tail3,OK,,0,1.8351,1.8351,
00f76d63ecf3d4c9,WB1_23_0039,/Volumes/EXT DATA/IDMB/images/Tancrede/terrain/guilhem/WB1_23_0039_1.jpg,tail3,SUSPECT,19 landmark(s) outside the 512x256 crop,19,2.3000,2.3000,
d3b18028722020d5,WB1_23_0016,/Volumes/EXT DATA/IDMB/images/Tancrede/terrain/yvan/WB1_23_0016_2.jpg,tail3,OK,,0,1.5467,1.5467,
,,/Volumes/EXT DATA/IDMB/images/Tancrede/terrain/tarek/IMG_20230719_151232.jpg,,SKIPPED,no match in manifest.csv,,,,
85e12d7497cd878c,WB1_23_0023,/Volumes/EXT DATA/IDMB/images/Tancrede/terrain/yvan/WB1_23_0023_2.jpg,tail3,OK,,0,1.6297,1.6297,
a395ca2c62684a24,WB1_23_0094,/Volumes/EXT DATA/IDMB/images/Tancrede/terrain/basile/WB1_23_0094_3.jpg,tail3,SUSPECT,19 landmark(s) outside the 512x256 crop,19,2.5234,2.5234,
de81b52cb4f9d746,WB1_23,/Volumes/EXT DATA/IDMB/images/Tancrede/terrain/adrien/WB1_23_139.jpg,tail3,OK,,0,1.9168,1.9168,
e5bf4af9a48e1268,WB1_23_0026,/Volumes/EXT DATA/IDMB/images/Tancrede/terrain/yvan/WB1_23_0026_2.jpg,tail3,OK,,0,2.4914,2.4914,
fa7f99c73251440c,WB1_23_0065,/Volumes/EXT DATA/IDMB/images/Tancrede/terrain/ligia/WB1_23_0065_1.jpg,tail3,OK,,0,2.2193,2.2193,
10b8b34f9c0278c5,WB1_23_0131,/Volumes/EXT DATA/IDMB/images/Tancrede/terrain/tonie/WB1_23_0131_2.jpg,tail3,SUSPECT,19 landmark(s) outside the 512x256 crop,19,2.5254,2.5254,
f4be3d72d3c350c3,WB1_23_0108,/Volumes/EXT DATA/IDMB/images/Tancrede/terrain/victor/WB1_23_0108_1.jpg,tail3,SUSPECT,19 landmark(s) outside the 512x256 crop,19,2.3723,2.3723,
7194b7372193bbc4,WB1_23_0022,/Volumes/EXT DATA/IDMB/images/Tancrede/terrain/yvan/WB1_23_0022_2.jpg,tail3,OK,,0,2.2104,2.2104,
e01f90015eb99504,WB1_23_0109,/Volumes/EXT DATA/IDMB/images/Tancrede/terrain/victor/WB1_23_0109_1.jpg,tail3,OK,,0,2.5176,2.5176,
55a2bad1cffb80d9,WB1_23_0091,/Volumes/EXT DATA/IDMB/images/Tancrede/terrain/basile/WB1_23_0091_3.jpg,tail3,SUSPECT,19 landmark(s) outside the 512x256 crop,19,2.4115,2.4115,
7089ad2a37ae9766,WB1_23_0124,/Volumes/EXT DATA/IDMB/images/Tancrede/terrain/mehdi/WB1_23_0124_2.jpg,tail3,SUSPECT,19 landmark(s) outside the 512x256 crop,19,1.6255,1.6255,
1e473ed2e9c42cd2,WB1_23_0125,/Volumes/EXT DATA/IDMB/images/Tancrede/terrain/mehdi/WB1_23_0125_2.jpg,tail3,SUSPECT,19 landmark(s) outside the 512x256 crop,19,2.3456,2.3456,
e4d52f7e7752966a,WB1_23_0021,/Volumes/EXT DATA/IDMB/images/Tancrede/terrain/yvan/WB1_23_0021_2.jpg,tail3,OK,,0,2.1653,2.1653,
92c40cfae38bcef2,WB1_23,/Volumes/EXT DATA/IDMB/images/Tancrede/terrain/adrien/WB1_23_150.jpg,tail3,OK,,0,2.3047,2.3047,
5e130ee7de7ddffd,WB1_23_0024,/Volumes/EXT DATA/IDMB/images/Tancrede/terrain/yvan/WB1_23_0024_2.jpg,tail3,OK,,0,2.3071,2.3071,
8d70585c2aa84e2a,WB1_23_0061,/Volumes/EXT DATA/IDMB/images/Tancrede/terrain/ligia/WB1_23_0061_1.jpg,tail3,SKIPPED,detection.csv missing or status != OK for this image_id,,,,
b4873a7f2fcd3278,WB1_23_0099,/Volumes/EXT DATA/IDMB/images/Tancrede/terrain/basile/WB1_23_0099_3.jpg,tail3,SUSPECT,19 landmark(s) outside the 512x256 crop,19,2.4691,2.4691,
,,/Volumes/EXT DATA/IDMB/images/Tancrede/terrain/tarek/IMG_20230719_153739.jpg,,SKIPPED,no match in manifest.csv,,,,
055efb6d6bc9f194,WB1_23_0095,/Volumes/EXT DATA/IDMB/images/Tancrede/terrain/basile/WB1_23_0095_3.jpg,tail3,SUSPECT,19 landmark(s) outside the 512x256 crop,19,2.3369,2.3369,
,,/Volumes/EXT DATA/IDMB/images/Tancrede/terrain/tarek/IMG_20230719_152506.jpg,,SKIPPED,no match in manifest.csv,,,,
dbbc7f5f2ca28b58,WB1_23_0135,/Volumes/EXT DATA/IDMB/images/Tancrede/terrain/tonie/WB1_23_0135_2.jpg,tail3,SUSPECT,19 landmark(s) outside the 512x256 crop,19,2.2004,2.2004,
d4996e4e78bb2bde,WB1_23_0133,/Volumes/EXT DATA/IDMB/images/Tancrede/terrain/tonie/WB1_23_0133_2.jpg,tail3,SUSPECT,19 landmark(s) outside the 512x256 crop,19,2.2020,2.2020,
902a4f3c7dd68646,WB1_23_0092,/Volumes/EXT DATA/IDMB/images/Tancrede/terrain/basile/WB1_23_0092_3.jpg,tail3,SUSPECT,19 landmark(s) outside the 512x256 crop,19,2.2963,2.2963,
66a6152156033f1d,WB1_23_0064,/Volumes/EXT DATA/IDMB/images/Tancrede/terrain/ligia/WB1_23_0064_1.jpg,tail3,OK,,0,2.0759,2.0759,
a2a77d3889fe5fd1,WB1_23_0033,/Volumes/EXT DATA/IDMB/images/Tancrede/terrain/guilhem/WB1_23_0033_1.jpg,tail3,SUSPECT,19 landmark(s) outside the 512x256 crop,19,2.2542,2.2542,
8e12882daf60785d,WB1_23,/Volumes/EXT DATA/IDMB/images/Tancrede/terrain/adrien/WB1_23_148.jpg,tail3,SUSPECT,14 landmark(s) outside the 512x256 crop,14,2.4761,2.4761,
35a5e3818fce5315,WB1_23_0127,/Volumes/EXT DATA/IDMB/images/Tancrede/terrain/tonie/WB1_23_0127_3.jpg,tail3,SUSPECT,19 landmark(s) outside the 512x256 crop,19,2.1985,2.1985,
191f1b42fa60e527,WB1_23_0038,/Volumes/EXT DATA/IDMB/images/Tancrede/terrain/guilhem/WB1_23_0038_1.jpg,tail3,SUSPECT,19 landmark(s) outside the 512x256 crop,19,2.1825,2.1825,
2e8ae39272cfff58,WB1_23_0121,/Volumes/EXT DATA/IDMB/images/Tancrede/terrain/mehdi/WB1_23_0121_2.jpg,tail3,SUSPECT,19 landmark(s) outside the 512x256 crop,19,2.5376,2.5376,
48b539d06ca31a5b,WB1_23_0126,/Volumes/EXT DATA/IDMB/images/Tancrede/terrain/tonie/WB1_23_0126_2.jpg,tail3,SUSPECT,19 landmark(s) outside the 512x256 crop,19,2.4686,2.4686,
8d3f424d5d5415e1,WB1_23,/Volumes/EXT DATA/IDMB/images/Tancrede/terrain/adrien/WB1_23_146.jpg,tail3,SUSPECT,19 landmark(s) outside the 512x256 crop,19,2.1885,2.1885,
3469b394d374c589,WB1_23,/Volumes/EXT DATA/IDMB/images/Tancrede/terrain/adrien/WB1_23_145.jpg,tail3,OK,,0,2.5696,2.5696,
96026cf46a1a1e7a,WB1_23_0002,/Volumes/EXT DATA/IDMB/images/Tancrede/terrain/charlotte/WB1_23_0002_1.jpg,tail3,SUSPECT,19 landmark(s) outside the 512x256 crop,19,2.3062,2.3062,
,,/Volumes/EXT DATA/IDMB/images/Tancrede/terrain/tarek/IMG_20230719_153420.jpg,,SKIPPED,no match in manifest.csv,,,,
,,/Volumes/EXT DATA/IDMB/images/Tancrede/terrain/tarek/IMG_20230719_154142_1.jpg,,SKIPPED,no match in manifest.csv,,,,
a888e6d4ee1e075a,WB1_23_0117,/Volumes/EXT DATA/IDMB/images/Tancrede/terrain/mehdi/WB1_23_0117_2.jpg,tail3,SUSPECT,19 landmark(s) outside the 512x256 crop,19,2.4024,2.4024,
31eed8e0c549a4ab,WB1_23,/Volumes/EXT DATA/IDMB/images/Tancrede/terrain/adrien/WB1_23_144.jpg,tail3,OK,,0,1.8182,1.8182,
f67491d05869af1f,WB1_23_0035,/Volumes/EXT DATA/IDMB/images/Tancrede/terrain/guilhem/WB1_23_0035_1.jpg,tail3,SUSPECT,19 landmark(s) outside the 512x256 crop,19,2.1046,2.1046,
368d65d35246b730,WB1_23_0129,/Volumes/EXT DATA/IDMB/images/Tancrede/terrain/tonie/WB1_23_0129_2.jpg,tail3,SUSPECT,19 landmark(s) outside the 512x256 crop,19,2.1126,2.1126,
faa4202902ed06d4,WB1_23_0025,/Volumes/EXT DATA/IDMB/images/Tancrede/terrain/yvan/WB1_23_0025_2.jpg,tail3,OK,,0,1.8994,1.8994,
,,/Volumes/EXT DATA/IDMB/images/Tancrede/terrain/tarek/IMG_20230719_155556.jpg,,SKIPPED,no match in manifest.csv,,,,
37c4492352a01995,WB1_23_0110,/Volumes/EXT DATA/IDMB/images/Tancrede/terrain/victor/WB1_23_0110_1.jpg,tail3,OK,,0,2.3584,2.3584,
587e87110950face,WB1_23_0031,/Volumes/EXT DATA/IDMB/images/Tancrede/terrain/guilhem/WB1_23_0031_1.jpg,tail3,SUSPECT,19 landmark(s) outside the 512x256 crop,19,2.3408,2.3408,
33aa1eb629d08b62,WB1_23_0069,/Volumes/EXT DATA/IDMB/images/Tancrede/terrain/ligia/WB1_23_0069_1.jpg,tail3,OK,,0,2.3951,2.3951,
5843b2e0c3064d2c,WB1_23_0063,/Volumes/EXT DATA/IDMB/images/Tancrede/terrain/ligia/WB1_23_0063_1.jpg,tail3,OK,,0,2.2035,2.2035,
178e31f117d29e7b,WB1_23_0017,/Volumes/EXT DATA/IDMB/images/Tancrede/terrain/yvan/WB1_23_0017_1.jpg,tail3,OK,,0,1.6328,1.6328,
1a8e55a96ee20af0,WB1_23_0008,/Volumes/EXT DATA/IDMB/images/Tancrede/terrain/charlotte/WB1_23_0008_1.jpg,tail3,SUSPECT,19 landmark(s) outside the 512x256 crop,19,2.3355,2.3355,
a23ca808f430c3ca,WB1_23_0068,/Volumes/EXT DATA/IDMB/images/Tancrede/terrain/ligia/WB1_23_0068_1.jpg,tail3,OK,,0,2.3179,2.3179,
0c4dcb4603c16768,WB1_23_0096,/Volumes/EXT DATA/IDMB/images/Tancrede/terrain/basile/WB1_23_0096_3.jpg,tail3,SUSPECT,19 landmark(s) outside the 512x256 crop,19,2.2989,2.2989,
4a87f13f5d00c26e,WB1_23,/Volumes/EXT DATA/IDMB/images/Tancrede/terrain/adrien/WB1_23_142.jpg,tail3,OK,,0,2.4556,2.4556,
13876b139df5ee3a,WB1_23_0132,/Volumes/EXT DATA/IDMB/images/Tancrede/terrain/tonie/WB1_23_0132_2.jpg,tail3,SUSPECT,19 landmark(s) outside the 512x256 crop,19,2.3985,2.3985,
8de5966abd96758c,WB1_23_0093,/Volumes/EXT DATA/IDMB/images/Tancrede/terrain/basile/WB1_23_0093_3.jpg,tail3,SUSPECT,19 landmark(s) outside the 512x256 crop,19,2.2553,2.2553,
f97dfb9f4f542741,WB1_23_0107,/Volumes/EXT DATA/IDMB/images/Tancrede/terrain/victor/WB1_23_0107_1.jpg,tail3,SUSPECT,19 landmark(s) outside the 512x256 crop,19,2.2981,2.2981,
,,/Volumes/EXT DATA/IDMB/images/Tancrede/terrain/tarek/IMG_20230719_150347.jpg,,SKIPPED,no match in manifest.csv,,,,
2eefb8a31d4af686,WB1_23_0006,/Volumes/EXT DATA/IDMB/images/Tancrede/terrain/charlotte/WB1_23_0006_1.jpg,tail3,SUSPECT,19 landmark(s) outside the 512x256 crop,19,2.2073,2.2073,
,,/Volumes/EXT DATA/IDMB/images/Tancrede/terrain/tarek/IMG_20230719_152946.jpg,,SKIPPED,no match in manifest.csv,,,,
,,/Volumes/EXT DATA/IDMB/images/Tancrede/terrain/tarek/IMG_20230719_152217.jpg,,SKIPPED,no match in manifest.csv,,,,
26166e45709ebc9a,WB1_23_0034,/Volumes/EXT DATA/IDMB/images/Tancrede/terrain/guilhem/WB1_23_0034_1.jpg,tail3,SUSPECT,19 landmark(s) outside the 512x256 crop,19,2.0076,2.0076,
8aef8e8ffc540ab6,WB1_23_0118,/Volumes/EXT DATA/IDMB/images/Tancrede/terrain/mehdi/WB1_23_0118_2.jpg,tail3,SUSPECT,19 landmark(s) outside the 512x256 crop,19,2.4897,2.4897,
7fa0ec15bf3f9347,WB1_23,/Volumes/EXT DATA/IDMB/images/Tancrede/terrain/adrien/WB1_23_149.jpg,tail3,OK,,0,2.5222,2.5222,
e6909ee6fef3700f,WB1_23_0120,/Volumes/EXT DATA/IDMB/images/Tancrede/terrain/mehdi/WB1_23_0120_2.jpg,tail3,SUSPECT,19 landmark(s) outside the 512x256 crop,19,2.0661,2.0661,
3562df6cbf6b55f1,WB1_23,/Volumes/EXT DATA/IDMB/images/Tancrede/terrain/adrien/WB1_23_138.jpg,tail3,OK,,0,2.3152,2.3152,
0f00efbd7ff9d96d,WB1_23_0123,/Volumes/EXT DATA/IDMB/images/Tancrede/terrain/mehdi/WB1_23_0123_2.jpg,tail3,SUSPECT,19 landmark(s) outside the 512x256 crop,19,1.7122,1.7122,
,,/Volumes/EXT DATA/IDMB/images/Tancrede/terrain/tarek/IMG_20230719_154527.jpg,,SKIPPED,no match in manifest.csv,,,,
d82c06c8e281a1c5,WB1_23_0067,/Volumes/EXT DATA/IDMB/images/Tancrede/terrain/ligia/WB1_23_0067_1.jpg,tail3,OK,,0,2.3149,2.3149,
d109c5940b63b4db,WB1_23_0019,/Volumes/EXT DATA/IDMB/images/Tancrede/terrain/yvan/WB1_23_0019_3.jpg,tail3,SKIPPED,detection.csv missing or status != OK for this image_id,,,,
61f24c90a2fe3f6b,WB1_23_0113,/Volumes/EXT DATA/IDMB/images/Tancrede/terrain/victor/WB1_23_0113_1.jpg,tail3,OK,,0,2.7720,2.7720,
