original_id,source_type,photographer,device_type,shot_index,raw_path,ext,file_size_bytes,content_hash,status,status_reason
WB1_23_0136,terrain,adrien,,1,/Volumes/EXT DATA/IDMB/images/Bombus/terrain/adrien/WB1_23_0136_1.jpg,.jpg,2237401,117848f116e135c3,OK,
WB1_23_0137,terrain,adrien,,1,/Volumes/EXT DATA/IDMB/images/Bombus/terrain/adrien/WB1_23_0137_1.jpg,.jpg,2032338,660a56a793d784d0,OK,
WB1_23_0138,terrain,adrien,,1,/Volumes/EXT DATA/IDMB/images/Bombus/terrain/adrien/WB1_23_0138_1.jpg,.jpg,2449917,3562df6cbf6b55f1,OK,
WB1_23_0139,terrain,adrien,,1,/Volumes/EXT DATA/IDMB/images/Bombus/terrain/adrien/WB1_23_0139_1.jpg,.jpg,1950687,de81b52cb4f9d746,OK,
WB1_23_0140,terrain,adrien,,1,/Volumes/EXT DATA/IDMB/images/Bombus/terrain/adrien/WB1_23_0140_1.jpg,.jpg,1907575,002b56227fedafaa,OK,
WB1_23_0141,terrain,adrien,,1,/Volumes/EXT DATA/IDMB/images/Bombus/terrain/adrien/WB1_23_0141_1.jpg,.jpg,2020456,8449c8e7afb1d96d,OK,
WB1_23_0142,terrain,adrien,,1,/Volumes/EXT DATA/IDMB/images/Bombus/terrain/adrien/WB1_23_0142_1.jpg,.jpg,1506922,4a87f13f5d00c26e,OK,
WB1_23_0143,terrain,adrien,,1,/Volumes/EXT DATA/IDMB/images/Bombus/terrain/adrien/WB1_23_0143_1.jpg,.jpg,1263719,f58f0624502432d6,OK,
WB1_23_0144,terrain,adrien,,1,/Volumes/EXT DATA/IDMB/images/Bombus/terrain/adrien/WB1_23_0144_1.jpg,.jpg,2246253,31eed8e0c549a4ab,OK,
WB1_23_0145,terrain,adrien,,1,/Volumes/EXT DATA/IDMB/images/Bombus/terrain/adrien/WB1_23_0145_1.jpg,.jpg,2087832,3469b394d374c589,OK,
WB1_23_0146,terrain,adrien,,1,/Volumes/EXT DATA/IDMB/images/Bombus/terrain/adrien/WB1_23_0146_1.jpg,.jpg,1964278,8d3f424d5d5415e1,OK,
WB1_23_0147,terrain,adrien,,1,/Volumes/EXT DATA/IDMB/images/Bombus/terrain/adrien/WB1_23_0147_1.jpg,.jpg,2694749,1df0869a8ae33a0f,OK,
WB1_23_0148,terrain,adrien,,1,/Volumes/EXT DATA/IDMB/images/Bombus/terrain/adrien/WB1_23_0148_1.jpg,.jpg,2209733,8e12882daf60785d,OK,
WB1_23_0149,terrain,adrien,,1,/Volumes/EXT DATA/IDMB/images/Bombus/terrain/adrien/WB1_23_0149_1.jpg,.jpg,1971541,7fa0ec15bf3f9347,OK,
WB1_23_0150,terrain,adrien,,1,/Volumes/EXT DATA/IDMB/images/Bombus/terrain/adrien/WB1_23_0150_1.jpg,.jpg,2245594,92c40cfae38bcef2,OK,
WB1_23_0151,terrain,adrien,,1,/Volumes/EXT DATA/IDMB/images/Bombus/terrain/adrien/WB1_23_0151_1.jpg,.jpg,2106513,e2f9b91e3f1d7fd0,OK,
WB1_23_0152,terrain,adrien,,1,/Volumes/EXT DATA/IDMB/images/Bombus/terrain/adrien/WB1_23_0152_1.jpg,.jpg,2222271,d1a32a0943e03607,OK,
WB1_23_0153,terrain,adrien,,1,/Volumes/EXT DATA/IDMB/images/Bombus/terrain/adrien/WB1_23_0153_1.jpg,.jpg,2146866,5634b491a22273d8,OK,
WB1_23_0154,terrain,adrien,,1,/Volumes/EXT DATA/IDMB/images/Bombus/terrain/adrien/WB1_23_0154_1.jpg,.jpg,1941516,f494ef89c639cd5b,OK,
WB1_23_0091,terrain,basile,,1,/Volumes/EXT DATA/IDMB/images/Bombus/terrain/basile/WB1_23_0091_1.jpg,.jpg,1207705,29cd02e9b7eab341,OK,
WB1_23_0091,terrain,basile,,2,/Volumes/EXT DATA/IDMB/images/Bombus/terrain/basile/WB1_23_0091_2.jpg,.jpg,1421140,34e98ea4159e8ee3,OK,
WB1_23_0091,terrain,basile,,3,/Volumes/EXT DATA/IDMB/images/Bombus/terrain/basile/WB1_23_0091_3.jpg,.jpg,1588443,55a2bad1cffb80d9,OK,
WB1_23_0092,terrain,basile,,1,/Volumes/EXT DATA/IDMB/images/Bombus/terrain/basile/WB1_23_0092_1.jpg,.jpg,1267237,583f63f069e9fa42,OK,
WB1_23_0092,terrain,basile,,2,/Volumes/EXT DATA/IDMB/images/Bombus/terrain/basile/WB1_23_0092_2.jpg,.jpg,1329163,07798c8252d01eca,OK,
WB1_23_0092,terrain,basile,,3,/Volumes/EXT DATA/IDMB/images/Bombus/terrain/basile/WB1_23_0092_3.jpg,.jpg,1374045,902a4f3c7dd68646,OK,
WB1_23_0093,terrain,basile,,1,/Volumes/EXT DATA/IDMB/images/Bombus/terrain/basile/WB1_23_0093_1.jpg,.jpg,1437405,c75760b50b9457ff,OK,
WB1_23_0093,terrain,basile,,2,/Volumes/EXT DATA/IDMB/images/Bombus/terrain/basile/WB1_23_0093_2.jpg,.jpg,1522258,1052ec3d3be644f0,OK,
WB1_23_0093,terrain,basile,,3,/Volumes/EXT DATA/IDMB/images/Bombus/terrain/basile/WB1_23_0093_3.jpg,.jpg,1436457,8de5966abd96758c,OK,
WB1_23_0094,terrain,basile,,1,/Volumes/EXT DATA/IDMB/images/Bombus/terrain/basile/WB1_23_0094_1.jpg,.jpg,1440420,897f5d7e4aefb7ba,OK,
WB1_23_0094,terrain,basile,,2,/Volumes/EXT DATA/IDMB/images/Bombus/terrain/basile/WB1_23_0094_2.jpg,.jpg,1567750,48d3e0597f555a37,OK,
WB1_23_0094,terrain,basile,,3,/Volumes/EXT DATA/IDMB/images/Bombus/terrain/basile/WB1_23_0094_3.jpg,.jpg,1439081,a395ca2c62684a24,OK,
WB1_23_0095,terrain,basile,,1,/Volumes/EXT DATA/IDMB/images/Bombus/terrain/basile/WB1_23_0095_1.jpg,.jpg,1719216,a3a683d3e211659a,OK,
WB1_23_0095,terrain,basile,,2,/Volumes/EXT DATA/IDMB/images/Bombus/terrain/basile/WB1_23_0095_2.jpg,.jpg,1813180,c8f651b149b60802,OK,
WB1_23_0095,terrain,basile,,3,/Volumes/EXT DATA/IDMB/images/Bombus/terrain/basile/WB1_23_0095_3.jpg,.jpg,1860386,055efb6d6bc9f194,OK,
WB1_23_0096,terrain,basile,,1,/Volumes/EXT DATA/IDMB/images/Bombus/terrain/basile/WB1_23_0096_1.jpg,.jpg,1599740,2d9f6209b4351265,OK,
WB1_23_0096,terrain,basile,,2,/Volumes/EXT DATA/IDMB/images/Bombus/terrain/basile/WB1_23_0096_2.jpg,.jpg,1983987,e5f2ce8f29e5319a,OK,
WB1_23_0096,terrain,basile,,3,/Volumes/EXT DATA/IDMB/images/Bombus/terrain/basile/WB1_23_0096_3.jpg,.jpg,1871036,0c4dcb4603c16768,OK,
WB1_23_0097,terrain,basile,,1,/Volumes/EXT DATA/IDMB/images/Bombus/terrain/basile/WB1_23_0097_1.jpg,.jpg,1653127,d14703fcaa392c42,OK,
WB1_23_0097,terrain,basile,,2,/Volumes/EXT DATA/IDMB/images/Bombus/terrain/basile/WB1_23_0097_2.jpg,.jpg,1353800,8de259c2fb1539a3,OK,
WB1_23_0097,terrain,basile,,3,/Volumes/EXT DATA/IDMB/images/Bombus/terrain/basile/WB1_23_0097_3.jpg,.jpg,1399447,55b92a6e1aaa8ca1,OK,
WB1_23_0098,terrain,basile,,1,/Volumes/EXT DATA/IDMB/images/Bombus/terrain/basile/WB1_23_0098_1.jpg,.jpg,1312151,6d318bd7c87d6038,OK,
WB1_23_0098,terrain,basile,,2,/Volumes/EXT DATA/IDMB/images/Bombus/terrain/basile/WB1_23_0098_2.jpg,.jpg,1224132,fb4b497d5dc7e37e,OK,
WB1_23_0098,terrain,basile,,3,/Volumes/EXT DATA/IDMB/images/Bombus/terrain/basile/WB1_23_0098_3.jpg,.jpg,1549839,0cae09d1cbd1a140,OK,
WB1_23_0099,terrain,basile,,1,/Volumes/EXT DATA/IDMB/images/Bombus/terrain/basile/WB1_23_0099_1.jpg,.jpg,1283685,fcd7c55c3652781c,OK,
WB1_23_0099,terrain,basile,,2,/Volumes/EXT DATA/IDMB/images/Bombus/terrain/basile/WB1_23_0099_2.jpg,.jpg,1632843,581573cea437b3ba,OK,
WB1_23_0099,terrain,basile,,3,/Volumes/EXT DATA/IDMB/images/Bombus/terrain/basile/WB1_23_0099_3.jpg,.jpg,1594408,b4873a7f2fcd3278,OK,
WB1_23_0001,terrain,charlotte,,1,/Volumes/EXT DATA/IDMB/images/Bombus/terrain/charlotte/WB1_23_0001_1.jpg,.jpg,2748820,1ec2920b7711c492,OK,
WB1_23_0001,terrain,charlotte,,2,/Volumes/EXT DATA/IDMB/images/Bombus/terrain/charlotte/WB1_23_0001_2.jpg,.jpg,3361738,28135c20f1a071ce,OK,
WB1_23_0001,terrain,charlotte,,3,/Volumes/EXT DATA/IDMB/images/Bombus/terrain/charlotte/WB1_23_0001_3.jpg,.jpg,3276909,fbfc71dc4207f5b6,OK,
WB1_23_0002,terrain,charlotte,,1,/Volumes/EXT DATA/IDMB/images/Bombus/terrain/charlotte/WB1_23_0002_1.jpg,.jpg,3063861,96026cf46a1a1e7a,OK,
WB1_23_0002,terrain,charlotte,,2,/Volumes/EXT DATA/IDMB/images/Bombus/terrain/charlotte/WB1_23_0002_2.jpg,.jpg,2786647,96ba468f4d8fdcc9,OK,
WB1_23_0002,terrain,charlotte,,3,/Volumes/EXT DATA/IDMB/images/Bombus/terrain/charlotte/WB1_23_0002_3.jpg,.jpg,2880691,b8d21ceb5b7dbb19,OK,
WB1_23_0003,terrain,charlotte,,1,/Volumes/EXT DATA/IDMB/images/Bombus/terrain/charlotte/WB1_23_0003_1.jpg,.jpg,3307960,07e9a514519ce5a6,OK,
WB1_23_0003,terrain,charlotte,,2,/Volumes/EXT DATA/IDMB/images/Bombus/terrain/charlotte/WB1_23_0003_2.jpg,.jpg,2970236,fd3e02b1f5eb38c3,OK,
WB1_23_0003,terrain,charlotte,,3,/Volumes/EXT DATA/IDMB/images/Bombus/terrain/charlotte/WB1_23_0003_3.jpg,.jpg,3155058,942670a10ad97ab0,OK,
WB1_23_0004,terrain,charlotte,,1,/Volumes/EXT DATA/IDMB/images/Bombus/terrain/charlotte/WB1_23_0004_1.jpg,.jpg,2939421,d4ff3ebe9dd862f6,OK,
WB1_23_0004,terrain,charlotte,,2,/Volumes/EXT DATA/IDMB/images/Bombus/terrain/charlotte/WB1_23_0004_2.jpg,.jpg,3094337,860609a012ba54b2,OK,
WB1_23_0004,terrain,charlotte,,3,/Volumes/EXT DATA/IDMB/images/Bombus/terrain/charlotte/WB1_23_0004_3.jpg,.jpg,3123385,e12956c68cb4d960,OK,
WB1_23_0005,terrain,charlotte,,1,/Volumes/EXT DATA/IDMB/images/Bombus/terrain/charlotte/WB1_23_0005_1.jpg,.jpg,3506118,015b78e7773e0976,OK,
WB1_23_0005,terrain,charlotte,,2,/Volumes/EXT DATA/IDMB/images/Bombus/terrain/charlotte/WB1_23_0005_2.jpg,.jpg,3118208,c8b200d23d113244,OK,
WB1_23_0005,terrain,charlotte,,3,/Volumes/EXT DATA/IDMB/images/Bombus/terrain/charlotte/WB1_23_0005_3.jpg,.jpg,3338518,bbec8bd9e71bc871,OK,
WB1_23_0006,terrain,charlotte,,1,/Volumes/EXT DATA/IDMB/images/Bombus/terrain/charlotte/WB1_23_0006_1.jpg,.jpg,3139155,2eefb8a31d4af686,OK,
WB1_23_0006,terrain,charlotte,,2,/Volumes/EXT DATA/IDMB/images/Bombus/terrain/charlotte/WB1_23_0006_2.jpg,.jpg,3182969,e1c064290080d487,OK,
WB1_23_0006,terrain,charlotte,,3,/Volumes/EXT DATA/IDMB/images/Bombus/terrain/charlotte/WB1_23_0006_3.jpg,.jpg,2895330,c5b9aab9d98b82a1,OK,
WB1_23_0007,terrain,charlotte,,1,/Volumes/EXT DATA/IDMB/images/Bombus/terrain/charlotte/WB1_23_0007_1.jpg,.jpg,4046425,e3fd653e56af86d8,OK,
WB1_23_0007,terrain,charlotte,,2,/Volumes/EXT DATA/IDMB/images/Bombus/terrain/charlotte/WB1_23_0007_2.jpg,.jpg,2934790,f1ec92a23ec3e5ed,OK,
WB1_23_0007,terrain,charlotte,,3,/Volumes/EXT DATA/IDMB/images/Bombus/terrain/charlotte/WB1_23_0007_3.jpg,.jpg,2744765,fa83380af44cd17c,OK,
WB1_23_0008,terrain,charlotte,,1,/Volumes/EXT DATA/IDMB/images/Bombus/terrain/charlotte/WB1_23_0008_1.jpg,.jpg,3055200,1a8e55a96ee20af0,OK,
WB1_23_0008,terrain,charlotte,,2,/Volumes/EXT DATA/IDMB/images/Bombus/terrain/charlotte/WB1_23_0008_2.jpg,.jpg,2688402,eaf4d354d8f89f94,OK,
WB1_23_0008,terrain,charlotte,,3,/Volumes/EXT DATA/IDMB/images/Bombus/terrain/charlotte/WB1_23_0008_3.jpg,.jpg,2749654,104cfd8aea74dd62,OK,
WB1_23_0009,terrain,charlotte,,1,/Volumes/EXT DATA/IDMB/images/Bombus/terrain/charlotte/WB1_23_0009_1.jpg,.jpg,3030829,a4acd8ccf4adedd4,OK,
WB1_23_0009,terrain,charlotte,,2,/Volumes/EXT DATA/IDMB/images/Bombus/terrain/charlotte/WB1_23_0009_2.jpg,.jpg,3056903,b3d9986af282ec52,OK,
WB1_23_0009,terrain,charlotte,,3,/Volumes/EXT DATA/IDMB/images/Bombus/terrain/charlotte/WB1_23_0009_3.jpg,.jpg,3156102,00864951f118742e,OK,
WB1_23_0010,terrain,charlotte,,1,/Volumes/EXT DATA/IDMB/images/Bombus/terrain/charlotte/WB1_23_0010_1.jpg,.jpg,3776437,67295ae9b5516a7a,OK,
WB1_23_0010,terrain,charlotte,,2,/Volumes/EXT DATA/IDMB/images/Bombus/terrain/charlotte/WB1_23_0010_2.jpg,.jpg,3608413,98a0aee588205d91,OK,
WB1_23_0010,terrain,charlotte,,3,/Volumes/EXT DATA/IDMB/images/Bombus/terrain/charlotte/WB1_23_0010_3.jpg,.jpg,2904800,28bedf35c31eb95f,OK,
WB1_23_0031,terrain,guilhem,,1,/Volumes/EXT DATA/IDMB/images/Bombus/terrain/guilhem/WB1_23_0031_1.jpg,.jpg,2306012,587e87110950face,OK,
WB1_23_0031,terrain,guilhem,,2,/Volumes/EXT DATA/IDMB/images/Bombus/terrain/guilhem/WB1_23_0031_2.jpg,.jpg,2321879,87147c6126e98c7b,OK,
WB1_23_0031,terrain,guilhem,,3,/Volumes/EXT DATA/IDMB/images/Bombus/terrain/guilhem/WB1_23_0031_3.jpg,.jpg,1873627,ba5f221e7f1a7808,OK,
WB1_23_0032,terrain,guilhem,,1,/Volumes/EXT DATA/IDMB/images/Bombus/terrain/guilhem/WB1_23_0032_1.jpg,.jpg,1600490,6cb54426d86a0177,OK,
WB1_23_0032,terrain,guilhem,,2,/Volumes/EXT DATA/IDMB/images/Bombus/terrain/guilhem/WB1_23_0032_2.jpg,.jpg,1536027,3b754fc2c0bba798,OK,
WB1_23_0032,terrain,guilhem,,3,/Volumes/EXT DATA/IDMB/images/Bombus/terrain/guilhem/WB1_23_0032_3.jpg,.jpg,1642055,4eb9ca6d05d40ec3,OK,
WB1_23_0033,terrain,guilhem,,1,/Volumes/EXT DATA/IDMB/images/Bombus/terrain/guilhem/WB1_23_0033_1.jpg,.jpg,1687074,a2a77d3889fe5fd1,OK,
WB1_23_0033,terrain,guilhem,,2,/Volumes/EXT DATA/IDMB/images/Bombus/terrain/guilhem/WB1_23_0033_2.jpg,.jpg,1744028,1f4a7bd782c9de49,OK,
WB1_23_0033,terrain,guilhem,,3,/Volumes/EXT DATA/IDMB/images/Bombus/terrain/guilhem/WB1_23_0033_3.jpg,.jpg,1594955,065a417a65f5cc2e,OK,
WB1_23_0034,terrain,guilhem,,1,/Volumes/EXT DATA/IDMB/images/Bombus/terrain/guilhem/WB1_23_0034_1.jpg,.jpg,1714231,26166e45709ebc9a,OK,
WB1_23_0034,terrain,guilhem,,2,/Volumes/EXT DATA/IDMB/images/Bombus/terrain/guilhem/WB1_23_0034_2.jpg,.jpg,1618337,2d9ac241579ef28a,OK,
WB1_23_0034,terrain,guilhem,,3,/Volumes/EXT DATA/IDMB/images/Bombus/terrain/guilhem/WB1_23_0034_3.jpg,.jpg,1642819,00e04687d702fd94,OK,
WB1_23_0035,terrain,guilhem,,1,/Volumes/EXT DATA/IDMB/images/Bombus/terrain/guilhem/WB1_23_0035_1.jpg,.jpg,1550128,f67491d05869af1f,OK,
WB1_23_0035,terrain,guilhem,,2,/Volumes/EXT DATA/IDMB/images/Bombus/terrain/guilhem/WB1_23_0035_2.jpg,.jpg,1436678,5091ba6c72547baa,OK,
WB1_23_0035,terrain,guilhem,,3,/Volumes/EXT DATA/IDMB/images/Bombus/terrain/guilhem/WB1_23_0035_3.jpg,.jpg,1348917,73aee1ba46fb55b0,OK,
WB1_23_0036,terrain,guilhem,,1,/Volumes/EXT DATA/IDMB/images/Bombus/terrain/guilhem/WB1_23_0036_1.jpg,.jpg,1486270,06c59fa1e71dad5a,OK,
WB1_23_0036,terrain,guilhem,,2,/Volumes/EXT DATA/IDMB/images/Bombus/terrain/guilhem/WB1_23_0036_2.jpg,.jpg,1457027,1ef0d61612b907a0,OK,
WB1_23_0036,terrain,guilhem,,3,/Volumes/EXT DATA/IDMB/images/Bombus/terrain/guilhem/WB1_23_0036_3.jpg,.jpg,1684225,f5d16296143e082d,OK,
WB1_23_0037,terrain,guilhem,,1,/Volumes/EXT DATA/IDMB/images/Bombus/terrain/guilhem/WB1_23_0037_1.jpg,.jpg,1866902,a5efb38f8dd1b65a,OK,
WB1_23_0037,terrain,guilhem,,2,/Volumes/EXT DATA/IDMB/images/Bombus/terrain/guilhem/WB1_23_0037_2.jpg,.jpg,1603410,f6d4dbcd40f793b7,OK,
WB1_23_0037,terrain,guilhem,,3,/Volumes/EXT DATA/IDMB/images/Bombus/terrain/guilhem/WB1_23_0037_3.jpg,.jpg,1677715,400eae8df4fdfccc,OK,
WB1_23_0038,terrain,guilhem,,1,/Volumes/EXT DATA/IDMB/images/Bombus/terrain/guilhem/WB1_23_0038_1.jpg,.jpg,1531323,191f1b42fa60e527,OK,
WB1_23_0038,terrain,guilhem,,2,/Volumes/EXT DATA/IDMB/images/Bombus/terrain/guilhem/WB1_23_0038_2.jpg,.jpg,1871648,fb24486a61c5d5de,OK,
WB1_23_0038,terrain,guilhem,,3,/Volumes/EXT DATA/IDMB/images/Bombus/terrain/guilhem/WB1_23_0038_3.jpg,.jpg,1622145,267f1c6844a25db6,OK,
WB1_23_0039,terrain,guilhem,,1,/Volumes/EXT DATA/IDMB/images/Bombus/terrain/guilhem/WB1_23_0039_1.jpg,.jpg,1683348,00f76d63ecf3d4c9,OK,
WB1_23_0039,terrain,guilhem,,2,/Volumes/EXT DATA/IDMB/images/Bombus/terrain/guilhem/WB1_23_0039_2.jpg,.jpg,1867852,85abce1974be1d70,OK,
WB1_23_0039,terrain,guilhem,,3,/Volumes/EXT DATA/IDMB/images/Bombus/terrain/guilhem/WB1_23_0039_3.jpg,.jpg,1589157,e5db44a716447b1e,OK,
WB1_23_0040,terrain,guilhem,,1,/Volumes/EXT DATA/IDMB/images/Bombus/terrain/guilhem/WB1_23_0040_1.jpg,.jpg,1684968,1a87b6c0fe333113,OK,
WB1_23_0040,terrain,guilhem,,2,/Volumes/EXT DATA/IDMB/images/Bombus/terrain/guilhem/WB1_23_0040_2.jpg,.jpg,1640500,c92c91a569144011,OK,
WB1_23_0040,terrain,guilhem,,3,/Volumes/EXT DATA/IDMB/images/Bombus/terrain/guilhem/WB1_23_0040_3.jpg,.jpg,1604661,0d475e01e9858143,OK,
WB1_23_0061,terrain,ligia,,1,/Volumes/EXT DATA/IDMB/images/Bombus/terrain/ligia/WB1_23_0061_1.jpg,.jpg,549641,8d70585c2aa84e2a,OK,
WB1_23_0062,terrain,ligia,,1,/Volumes/EXT DATA/IDMB/images/Bombus/terrain/ligia/WB1_23_0062_1.jpg,.jpg,1649135,aba5b36ce622e242,OK,
WB1_23_0062,terrain,ligia,,2,/Volumes/EXT DATA/IDMB/images/Bombus/terrain/ligia/WB1_23_0062_2.jpg,.jpg,1898207,827ea1846b9c05ff,OK,
WB1_23_0062,terrain,ligia,,3,/Volumes/EXT DATA/IDMB/images/Bombus/terrain/ligia/WB1_23_0062_3.jpg,.jpg,1915836,86425bb226c4b811,OK,
WB1_23_0063,terrain,ligia,,1,/Volumes/EXT DATA/IDMB/images/Bombus/terrain/ligia/WB1_23_0063_1.jpg,.jpg,2028440,5843b2e0c3064d2c,OK,
WB1_23_0063,terrain,ligia,,2,/Volumes/EXT DATA/IDMB/images/Bombus/terrain/ligia/WB1_23_0063_2.jpg,.jpg,1955932,0919b2300df00e84,OK,
WB1_23_0063,terrain,ligia,,3,/Volumes/EXT DATA/IDMB/images/Bombus/terrain/ligia/WB1_23_0063_3.jpg,.jpg,1985841,8426d0cce173a9ca,OK,
WB1_23_0064,terrain,ligia,,1,/Volumes/EXT DATA/IDMB/images/Bombus/terrain/ligia/WB1_23_0064_1.jpg,.jpg,1767770,66a6152156033f1d,OK,
WB1_23_0064,terrain,ligia,,2,/Volumes/EXT DATA/IDMB/images/Bombus/terrain/ligia/WB1_23_0064_2.jpg,.jpg,1712596,b5b0e98134998762,OK,
WB1_23_0064,terrain,ligia,,3,/Volumes/EXT DATA/IDMB/images/Bombus/terrain/ligia/WB1_23_0064_3.jpg,.jpg,1702250,e89df5bea96ea15f,OK,
WB1_23_0065,terrain,ligia,,1,/Volumes/EXT DATA/IDMB/images/Bombus/terrain/ligia/WB1_23_0065_1.jpg,.jpg,1966332,fa7f99c73251440c,OK,
WB1_23_0065,terrain,ligia,,2,/Volumes/EXT DATA/IDMB/images/Bombus/terrain/ligia/WB1_23_0065_2.jpg,.jpg,1957691,88eae65941fa7a55,OK,
WB1_23_0065,terrain,ligia,,3,/Volumes/EXT DATA/IDMB/images/Bombus/terrain/ligia/WB1_23_0065_3.jpg,.jpg,1961498,dece8bd5785cdaaf,OK,
WB1_23_0066,terrain,ligia,,1,/Volumes/EXT DATA/IDMB/images/Bombus/terrain/ligia/WB1_23_0066_1.jpg,.jpg,1642993,90ca55bf970cb74c,OK,
WB1_23_0066,terrain,ligia,,2,/Volumes/EXT DATA/IDMB/images/Bombus/terrain/ligia/WB1_23_0066_2.jpg,.jpg,1643954,a94ac8d2d27894ac,OK,
WB1_23_0066,terrain,ligia,,3,/Volumes/EXT DATA/IDMB/images/Bombus/terrain/ligia/WB1_23_0066_3.jpg,.jpg,1654326,5eb64fe3a742c458,OK,
WB1_23_0067,terrain,ligia,,1,/Volumes/EXT DATA/IDMB/images/Bombus/terrain/ligia/WB1_23_0067_1.jpg,.jpg,1736861,d82c06c8e281a1c5,OK,
WB1_23_0067,terrain,ligia,,2,/Volumes/EXT DATA/IDMB/images/Bombus/terrain/ligia/WB1_23_0067_2.jpg,.jpg,1721244,b55cfdf688e52e51,OK,
WB1_23_0067,terrain,ligia,,3,/Volumes/EXT DATA/IDMB/images/Bombus/terrain/ligia/WB1_23_0067_3.jpg,.jpg,1733499,469bb5c07e401fae,OK,
WB1_23_0068,terrain,ligia,,1,/Volumes/EXT DATA/IDMB/images/Bombus/terrain/ligia/WB1_23_0068_1.jpg,.jpg,1700788,a23ca808f430c3ca,OK,
WB1_23_0068,terrain,ligia,,2,/Volumes/EXT DATA/IDMB/images/Bombus/terrain/ligia/WB1_23_0068_2.jpg,.jpg,1715465,085d7842fd81fbd3,OK,
WB1_23_0068,terrain,ligia,,3,/Volumes/EXT DATA/IDMB/images/Bombus/terrain/ligia/WB1_23_0068_3.jpg,.jpg,1683263,efcbec51910d2ec0,OK,
WB1_23_0069,terrain,ligia,,1,/Volumes/EXT DATA/IDMB/images/Bombus/terrain/ligia/WB1_23_0069_1.jpg,.jpg,1844026,33aa1eb629d08b62,OK,
WB1_23_0069,terrain,ligia,,2,/Volumes/EXT DATA/IDMB/images/Bombus/terrain/ligia/WB1_23_0069_2.jpg,.jpg,1826276,43bda2b942b7bb04,OK,
WB1_23_0069,terrain,ligia,,3,/Volumes/EXT DATA/IDMB/images/Bombus/terrain/ligia/WB1_23_0069_3.jpg,.jpg,1819781,3e8c8109c89e795a,OK,
WB1_23_0070,terrain,ligia,,1,/Volumes/EXT DATA/IDMB/images/Bombus/terrain/ligia/WB1_23_0070_1.jpg,.jpg,1867015,14d8013686b642db,OK,
WB1_23_0070,terrain,ligia,,2,/Volumes/EXT DATA/IDMB/images/Bombus/terrain/ligia/WB1_23_0070_2.jpg,.jpg,1875532,0692944f2fdd7069,OK,
WB1_23_0070,terrain,ligia,,3,/Volumes/EXT DATA/IDMB/images/Bombus/terrain/ligia/WB1_23_0070_3.jpg,.jpg,1847122,9c9464587f2942e2,OK,
WB1_23_0116,terrain,mehdi,,1,/Volumes/EXT DATA/IDMB/images/Bombus/terrain/mehdi/WB1_23_0116_1.jpg,.jpg,1373644,40ad16e5687d08ce,OK,
WB1_23_0116,terrain,mehdi,,2,/Volumes/EXT DATA/IDMB/images/Bombus/terrain/mehdi/WB1_23_0116_2.jpg,.jpg,1436343,f234439086e710e0,OK,
WB1_23_0116,terrain,mehdi,,3,/Volumes/EXT DATA/IDMB/images/Bombus/terrain/mehdi/WB1_23_0116_3.jpg,.jpg,1520514,ceaf8beb0c9733cc,OK,
WB1_23_0117,terrain,mehdi,,1,/Volumes/EXT DATA/IDMB/images/Bombus/terrain/mehdi/WB1_23_0117_1.jpg,.jpg,1578188,62fdf8b99ab8a4be,OK,
WB1_23_0117,terrain,mehdi,,2,/Volumes/EXT DATA/IDMB/images/Bombus/terrain/mehdi/WB1_23_0117_2.jpg,.jpg,1534957,a888e6d4ee1e075a,OK,
WB1_23_0117,terrain,mehdi,,3,/Volumes/EXT DATA/IDMB/images/Bombus/terrain/mehdi/WB1_23_0117_3.jpg,.jpg,1485985,0b3b7cb4d5244fbc,OK,
WB1_23_0118,terrain,mehdi,,1,/Volumes/EXT DATA/IDMB/images/Bombus/terrain/mehdi/WB1_23_0118_1.jpg,.jpg,1354224,09cc84442e5441a4,OK,
WB1_23_0118,terrain,mehdi,,2,/Volumes/EXT DATA/IDMB/images/Bombus/terrain/mehdi/WB1_23_0118_2.jpg,.jpg,1387851,8aef8e8ffc540ab6,OK,
WB1_23_0118,terrain,mehdi,,3,/Volumes/EXT DATA/IDMB/images/Bombus/terrain/mehdi/WB1_23_0118_3.jpg,.jpg,1413073,cc4586a5322983f4,OK,
WB1_23_0119,terrain,mehdi,,1,/Volumes/EXT DATA/IDMB/images/Bombus/terrain/mehdi/WB1_23_0119_1.jpg,.jpg,1464580,ac766d01c4418657,OK,
WB1_23_0119,terrain,mehdi,,2,/Volumes/EXT DATA/IDMB/images/Bombus/terrain/mehdi/WB1_23_0119_2.jpg,.jpg,1381627,37b8dd96ebe53dba,OK,
WB1_23_0119,terrain,mehdi,,3,/Volumes/EXT DATA/IDMB/images/Bombus/terrain/mehdi/WB1_23_0119_3.jpg,.jpg,1408579,e9cf1fbe945d064a,OK,
WB1_23_0120,terrain,mehdi,,1,/Volumes/EXT DATA/IDMB/images/Bombus/terrain/mehdi/WB1_23_0120_1.jpg,.jpg,1337581,db3b30d09914018a,OK,
WB1_23_0120,terrain,mehdi,,2,/Volumes/EXT DATA/IDMB/images/Bombus/terrain/mehdi/WB1_23_0120_2.jpg,.jpg,1321749,e6909ee6fef3700f,OK,
WB1_23_0120,terrain,mehdi,,3,/Volumes/EXT DATA/IDMB/images/Bombus/terrain/mehdi/WB1_23_0120_3.jpg,.jpg,1219426,6445d7874ee100ee,OK,
WB1_23_0121,terrain,mehdi,,1,/Volumes/EXT DATA/IDMB/images/Bombus/terrain/mehdi/WB1_23_0121_1.jpg,.jpg,1374332,ccbc79196b1d82ca,OK,
WB1_23_0121,terrain,mehdi,,2,/Volumes/EXT DATA/IDMB/images/Bombus/terrain/mehdi/WB1_23_0121_2.jpg,.jpg,1330126,2e8ae39272cfff58,OK,
WB1_23_0121,terrain,mehdi,,3,/Volumes/EXT DATA/IDMB/images/Bombus/terrain/mehdi/WB1_23_0121_3.jpg,.jpg,1373890,db3955b0a7145cc3,OK,
WB1_23_0122,terrain,mehdi,,1,/Volumes/EXT DATA/IDMB/images/Bombus/terrain/mehdi/WB1_23_0122_1.jpg,.jpg,1240778,e02f1524ae09fc03,OK,
WB1_23_0122,terrain,mehdi,,2,/Volumes/EXT DATA/IDMB/images/Bombus/terrain/mehdi/WB1_23_0122_2.jpg,.jpg,1507878,c3168cf48a1b36db,OK,
WB1_23_0122,terrain,mehdi,,3,/Volumes/EXT DATA/IDMB/images/Bombus/terrain/mehdi/WB1_23_0122_3.jpg,.jpg,1479380,df098255d94f9eae,OK,
WB1_23_0123,terrain,mehdi,,1,/Volumes/EXT DATA/IDMB/images/Bombus/terrain/mehdi/WB1_23_0123_1.jpg,.jpg,1459024,86ae202bf6733126,OK,
WB1_23_0123,terrain,mehdi,,2,/Volumes/EXT DATA/IDMB/images/Bombus/terrain/mehdi/WB1_23_0123_2.jpg,.jpg,1467598,0f00efbd7ff9d96d,OK,
WB1_23_0123,terrain,mehdi,,3,/Volumes/EXT DATA/IDMB/images/Bombus/terrain/mehdi/WB1_23_0123_3.jpg,.jpg,1451390,6b039c9a2bcab893,OK,
WB1_23_0124,terrain,mehdi,,1,/Volumes/EXT DATA/IDMB/images/Bombus/terrain/mehdi/WB1_23_0124_1.jpg,.jpg,1447311,d271280a066f48a7,OK,
WB1_23_0124,terrain,mehdi,,2,/Volumes/EXT DATA/IDMB/images/Bombus/terrain/mehdi/WB1_23_0124_2.jpg,.jpg,1371112,7089ad2a37ae9766,OK,
WB1_23_0124,terrain,mehdi,,3,/Volumes/EXT DATA/IDMB/images/Bombus/terrain/mehdi/WB1_23_0124_3.jpg,.jpg,1352457,2ec4699a8471edfc,OK,
WB1_23_0125,terrain,mehdi,,1,/Volumes/EXT DATA/IDMB/images/Bombus/terrain/mehdi/WB1_23_0125_1.jpg,.jpg,1327208,607736e3ff8bc6b0,OK,
WB1_23_0125,terrain,mehdi,,2,/Volumes/EXT DATA/IDMB/images/Bombus/terrain/mehdi/WB1_23_0125_2.jpg,.jpg,1380512,1e473ed2e9c42cd2,OK,
WB1_23_0125,terrain,mehdi,,3,/Volumes/EXT DATA/IDMB/images/Bombus/terrain/mehdi/WB1_23_0125_3.jpg,.jpg,1408026,307fb7aa966b12b9,OK,
WB1_23_0076,terrain,tarek,,1,/Volumes/EXT DATA/IDMB/images/Bombus/terrain/tarek/WB1_23_0076_1.jpg,.jpg,1987038,1d3bd829bf0aaeaf,OK,
WB1_23_0076,terrain,tarek,,2,/Volumes/EXT DATA/IDMB/images/Bombus/terrain/tarek/WB1_23_0076_2.jpg,.jpg,1814366,074c6d23674ccc43,OK,
WB1_23_0076,terrain,tarek,,3,/Volumes/EXT DATA/IDMB/images/Bombus/terrain/tarek/WB1_23_0076_3.jpg,.jpg,1770212,b66462556cd5d395,OK,
WB1_23_0077,terrain,tarek,,1,/Volumes/EXT DATA/IDMB/images/Bombus/terrain/tarek/WB1_23_0077_1.jpg,.jpg,1798196,5e8f6c917796e5bf,OK,
WB1_23_0077,terrain,tarek,,2,/Volumes/EXT DATA/IDMB/images/Bombus/terrain/tarek/WB1_23_0077_2.jpg,.jpg,1779320,08cca82e3ab75523,OK,
WB1_23_0077,terrain,tarek,,3,/Volumes/EXT DATA/IDMB/images/Bombus/terrain/tarek/WB1_23_0077_3.jpg,.jpg,1827280,3a045a53bad3c112,OK,
WB1_23_0078,terrain,tarek,,1,/Volumes/EXT DATA/IDMB/images/Bombus/terrain/tarek/WB1_23_0078_1.jpg,.jpg,1590157,420676363f401aa9,OK,
WB1_23_0078,terrain,tarek,,2,/Volumes/EXT DATA/IDMB/images/Bombus/terrain/tarek/WB1_23_0078_2.jpg,.jpg,1525941,f326f4890ee71227,OK,
WB1_23_0078,terrain,tarek,,3,/Volumes/EXT DATA/IDMB/images/Bombus/terrain/tarek/WB1_23_0078_3.jpg,.jpg,1818210,9f72be3983033ccc,OK,
WB1_23_0079,terrain,tarek,,1,/Volumes/EXT DATA/IDMB/images/Bombus/terrain/tarek/WB1_23_0079_1.jpg,.jpg,1718067,d40978e554138f77,OK,
WB1_23_0079,terrain,tarek,,2,/Volumes/EXT DATA/IDMB/images/Bombus/terrain/tarek/WB1_23_0079_2.jpg,.jpg,1743432,c392e9f3cbd08041,OK,
WB1_23_0079,terrain,tarek,,3,/Volumes/EXT DATA/IDMB/images/Bombus/terrain/tarek/WB1_23_0079_3.jpg,.jpg,1926185,ee166d3f75e1d03a,OK,
WB1_23_0080,terrain,tarek,,1,/Volumes/EXT DATA/IDMB/images/Bombus/terrain/tarek/WB1_23_0080_1.jpg,.jpg,1453477,8730a2be3d637b39,OK,
WB1_23_0080,terrain,tarek,,2,/Volumes/EXT DATA/IDMB/images/Bombus/terrain/tarek/WB1_23_0080_2.jpg,.jpg,1531059,2c919ef501dd6efa,OK,
WB1_23_0080,terrain,tarek,,3,/Volumes/EXT DATA/IDMB/images/Bombus/terrain/tarek/WB1_23_0080_3.jpg,.jpg,1492840,dfbdd682053db064,OK,
WB1_23_0081,terrain,tarek,,1,/Volumes/EXT DATA/IDMB/images/Bombus/terrain/tarek/WB1_23_0081_1.jpg,.jpg,1603440,ae7a8f548c66f576,OK,
WB1_23_0081,terrain,tarek,,2,/Volumes/EXT DATA/IDMB/images/Bombus/terrain/tarek/WB1_23_0081_2.jpg,.jpg,1583037,01b8de79dcb465cb,OK,
WB1_23_0081,terrain,tarek,,3,/Volumes/EXT DATA/IDMB/images/Bombus/terrain/tarek/WB1_23_0081_3.jpg,.jpg,1578456,46d29614768669a2,OK,
WB1_23_0082,terrain,tarek,,1,/Volumes/EXT DATA/IDMB/images/Bombus/terrain/tarek/WB1_23_0082_1.jpg,.jpg,1716054,972b7cf42adc3356,OK,
WB1_23_0082,terrain,tarek,,2,/Volumes/EXT DATA/IDMB/images/Bombus/terrain/tarek/WB1_23_0082_2.jpg,.jpg,1714136,ff8de9a2de5e4446,OK,
WB1_23_0082,terrain,tarek,,3,/Volumes/EXT DATA/IDMB/images/Bombus/terrain/tarek/WB1_23_0082_3.jpg,.jpg,1649797,06d3e04a144ba11c,OK,
WB1_23_0083,terrain,tarek,,1,/Volumes/EXT DATA/IDMB/images/Bombus/terrain/tarek/WB1_23_0083_1.jpg,.jpg,1797363,5d81e3539a3c55d0,OK,
WB1_23_0083,terrain,tarek,,2,/Volumes/EXT DATA/IDMB/images/Bombus/terrain/tarek/WB1_23_0083_2.jpg,.jpg,1672292,71c231952e486753,OK,
WB1_23_0083,terrain,tarek,,3,/Volumes/EXT DATA/IDMB/images/Bombus/terrain/tarek/WB1_23_0083_3.jpg,.jpg,1744113,02a63dac27da97a3,OK,
WB1_23_0084,terrain,tarek,,1,/Volumes/EXT DATA/IDMB/images/Bombus/terrain/tarek/WB1_23_0084_1.jpg,.jpg,1666043,3431c271e77ed2bd,OK,
WB1_23_0084,terrain,tarek,,2,/Volumes/EXT DATA/IDMB/images/Bombus/terrain/tarek/WB1_23_0084_2.jpg,.jpg,1668706,90a7d16939c58c30,OK,
WB1_23_0084,terrain,tarek,,3,/Volumes/EXT DATA/IDMB/images/Bombus/terrain/tarek/WB1_23_0084_3.jpg,.jpg,1671009,d4cc16518619f989,OK,
WB1_23_0085,terrain,tarek,,1,/Volumes/EXT DATA/IDMB/images/Bombus/terrain/tarek/WB1_23_0085_1.jpg,.jpg,1567483,cc2cb912213490db,OK,
WB1_23_0085,terrain,tarek,,2,/Volumes/EXT DATA/IDMB/images/Bombus/terrain/tarek/WB1_23_0085_2.jpg,.jpg,1739475,73ed8a7f5baf8878,OK,
WB1_23_0085,terrain,tarek,,3,/Volumes/EXT DATA/IDMB/images/Bombus/terrain/tarek/WB1_23_0085_3.jpg,.jpg,1827293,54f57a12a7d229d5,OK,
WB1_23_0086,terrain,tarek,,1,/Volumes/EXT DATA/IDMB/images/Bombus/terrain/tarek/WB1_23_0086_1.jpg,.jpg,1813692,a97b15e161444e9c,OK,
WB1_23_0086,terrain,tarek,,2,/Volumes/EXT DATA/IDMB/images/Bombus/terrain/tarek/WB1_23_0086_2.jpg,.jpg,1961190,8d668a13181de8df,OK,
WB1_23_0086,terrain,tarek,,3,/Volumes/EXT DATA/IDMB/images/Bombus/terrain/tarek/WB1_23_0086_3.jpg,.jpg,2038287,37ba147391c7be18,OK,
WB1_23_0087,terrain,tarek,,1,/Volumes/EXT DATA/IDMB/images/Bombus/terrain/tarek/WB1_23_0087_1.jpg,.jpg,1684048,f435ec67e5ab6147,OK,
WB1_23_0087,terrain,tarek,,2,/Volumes/EXT DATA/IDMB/images/Bombus/terrain/tarek/WB1_23_0087_2.jpg,.jpg,1826855,b2a448847758dce2,OK,
WB1_23_0087,terrain,tarek,,3,/Volumes/EXT DATA/IDMB/images/Bombus/terrain/tarek/WB1_23_0087_3.jpg,.jpg,2043696,192aff4fcc1b99d8,OK,
WB1_23_0126,terrain,tonie,,1,/Volumes/EXT DATA/IDMB/images/Bombus/terrain/tonie/WB1_23_0126_1.jpg,.jpg,3193492,e171bd1d487b1c97,OK,
WB1_23_0126,terrain,tonie,,2,/Volumes/EXT DATA/IDMB/images/Bombus/terrain/tonie/WB1_23_0126_2.jpg,.jpg,3118289,48b539d06ca31a5b,OK,
WB1_23_0126,terrain,tonie,,3,/Volumes/EXT DATA/IDMB/images/Bombus/terrain/tonie/WB1_23_0126_3.jpg,.jpg,2960488,e7246586f64ad371,OK,
WB1_23_0127,terrain,tonie,,1,/Volumes/EXT DATA/IDMB/images/Bombus/terrain/tonie/WB1_23_0127_1.jpg,.jpg,3056872,978e0c8a1b7d0a5c,OK,
WB1_23_0127,terrain,tonie,,2,/Volumes/EXT DATA/IDMB/images/Bombus/terrain/tonie/WB1_23_0127_2.jpg,.jpg,2895491,82cb28fccf0d2983,OK,
WB1_23_0127,terrain,tonie,,3,/Volumes/EXT DATA/IDMB/images/Bombus/terrain/tonie/WB1_23_0127_3.jpg,.jpg,2951617,35a5e3818fce5315,OK,
WB1_23_0128,terrain,tonie,,1,/Volumes/EXT DATA/IDMB/images/Bombus/terrain/tonie/WB1_23_0128_1.jpg,.jpg,3155589,c2a65cb27d3d7a6b,OK,
WB1_23_0128,terrain,tonie,,2,/Volumes/EXT DATA/IDMB/images/Bombus/terrain/tonie/WB1_23_0128_2.jpg,.jpg,3135204,abe6e3c0a02db9c6,OK,
WB1_23_0128,terrain,tonie,,3,/Volumes/EXT DATA/IDMB/images/Bombus/terrain/tonie/WB1_23_0128_3.jpg,.jpg,3154008,ed593b8fa3054908,OK,
WB1_23_0129,terrain,tonie,,1,/Volumes/EXT DATA/IDMB/images/Bombus/terrain/tonie/WB1_23_0129_1.jpg,.jpg,3033481,6963fa5595ace175,OK,
WB1_23_0129,terrain,tonie,,2,/Volumes/EXT DATA/IDMB/images/Bombus/terrain/tonie/WB1_23_0129_2.jpg,.jpg,3036173,368d65d35246b730,OK,
WB1_23_0129,terrain,tonie,,3,/Volumes/EXT DATA/IDMB/images/Bombus/terrain/tonie/WB1_23_0129_3.jpg,.jpg,3001558,8de14f7d39dff084,OK,
WB1_23_0129,terrain,tonie,,4,/Volumes/EXT DATA/IDMB/images/Bombus/terrain/tonie/WB1_23_0129_4.jpg,.jpg,3036817,a9889438cceffde5,OK,
WB1_23_0130,terrain,tonie,,1,/Volumes/EXT DATA/IDMB/images/Bombus/terrain/tonie/WB1_23_0130_1.jpg,.jpg,3249596,95159d218695ae85,OK,
WB1_23_0130,terrain,tonie,,2,/Volumes/EXT DATA/IDMB/images/Bombus/terrain/tonie/WB1_23_0130_2.jpg,.jpg,3185501,c9b32a2ffceea916,OK,
WB1_23_0130,terrain,tonie,,3,/Volumes/EXT DATA/IDMB/images/Bombus/terrain/tonie/WB1_23_0130_3.jpg,.jpg,3227743,45fc9a6670d7d98c,OK,
WB1_23_0131,terrain,tonie,,1,/Volumes/EXT DATA/IDMB/images/Bombus/terrain/tonie/WB1_23_0131_1.jpg,.jpg,3133087,6cdccedac23164ab,OK,
WB1_23_0131,terrain,tonie,,2,/Volumes/EXT DATA/IDMB/images/Bombus/terrain/tonie/WB1_23_0131_2.jpg,.jpg,2902987,10b8b34f9c0278c5,OK,
WB1_23_0131,terrain,tonie,,3,/Volumes/EXT DATA/IDMB/images/Bombus/terrain/tonie/WB1_23_0131_3.jpg,.jpg,2840970,ba4f9806bc2ec246,OK,
WB1_23_0132,terrain,tonie,,1,/Volumes/EXT DATA/IDMB/images/Bombus/terrain/tonie/WB1_23_0132_1.jpg,.jpg,3268625,64dbc39c8c534c67,OK,
WB1_23_0132,terrain,tonie,,2,/Volumes/EXT DATA/IDMB/images/Bombus/terrain/tonie/WB1_23_0132_2.jpg,.jpg,3212646,13876b139df5ee3a,OK,
WB1_23_0132,terrain,tonie,,3,/Volumes/EXT DATA/IDMB/images/Bombus/terrain/tonie/WB1_23_0132_3.jpg,.jpg,2846300,ced3ba097bc7afc6,OK,
WB1_23_0133,terrain,tonie,,1,/Volumes/EXT DATA/IDMB/images/Bombus/terrain/tonie/WB1_23_0133_1.jpg,.jpg,3068414,8920ddbeadaa1695,OK,
WB1_23_0133,terrain,tonie,,2,/Volumes/EXT DATA/IDMB/images/Bombus/terrain/tonie/WB1_23_0133_2.jpg,.jpg,3106858,d4996e4e78bb2bde,OK,
WB1_23_0133,terrain,tonie,,3,/Volumes/EXT DATA/IDMB/images/Bombus/terrain/tonie/WB1_23_0133_3.jpg,.jpg,3152608,99cb98e8cb1d5aaf,OK,
WB1_23_0134,terrain,tonie,,1,/Volumes/EXT DATA/IDMB/images/Bombus/terrain/tonie/WB1_23_0134_1.jpg,.jpg,3062031,e1dee8f2a31c39d7,OK,
WB1_23_0134,terrain,tonie,,2,/Volumes/EXT DATA/IDMB/images/Bombus/terrain/tonie/WB1_23_0134_2.jpg,.jpg,3184855,f3a5aa53803523c7,OK,
WB1_23_0134,terrain,tonie,,3,/Volumes/EXT DATA/IDMB/images/Bombus/terrain/tonie/WB1_23_0134_3.jpg,.jpg,2854534,122e66ee49c9953a,OK,
WB1_23_0135,terrain,tonie,,1,/Volumes/EXT DATA/IDMB/images/Bombus/terrain/tonie/WB1_23_0135_1.jpg,.jpg,3004838,21fb84fb2f4e81d8,OK,
WB1_23_0135,terrain,tonie,,2,/Volumes/EXT DATA/IDMB/images/Bombus/terrain/tonie/WB1_23_0135_2.jpg,.jpg,3048447,dbbc7f5f2ca28b58,OK,
WB1_23_0135,terrain,tonie,,3,/Volumes/EXT DATA/IDMB/images/Bombus/terrain/tonie/WB1_23_0135_3.jpg,.jpg,3022625,8a5c71b46bb94f17,OK,
WB1_23_0135,terrain,tonie,,4,/Volumes/EXT DATA/IDMB/images/Bombus/terrain/tonie/WB1_23_0135_4.jpg,.jpg,3019141,e6a845280cc05c72,OK,
WB1_23_0106,terrain,victor,,1,/Volumes/EXT DATA/IDMB/images/Bombus/terrain/victor/WB1_23_0106_1.jpg,.jpg,5432547,1c6ee25fb17cbeb8,OK,
WB1_23_0106,terrain,victor,,2,/Volumes/EXT DATA/IDMB/images/Bombus/terrain/victor/WB1_23_0106_2.jpg,.jpg,5470437,37111d21e443cecc,OK,
WB1_23_0106,terrain,victor,,3,/Volumes/EXT DATA/IDMB/images/Bombus/terrain/victor/WB1_23_0106_3.jpg,.jpg,5619949,a42931dec8b50a91,OK,
WB1_23_0107,terrain,victor,,1,/Volumes/EXT DATA/IDMB/images/Bombus/terrain/victor/WB1_23_0107_1.jpg,.jpg,5390290,f97dfb9f4f542741,OK,
WB1_23_0107,terrain,victor,,2,/Volumes/EXT DATA/IDMB/images/Bombus/terrain/victor/WB1_23_0107_2.jpg,.jpg,5297936,f7b04074af443125,OK,
WB1_23_0107,terrain,victor,,3,/Volumes/EXT DATA/IDMB/images/Bombus/terrain/victor/WB1_23_0107_3.jpg,.jpg,5031669,815830ac224861ca,OK,
WB1_23_0108,terrain,victor,,1,/Volumes/EXT DATA/IDMB/images/Bombus/terrain/victor/WB1_23_0108_1.jpg,.jpg,4886084,f4be3d72d3c350c3,OK,
WB1_23_0108,terrain,victor,,2,/Volumes/EXT DATA/IDMB/images/Bombus/terrain/victor/WB1_23_0108_2.jpg,.jpg,4788434,ba4001bd212d3818,OK,
WB1_23_0108,terrain,victor,,3,/Volumes/EXT DATA/IDMB/images/Bombus/terrain/victor/WB1_23_0108_3.jpg,.jpg,4801774,ba7d5fadc6596a2e,OK,
WB1_23_0109,terrain,victor,,1,/Volumes/EXT DATA/IDMB/images/Bombus/terrain/victor/WB1_23_0109_1.jpg,.jpg,5156718,e01f90015eb99504,OK,
WB1_23_0109,terrain,victor,,2,/Volumes/EXT DATA/IDMB/images/Bombus/terrain/victor/WB1_23_0109_2.jpg,.jpg,5214199,f28dab90700678a3,OK,
WB1_23_0110,terrain,victor,,1,/Volumes/EXT DATA/IDMB/images/Bombus/terrain/victor/WB1_23_0110_1.jpg,.jpg,4787233,37c4492352a01995,OK,
WB1_23_0110,terrain,victor,,2,/Volumes/EXT DATA/IDMB/images/Bombus/terrain/victor/WB1_23_0110_2.jpg,.jpg,4524116,1b5d2fd0a0ee3f92,OK,
WB1_23_0111,terrain,victor,,1,/Volumes/EXT DATA/IDMB/images/Bombus/terrain/victor/WB1_23_0111_1.jpg,.jpg,5574408,99ec468deadb4430,OK,
WB1_23_0111,terrain,victor,,2,/Volumes/EXT DATA/IDMB/images/Bombus/terrain/victor/WB1_23_0111_2.jpg,.jpg,5626784,033a4a57ee0a17f0,OK,
WB1_23_0111,terrain,victor,,3,/Volumes/EXT DATA/IDMB/images/Bombus/terrain/victor/WB1_23_0111_3.jpg,.jpg,5700802,b3de69b667abcc02,OK,
WB1_23_0112,terrain,victor,,1,/Volumes/EXT DATA/IDMB/images/Bombus/terrain/victor/WB1_23_0112_1.jpg,.jpg,3957220,c8359214a740a56b,OK,
WB1_23_0112,terrain,victor,,2,/Volumes/EXT DATA/IDMB/images/Bombus/terrain/victor/WB1_23_0112_2.jpg,.jpg,4468251,9229d0c02175be13,OK,
WB1_23_0113,terrain,victor,,1,/Volumes/EXT DATA/IDMB/images/Bombus/terrain/victor/WB1_23_0113_1.jpg,.jpg,3936861,61f24c90a2fe3f6b,OK,
WB1_23_0113,terrain,victor,,2,/Volumes/EXT DATA/IDMB/images/Bombus/terrain/victor/WB1_23_0113_2.jpg,.jpg,4019021,33b8edc0b9c88897,OK,
WB1_23_0113,terrain,victor,,3,/Volumes/EXT DATA/IDMB/images/Bombus/terrain/victor/WB1_23_0113_3.jpg,.jpg,4111742,c5e125de6caaafe4,OK,
WB1_23_0114,terrain,victor,,1,/Volumes/EXT DATA/IDMB/images/Bombus/terrain/victor/WB1_23_0114_1.jpg,.jpg,5947389,d492d653aeabd2e8,OK,
WB1_23_0114,terrain,victor,,2,/Volumes/EXT DATA/IDMB/images/Bombus/terrain/victor/WB1_23_0114_2.jpg,.jpg,5521733,a9324a464bbee240,OK,
WB1_23_0114,terrain,victor,,3,/Volumes/EXT DATA/IDMB/images/Bombus/terrain/victor/WB1_23_0114_3.jpg,.jpg,5783887,b160615ece370b99,OK,
WB1_23_0114,terrain,victor,,4,/Volumes/EXT DATA/IDMB/images/Bombus/terrain/victor/WB1_23_0114_4.jpg,.jpg,5803368,d2299eabc4408fea,OK,
WB1_23_0115,terrain,victor,,1,/Volumes/EXT DATA/IDMB/images/Bombus/terrain/victor/WB1_23_0115_1.jpg,.jpg,4978471,8d75a74c26125bd0,OK,
WB1_23_0115,terrain,victor,,2,/Volumes/EXT DATA/IDMB/images/Bombus/terrain/victor/WB1_23_0115_2.jpg,.jpg,5131400,b5a1f226dd0541fe,OK,
WB1_23_0115,terrain,victor,,3,/Volumes/EXT DATA/IDMB/images/Bombus/terrain/victor/WB1_23_0115_3.jpg,.jpg,5019612,22071f5c6120ed0e,OK,
WB1_23_0016,terrain,yvan,,1,/Volumes/EXT DATA/IDMB/images/Bombus/terrain/yvan/WB1_23_0016_1.jpg,.jpg,375781,70f3dfcbc382a211,OK,
WB1_23_0016,terrain,yvan,,2,/Volumes/EXT DATA/IDMB/images/Bombus/terrain/yvan/WB1_23_0016_2.jpg,.jpg,83480,d3b18028722020d5,OK,
WB1_23_0016,terrain,yvan,,3,/Volumes/EXT DATA/IDMB/images/Bombus/terrain/yvan/WB1_23_0016_3.jpg,.jpg,373523,035fdebe38c0cbcc,OK,
WB1_23_0017,terrain,yvan,,1,/Volumes/EXT DATA/IDMB/images/Bombus/terrain/yvan/WB1_23_0017_1.jpg,.jpg,94160,178e31f117d29e7b,OK,
WB1_23_0017,terrain,yvan,,2,/Volumes/EXT DATA/IDMB/images/Bombus/terrain/yvan/WB1_23_0017_2.jpg,.jpg,333171,031cc18cdaa5ca6b,OK,
WB1_23_0017,terrain,yvan,,3,/Volumes/EXT DATA/IDMB/images/Bombus/terrain/yvan/WB1_23_0017_3.jpg,.jpg,383792,d2e69456e9e289e4,OK,
WB1_23_0018,terrain,yvan,,1,/Volumes/EXT DATA/IDMB/images/Bombus/terrain/yvan/WB1_23_0018_1.jpg,.jpg,377782,1f4ab472fd445694,OK,
WB1_23_0018,terrain,yvan,,2,/Volumes/EXT DATA/IDMB/images/Bombus/terrain/yvan/WB1_23_0018_2.jpg,.jpg,77117,a1bf0ca52ca1d323,OK,
WB1_23_0018,terrain,yvan,,3,/Volumes/EXT DATA/IDMB/images/Bombus/terrain/yvan/WB1_23_0018_3.jpg,.jpg,377879,f9dbbebba1a9538f,OK,
WB1_23_0019,terrain,yvan,,1,/Volumes/EXT DATA/IDMB/images/Bombus/terrain/yvan/WB1_23_0019_1.jpg,.jpg,339517,935652d289dc8ae1,OK,
WB1_23_0019,terrain,yvan,,2,/Volumes/EXT DATA/IDMB/images/Bombus/terrain/yvan/WB1_23_0019_2.jpg,.jpg,356711,7ab08e929b50df60,OK,
WB1_23_0019,terrain,yvan,,3,/Volumes/EXT DATA/IDMB/images/Bombus/terrain/yvan/WB1_23_0019_3.jpg,.jpg,76411,d109c5940b63b4db,OK,
WB1_23_0020,terrain,yvan,,1,/Volumes/EXT DATA/IDMB/images/Bombus/terrain/yvan/WB1_23_0020_1.jpg,.jpg,406867,a9d1e425e3ba3483,OK,
WB1_23_0020,terrain,yvan,,2,/Volumes/EXT DATA/IDMB/images/Bombus/terrain/yvan/WB1_23_0020_2.jpg,.jpg,355929,fa4f63462bad7798,OK,
WB1_23_0020,terrain,yvan,,3,/Volumes/EXT DATA/IDMB/images/Bombus/terrain/yvan/WB1_23_0020_3.jpg,.jpg,264926,7ced886f5df94a7e,OK,
WB1_23_0021,terrain,yvan,,1,/Volumes/EXT DATA/IDMB/images/Bombus/terrain/yvan/WB1_23_0021_1.jpg,.jpg,328366,aa2c8fd7bfa9d1c1,OK,
WB1_23_0021,terrain,yvan,,2,/Volumes/EXT DATA/IDMB/images/Bombus/terrain/yvan/WB1_23_0021_2.jpg,.jpg,383887,e4d52f7e7752966a,OK,
WB1_23_0021,terrain,yvan,,3,/Volumes/EXT DATA/IDMB/images/Bombus/terrain/yvan/WB1_23_0021_3.jpg,.jpg,355728,2618918f6e7b5c66,OK,
WB1_23_0022,terrain,yvan,,1,/Volumes/EXT DATA/IDMB/images/Bombus/terrain/yvan/WB1_23_0022_1.jpg,.jpg,354882,8f9029f5bec0237e,OK,
WB1_23_0022,terrain,yvan,,2,/Volumes/EXT DATA/IDMB/images/Bombus/terrain/yvan/WB1_23_0022_2.jpg,.jpg,388874,7194b7372193bbc4,OK,
WB1_23_0022,terrain,yvan,,3,/Volumes/EXT DATA/IDMB/images/Bombus/terrain/yvan/WB1_23_0022_3.jpg,.jpg,351540,e3791c7c7f57f1f4,OK,
WB1_23_0023,terrain,yvan,,1,/Volumes/EXT DATA/IDMB/images/Bombus/terrain/yvan/WB1_23_0023_1.jpg,.jpg,448379,2133984f344b505a,OK,
WB1_23_0023,terrain,yvan,,2,/Volumes/EXT DATA/IDMB/images/Bombus/terrain/yvan/WB1_23_0023_2.jpg,.jpg,234507,85e12d7497cd878c,OK,
WB1_23_0023,terrain,yvan,,3,/Volumes/EXT DATA/IDMB/images/Bombus/terrain/yvan/WB1_23_0023_3.jpg,.jpg,323688,c5407335e8d9dc22,OK,
WB1_23_0024,terrain,yvan,,1,/Volumes/EXT DATA/IDMB/images/Bombus/terrain/yvan/WB1_23_0024_1.jpg,.jpg,312460,9a0b1f5c389f7312,OK,
WB1_23_0024,terrain,yvan,,2,/Volumes/EXT DATA/IDMB/images/Bombus/terrain/yvan/WB1_23_0024_2.jpg,.jpg,390318,5e130ee7de7ddffd,OK,
WB1_23_0024,terrain,yvan,,3,/Volumes/EXT DATA/IDMB/images/Bombus/terrain/yvan/WB1_23_0024_3.jpg,.jpg,417684,9d547671497b8bbf,OK,
WB1_23_0025,terrain,yvan,,1,/Volumes/EXT DATA/IDMB/images/Bombus/terrain/yvan/WB1_23_0025_1.jpg,.jpg,387925,79f6b5e1db89a840,OK,
WB1_23_0025,terrain,yvan,,2,/Volumes/EXT DATA/IDMB/images/Bombus/terrain/yvan/WB1_23_0025_2.jpg,.jpg,192706,faa4202902ed06d4,OK,
WB1_23_0025,terrain,yvan,,3,/Volumes/EXT DATA/IDMB/images/Bombus/terrain/yvan/WB1_23_0025_3.jpg,.jpg,364139,87f0271f703086cf,OK,
WB1_23_0026,terrain,yvan,,1,/Volumes/EXT DATA/IDMB/images/Bombus/terrain/yvan/WB1_23_0026_1.jpg,.jpg,394520,709736ca2410eead,OK,
WB1_23_0026,terrain,yvan,,2,/Volumes/EXT DATA/IDMB/images/Bombus/terrain/yvan/WB1_23_0026_2.jpg,.jpg,328307,e5bf4af9a48e1268,OK,
WB1_23_0026,terrain,yvan,,3,/Volumes/EXT DATA/IDMB/images/Bombus/terrain/yvan/WB1_23_0026_3.jpg,.jpg,315590,d6adef59c76df392,OK,
