id,image,predicted_espece,confidence,second_choice,second_confidence,procrustes_distance
0,c:\Users\Jules\Documents\IEES\idmybee\data\images\crop\terrain\adrien\WB1_23_136.jpg,confusus,0.9999999999999996,wurflenii,4.808623344663671e-16,0.33868168829626527
1,c:\Users\Jules\Documents\IEES\idmybee\data\images\crop\terrain\adrien\WB1_23_137.jpg,rupestris,0.9999999995295814,wurflenii,4.68491360222188e-10,0.05736195653919054
2,c:\Users\Jules\Documents\IEES\idmybee\data\images\crop\terrain\adrien\WB1_23_138.jpg,lapidarius,0.9999738812845275,pomorum,2.3834312854430597e-05,0.1853411733494006
3,c:\Users\Jules\Documents\IEES\idmybee\data\images\crop\terrain\adrien\WB1_23_139.jpg,pratorum,0.9985837094886952,wurflenii,0.0013502566398249473,0.023405600248329814
5,c:\Users\Jules\Documents\IEES\idmybee\data\images\crop\terrain\adrien\WB1_23_141.jpg,pratorum,0.9996844954856166,soroeensis,0.00020996981166311365,0.02489434266210639
6,c:\Users\Jules\Documents\IEES\idmybee\data\images\crop\terrain\adrien\WB1_23_142.jpg,pratorum,0.9783734641600257,sylvarum,0.0077705857512452205,0.03925252742686779
7,c:\Users\Jules\Documents\IEES\idmybee\data\images\crop\terrain\adrien\WB1_23_143.jpg,pratorum,0.9999651136194654,soroeensis,2.4688769400455956e-05,0.03804357916406256
8,c:\Users\Jules\Documents\IEES\idmybee\data\images\crop\terrain\adrien\WB1_23_144.jpg,wurflenii,1.0,pyrenaeus,3.1199715598119235e-20,0.36298596071466627
9,c:\Users\Jules\Documents\IEES\idmybee\data\images\crop\terrain\adrien\WB1_23_145.jpg,lapidarius,0.7987880904145553,sichelii,0.20096872924610182,0.040329456990752
10,c:\Users\Jules\Documents\IEES\idmybee\data\images\crop\terrain\adrien\WB1_23_146.jpg,confusus,0.9999960872312023,wurflenii,3.912768797781061e-06,0.35219899054021947
11,c:\Users\Jules\Documents\IEES\idmybee\data\images\crop\terrain\adrien\WB1_23_147.jpg,pratorum,0.9741835549083989,ruderarius,0.023756039161355998,0.03460580459120759
12,c:\Users\Jules\Documents\IEES\idmybee\data\images\crop\terrain\adrien\WB1_23_148.jpg,sichelii,0.5020103339540266,lapidarius,0.48207617825363214,0.029711375217131103
13,c:\Users\Jules\Documents\IEES\idmybee\data\images\crop\terrain\adrien\WB1_23_149.jpg,lapidarius,0.9682511104156,sichelii,0.02330984621818207,0.04080488136331495
15,c:\Users\Jules\Documents\IEES\idmybee\data\images\crop\terrain\adrien\WB1_23_151.jpg,soroeensis,0.7226926688315822,monticola,0.184744372606085,0.04925502122762959
16,c:\Users\Jules\Documents\IEES\idmybee\data\images\crop\terrain\adrien\WB1_23_152.jpg,sichelii,0.9998009335240552,wurflenii,0.00017344369950414432,0.05314131230525847
17,c:\Users\Jules\Documents\IEES\idmybee\data\images\crop\terrain\adrien\WB1_23_153.jpg,pratorum,0.999196017096673,pyrenaeus,0.0004316780044623729,0.026544723067456515
18,c:\Users\Jules\Documents\IEES\idmybee\data\images\crop\terrain\adrien\WB1_23_154.jpg,sichelii,0.9547586902641612,wurflenii,0.024455173939241452,0.03752168223759643
19,c:\Users\Jules\Documents\IEES\idmybee\data\images\crop\terrain\basile\WB1_23_0091_1.jpg,sylvarum,0.5681381504568764,ruderarius,0.43179992326684097,0.03234710243124314
20,c:\Users\Jules\Documents\IEES\idmybee\data\images\crop\terrain\basile\WB1_23_0091_2.jpg,sylvarum,0.8606346399947049,ruderarius,0.13936486079405636,0.031130735325408013
21,c:\Users\Jules\Documents\IEES\idmybee\data\images\crop\terrain\basile\WB1_23_0091_3.jpg,sylvarum,0.710417157433422,ruderarius,0.28958272195403645,0.03193290607594055
22,c:\Users\Jules\Documents\IEES\idmybee\data\images\crop\terrain\basile\WB1_23_0092_1.jpg,lapidarius,0.9471849799008217,sichelii,0.05262413644230602,0.023793430826959745
23,c:\Users\Jules\Documents\IEES\idmybee\data\images\crop\terrain\basile\WB1_23_0092_2.jpg,lapidarius,0.9992159347002447,sichelii,0.0007692006395550968,0.022776681888070315
24,c:\Users\Jules\Documents\IEES\idmybee\data\images\crop\terrain\basile\WB1_23_0092_3.jpg,lapidarius,0.9977379818226063,sichelii,0.001742895417584236,0.022376553236735205
25,c:\Users\Jules\Documents\IEES\idmybee\data\images\crop\terrain\basile\WB1_23_0093_1.jpg,lapidarius,0.9957578851218101,sichelii,0.004183500916252359,0.030338818318383306
26,c:\Users\Jules\Documents\IEES\idmybee\data\images\crop\terrain\basile\WB1_23_0093_2.jpg,lapidarius,0.9854460391663579,sichelii,0.011666272766167447,0.02876968811716795
27,c:\Users\Jules\Documents\IEES\idmybee\data\images\crop\terrain\basile\WB1_23_0093_3.jpg,lapidarius,0.9915019722328693,sichelii,0.007448295790102343,0.02869782286632574
28,c:\Users\Jules\Documents\IEES\idmybee\data\images\crop\terrain\basile\WB1_23_0094_1.jpg,lapidarius,0.8995182801831464,sichelii,0.10035827325484724,0.01999392196599299
29,c:\Users\Jules\Documents\IEES\idmybee\data\images\crop\terrain\basile\WB1_23_0094_2.jpg,lapidarius,0.9372222613764235,sichelii,0.05959717325604641,0.019011205094307735
30,c:\Users\Jules\Documents\IEES\idmybee\data\images\crop\terrain\basile\WB1_23_0094_3.jpg,lapidarius,0.9560651781958435,sichelii,0.04388942075875662,0.018865801478847546
31,c:\Users\Jules\Documents\IEES\idmybee\data\images\crop\terrain\basile\WB1_23_0095_1.jpg,lapidarius,0.7445691645458341,sichelii,0.24120287020422754,0.022904209319612918
32,c:\Users\Jules\Documents\IEES\idmybee\data\images\crop\terrain\basile\WB1_23_0095_2.jpg,lapidarius,0.9454140574526664,sichelii,0.05328612767265363,0.018881634039292557
33,c:\Users\Jules\Documents\IEES\idmybee\data\images\crop\terrain\basile\WB1_23_0095_3.jpg,lapidarius,0.5117224792519224,sichelii,0.48788081765142266,0.022858540685977684
34,c:\Users\Jules\Documents\IEES\idmybee\data\images\crop\terrain\basile\WB1_23_0096_1.jpg,sichelii,0.5124238740495508,lapidarius,0.40812367392231796,0.031995962157625936
35,c:\Users\Jules\Documents\IEES\idmybee\data\images\crop\terrain\basile\WB1_23_0096_2.jpg,pyrenaeus,0.41390057578046047,lapidarius,0.2506553102913991,0.033813100020465774
36,c:\Users\Jules\Documents\IEES\idmybee\data\images\crop\terrain\basile\WB1_23_0096_3.jpg,soroeensis,0.9831670653771938,pratorum,0.01683283680750737,0.11795240841662614
37,c:\Users\Jules\Documents\IEES\idmybee\data\images\crop\terrain\basile\WB1_23_0097_1.jpg,lapidarius,0.9257104734849886,sichelii,0.07403774182705752,0.028923782435942316
38,c:\Users\Jules\Documents\IEES\idmybee\data\images\crop\terrain\basile\WB1_23_0097_2.jpg,sichelii,0.8071955152787954,lapidarius,0.19169620735027937,0.02686846968007939
39,c:\Users\Jules\Documents\IEES\idmybee\data\images\crop\terrain\basile\WB1_23_0097_3.jpg,sichelii,0.4930653718378164,lapidarius,0.48686955438562257,0.02701126262514926
40,c:\Users\Jules\Documents\IEES\idmybee\data\images\crop\terrain\basile\WB1_23_0098_1.jpg,pratorum,0.613179896518175,pyrenaeus,0.3470774566981913,0.022745873866430923
41,c:\Users\Jules\Documents\IEES\idmybee\data\images\crop\terrain\basile\WB1_23_0098_2.jpg,pratorum,0.9748813899175599,pyrenaeus,0.016273776156131306,0.02089516191497386
42,c:\Users\Jules\Documents\IEES\idmybee\data\images\crop\terrain\basile\WB1_23_0098_3.jpg,pratorum,0.9980698676171599,soroeensis,0.0008891831894277003,0.01823119552853365
43,c:\Users\Jules\Documents\IEES\idmybee\data\images\crop\terrain\basile\WB1_23_0099_1.jpg,sichelii,0.596203410259161,lapidarius,0.40375916603649514,0.04203908940254666
44,c:\Users\Jules\Documents\IEES\idmybee\data\images\crop\terrain\basile\WB1_23_0099_2.jpg,sichelii,0.8806841263888743,lapidarius,0.11751633435526436,0.04189885224795718
45,c:\Users\Jules\Documents\IEES\idmybee\data\images\crop\terrain\basile\WB1_23_0099_3.jpg,sichelii,0.7240266495489363,lapidarius,0.2745157924473853,0.04133276812428454
48,c:\Users\Jules\Documents\IEES\idmybee\data\images\crop\terrain\charlotte\WB1_23_0001_3.jpg,soroeensis,0.9979822164629979,monticola,0.001754240938627403,0.02683188308790201
49,c:\Users\Jules\Documents\IEES\idmybee\data\images\crop\terrain\charlotte\WB1_23_0002_1.jpg,ruderarius,0.99984240592134,sylvarum,0.00011628405416113331,0.037118805890518206
51,c:\Users\Jules\Documents\IEES\idmybee\data\images\crop\terrain\charlotte\WB1_23_0002_3.jpg,ruderarius,0.9996442065765201,sylvarum,0.00032321911708363263,0.038915521948918584
54,c:\Users\Jules\Documents\IEES\idmybee\data\images\crop\terrain\charlotte\WB1_23_0003_3.jpg,sylvarum,0.9999999936861641,monticola,6.3044950511298844e-09,0.3910562308346679
55,c:\Users\Jules\Documents\IEES\idmybee\data\images\crop\terrain\charlotte\WB1_23_0004_1.jpg,wurflenii,1.0,pratorum,6.791702755647183e-29,0.34780844410016937
56,c:\Users\Jules\Documents\IEES\idmybee\data\images\crop\terrain\charlotte\WB1_23_0004_2.jpg,pyrenaeus,0.9098487235293847,monticola,0.07989012020052574,0.02462383238105244
57,c:\Users\Jules\Documents\IEES\idmybee\data\images\crop\terrain\charlotte\WB1_23_0004_3.jpg,pyrenaeus,0.7112876588412781,monticola,0.28100019129516807,0.022299084970400736
58,c:\Users\Jules\Documents\IEES\idmybee\data\images\crop\terrain\charlotte\WB1_23_0005_2.jpg,sylvarum,0.9103545829248955,ruderarius,0.08964122206841886,0.02619692478840414
59,c:\Users\Jules\Documents\IEES\idmybee\data\images\crop\terrain\charlotte\WB1_23_0005_3.jpg,ruderarius,0.9975429490471143,sylvarum,0.0024538906780435777,0.032508883743906404
60,c:\Users\Jules\Documents\IEES\idmybee\data\images\crop\terrain\charlotte\WB1_23_0006_1.jpg,wurflenii,0.822657291296335,sichelii,0.16125899333362087,0.038208452596275415
61,c:\Users\Jules\Documents\IEES\idmybee\data\images\crop\terrain\charlotte\WB1_23_0006_2.jpg,wurflenii,0.8946617990253795,rupestris,0.05589759293274295,0.06992189582484715
62,c:\Users\Jules\Documents\IEES\idmybee\data\images\crop\terrain\charlotte\WB1_23_0006_3.jpg,sichelii,0.7924817241764602,lapidarius,0.18222137613434583,0.036904338656838585
63,c:\Users\Jules\Documents\IEES\idmybee\data\images\crop\terrain\charlotte\WB1_23_0007_2.jpg,soroeensis,0.9999853797744189,monticola,1.3146215086397553e-05,0.04286603243665129
64,c:\Users\Jules\Documents\IEES\idmybee\data\images\crop\terrain\charlotte\WB1_23_0007_3.jpg,soroeensis,0.9999985339742271,ruderarius,7.933631376130722e-07,0.052104832279570586
65,c:\Users\Jules\Documents\IEES\idmybee\data\images\crop\terrain\charlotte\WB1_23_0008_1.jpg,soroeensis,0.6968414312055777,pyrenaeus,0.2500295202309732,0.02263814117640847
66,c:\Users\Jules\Documents\IEES\idmybee\data\images\crop\terrain\charlotte\WB1_23_0008_2.jpg,soroeensis,0.9885862906659469,pyrenaeus,0.003832321574162173,0.03866557758169693
68,c:\Users\Jules\Documents\IEES\idmybee\data\images\crop\terrain\charlotte\WB1_23_0009_1.jpg,wurflenii,0.999999999106193,confusus,8.938069204289396e-10,0.3479020341866773
69,c:\Users\Jules\Documents\IEES\idmybee\data\images\crop\terrain\charlotte\WB1_23_0009_2.jpg,rupestris,0.999999999968433,sichelii,2.9644934262564574e-11,0.06526204642942085
70,c:\Users\Jules\Documents\IEES\idmybee\data\images\crop\terrain\charlotte\WB1_23_0009_3.jpg,rupestris,1.0,sichelii,7.078010998288509e-18,0.07912546610030602
73,c:\Users\Jules\Documents\IEES\idmybee\data\images\crop\terrain\charlotte\WB1_23_0010_3.jpg,ruderarius,0.944539951616935,wurflenii,0.05461215406050454,0.050759454956521025
74,c:\Users\Jules\Documents\IEES\idmybee\data\images\crop\terrain\guilhem\WB1_23_0031_1.jpg,wurflenii,0.9999738258358594,pratorum,2.583579560509227e-05,0.037819173735104024
75,c:\Users\Jules\Documents\IEES\idmybee\data\images\crop\terrain\guilhem\WB1_23_0031_2.jpg,wurflenii,0.9999959873431113,pratorum,3.985385131912273e-06,0.03626278093440598
76,c:\Users\Jules\Documents\IEES\idmybee\data\images\crop\terrain\guilhem\WB1_23_0031_3.jpg,soroeensis,0.9912792929594946,monticola,0.004687734021906012,0.025632227255773195
77,c:\Users\Jules\Documents\IEES\idmybee\data\images\crop\terrain\guilhem\WB1_23_0032_1.jpg,wurflenii,0.9999998943021987,sichelii,1.0076894091618103e-07,0.04190672091563978
78,c:\Users\Jules\Documents\IEES\idmybee\data\images\crop\terrain\guilhem\WB1_23_0032_2.jpg,wurflenii,0.9999913814547323,rupestris,8.596498607896069e-06,0.04937012903685838
79,c:\Users\Jules\Documents\IEES\idmybee\data\images\crop\terrain\guilhem\WB1_23_0032_3.jpg,wurflenii,0.9999994255363309,sichelii,5.575249995531244e-07,0.043315166738891075
80,c:\Users\Jules\Documents\IEES\idmybee\data\images\crop\terrain\guilhem\WB1_23_0033_1.jpg,sichelii,0.8971317894114959,lapidarius,0.1022365506735738,0.03483894222028224
81,c:\Users\Jules\Documents\IEES\idmybee\data\images\crop\terrain\guilhem\WB1_23_0033_2.jpg,sichelii,0.8955383498176412,lapidarius,0.1033324727945569,0.03575881316731969
82,c:\Users\Jules\Documents\IEES\idmybee\data\images\crop\terrain\guilhem\WB1_23_0033_3.jpg,sichelii,0.9994304476580361,lapidarius,0.0005496762978369501,0.05413006512497787
84,c:\Users\Jules\Documents\IEES\idmybee\data\images\crop\terrain\guilhem\WB1_23_0034_2.jpg,ruderarius,0.9999992384146597,pomorum,7.615853403716258e-07,0.5509529325700032
86,c:\Users\Jules\Documents\IEES\idmybee\data\images\crop\terrain\guilhem\WB1_23_0035_1.jpg,pyrenaeus,0.6175979349303549,lapidarius,0.14715011611679316,0.03468475704705733
87,c:\Users\Jules\Documents\IEES\idmybee\data\images\crop\terrain\guilhem\WB1_23_0035_2.jpg,monticola,0.8673108255254374,pyrenaeus,0.11555703451510506,0.041484788883438095
88,c:\Users\Jules\Documents\IEES\idmybee\data\images\crop\terrain\guilhem\WB1_23_0035_3.jpg,monticola,0.9023341854003053,pyrenaeus,0.07862220395563782,0.03627977021504715
91,c:\Users\Jules\Documents\IEES\idmybee\data\images\crop\terrain\guilhem\WB1_23_0036_3.jpg,monticola,0.8036159667976119,pyrenaeus,0.15444490548213105,0.03832861792595638
92,c:\Users\Jules\Documents\IEES\idmybee\data\images\crop\terrain\guilhem\WB1_23_0037_1.jpg,rupestris,0.9999761678267215,wurflenii,2.3493811404597673e-05,0.06500031255602089
93,c:\Users\Jules\Documents\IEES\idmybee\data\images\crop\terrain\guilhem\WB1_23_0037_2.jpg,rupestris,0.9999999999995732,sichelii,4.2542342822197716e-13,0.06476596344987533
94,c:\Users\Jules\Documents\IEES\idmybee\data\images\crop\terrain\guilhem\WB1_23_0037_3.jpg,wurflenii,1.0,pratorum,2.5580549806092945e-33,0.3607098836819059
95,c:\Users\Jules\Documents\IEES\idmybee\data\images\crop\terrain\guilhem\WB1_23_0038_1.jpg,wurflenii,0.9999994923565555,soroeensis,4.937676922386441e-07,0.039736547824830354
96,c:\Users\Jules\Documents\IEES\idmybee\data\images\crop\terrain\guilhem\WB1_23_0038_2.jpg,wurflenii,0.9999995790828762,soroeensis,4.174868953989944e-07,0.03987667026623547
97,c:\Users\Jules\Documents\IEES\idmybee\data\images\crop\terrain\guilhem\WB1_23_0038_3.jpg,wurflenii,0.9999999900398734,soroeensis,8.542203918576523e-09,0.04616757043007223
98,c:\Users\Jules\Documents\IEES\idmybee\data\images\crop\terrain\guilhem\WB1_23_0039_1.jpg,ruderarius,0.9705594699613902,sylvarum,0.027770971273159736,0.04015358314475674
99,c:\Users\Jules\Documents\IEES\idmybee\data\images\crop\terrain\guilhem\WB1_23_0039_2.jpg,ruderarius,0.9996828311340028,sylvarum,0.0002989246095620043,0.04968482992693856
100,c:\Users\Jules\Documents\IEES\idmybee\data\images\crop\terrain\guilhem\WB1_23_0039_3.jpg,sylvarum,0.8898461397258273,ruderarius,0.10948572287221997,0.03779754876838935
101,c:\Users\Jules\Documents\IEES\idmybee\data\images\crop\terrain\guilhem\WB1_23_0040_1.jpg,pyrenaeus,0.8585349794284485,monticola,0.13426143912011015,0.024280683074561615
102,c:\Users\Jules\Documents\IEES\idmybee\data\images\crop\terrain\guilhem\WB1_23_0040_2.jpg,pyrenaeus,0.9015340273633499,monticola,0.09574016561664561,0.0234759051484289
103,c:\Users\Jules\Documents\IEES\idmybee\data\images\crop\terrain\guilhem\WB1_23_0040_3.jpg,wurflenii,0.9998549902010978,confusus,0.0001450097954767271,0.25788126141406564
104,c:\Users\Jules\Documents\IEES\idmybee\data\images\crop\terrain\ligia\WB1_23_0061_1.jpg,lapidarius,0.9362410363966958,sichelii,0.06361460751171592,0.02499764930241831
105,c:\Users\Jules\Documents\IEES\idmybee\data\images\crop\terrain\ligia\WB1_23_0062_1.jpg,sichelii,0.8864039461378816,monticola,0.11359602626378833,0.16366674930015915
106,c:\Users\Jules\Documents\IEES\idmybee\data\images\crop\terrain\ligia\WB1_23_0062_2.jpg,lapidarius,0.5132257570065092,sichelii,0.44347485695917044,0.01934642665414364
107,c:\Users\Jules\Documents\IEES\idmybee\data\images\crop\terrain\ligia\WB1_23_0062_3.jpg,lapidarius,0.6982650765801145,sichelii,0.27601624585987383,0.024338067807370804
108,c:\Users\Jules\Documents\IEES\idmybee\data\images\crop\terrain\ligia\WB1_23_0063_1.jpg,lapidarius,0.6724036488044154,sichelii,0.31296309962185037,0.029976439431496176
109,c:\Users\Jules\Documents\IEES\idmybee\data\images\crop\terrain\ligia\WB1_23_0063_2.jpg,lapidarius,0.8090373679356829,sichelii,0.18686807070996372,0.029378009864159785
110,c:\Users\Jules\Documents\IEES\idmybee\data\images\crop\terrain\ligia\WB1_23_0063_3.jpg,lapidarius,0.9491718586318749,sichelii,0.04910875562689665,0.03039417058294778
111,c:\Users\Jules\Documents\IEES\idmybee\data\images\crop\terrain\ligia\WB1_23_0064_1.jpg,pratorum,0.9994557850867178,pyrenaeus,0.0005145931970434717,0.026580544776858336
112,c:\Users\Jules\Documents\IEES\idmybee\data\images\crop\terrain\ligia\WB1_23_0064_2.jpg,pratorum,0.9970047740440817,pyrenaeus,0.0028055040882931986,0.023689863643269308
113,c:\Users\Jules\Documents\IEES\idmybee\data\images\crop\terrain\ligia\WB1_23_0064_3.jpg,pratorum,0.9995127102649143,pyrenaeus,0.0004302431929899813,0.02653425176745353
114,c:\Users\Jules\Documents\IEES\idmybee\data\images\crop\terrain\ligia\WB1_23_0065_1.jpg,lapidarius,0.5946695312351346,sichelii,0.39936600343427703,0.03330939678937328
117,c:\Users\Jules\Documents\IEES\idmybee\data\images\crop\terrain\ligia\WB1_23_0066_1.jpg,sichelii,0.5182924067996928,wurflenii,0.2503556118328093,0.027990665863377402
118,c:\Users\Jules\Documents\IEES\idmybee\data\images\crop\terrain\ligia\WB1_23_0066_2.jpg,wurflenii,0.6786135860657455,soroeensis,0.3089920139266971,0.02600566897269461
119,c:\Users\Jules\Documents\IEES\idmybee\data\images\crop\terrain\ligia\WB1_23_0066_3.jpg,wurflenii,0.8067289315152789,lapidarius,0.15712783410433018,0.027733120623322834
120,c:\Users\Jules\Documents\IEES\idmybee\data\images\crop\terrain\ligia\WB1_23_0067_1.jpg,pratorum,0.9995705557514789,wurflenii,0.0003414801608413274,0.03349745139910162
121,c:\Users\Jules\Documents\IEES\idmybee\data\images\crop\terrain\ligia\WB1_23_0067_2.jpg,pratorum,0.9996139516099468,ruderarius,0.0002951189951235184,0.03316877618277444
122,c:\Users\Jules\Documents\IEES\idmybee\data\images\crop\terrain\ligia\WB1_23_0067_3.jpg,pratorum,0.9986372008403861,wurflenii,0.0011271291934090589,0.03201776375701044
123,c:\Users\Jules\Documents\IEES\idmybee\data\images\crop\terrain\ligia\WB1_23_0068_1.jpg,soroeensis,0.9934862648801461,monticola,0.002963319417129849,0.029016893113919705
124,c:\Users\Jules\Documents\IEES\idmybee\data\images\crop\terrain\ligia\WB1_23_0068_2.jpg,soroeensis,0.99991216768072,monticola,3.467301529857761e-05,0.02892787569716169
125,c:\Users\Jules\Documents\IEES\idmybee\data\images\crop\terrain\ligia\WB1_23_0068_3.jpg,soroeensis,0.9509168409674836,monticola,0.04793524111621491,0.028486058029131386
126,c:\Users\Jules\Documents\IEES\idmybee\data\images\crop\terrain\ligia\WB1_23_0069_1.jpg,pratorum,0.9991270469794095,pyrenaeus,0.0005672563624277285,0.03928017929059862
127,c:\Users\Jules\Documents\IEES\idmybee\data\images\crop\terrain\ligia\WB1_23_0069_2.jpg,pratorum,0.9994053669842593,sylvarum,0.0003385434750642202,0.03982922547663031
128,c:\Users\Jules\Documents\IEES\idmybee\data\images\crop\terrain\ligia\WB1_23_0069_3.jpg,pratorum,0.992997005611112,soroeensis,0.0033304098899747735,0.03861886397040466
129,c:\Users\Jules\Documents\IEES\idmybee\data\images\crop\terrain\ligia\WB1_23_0070_1.jpg,pratorum,0.9992672539550165,sylvarum,0.0007271674672123836,0.03204355049877893
130,c:\Users\Jules\Documents\IEES\idmybee\data\images\crop\terrain\ligia\WB1_23_0070_2.jpg,pratorum,0.9963562066872055,sylvarum,0.00363785999200292,0.034197564921685394
131,c:\Users\Jules\Documents\IEES\idmybee\data\images\crop\terrain\ligia\WB1_23_0070_3.jpg,pratorum,0.9997503361958707,sylvarum,0.0002456466910008368,0.032533089655947874
132,c:\Users\Jules\Documents\IEES\idmybee\data\images\crop\terrain\mehdi\WB1_23_0116_1.jpg,lapidarius,0.937444965327963,sichelii,0.061079343175507804,0.02360801066577327
133,c:\Users\Jules\Documents\IEES\idmybee\data\images\crop\terrain\mehdi\WB1_23_0116_2.jpg,lapidarius,0.8630920453022072,sichelii,0.12822765125907637,0.022191234729171314
134,c:\Users\Jules\Documents\IEES\idmybee\data\images\crop\terrain\mehdi\WB1_23_0116_3.jpg,lapidarius,0.8126802536450546,sichelii,0.1863880562221206,0.02389625984561904
135,c:\Users\Jules\Documents\IEES\idmybee\data\images\crop\terrain\mehdi\WB1_23_0117_1.jpg,pratorum,0.9978048362954826,sylvarum,0.001251733127481805,0.02467836851270728
136,c:\Users\Jules\Documents\IEES\idmybee\data\images\crop\terrain\mehdi\WB1_23_0117_2.jpg,pratorum,0.8915710077044547,sylvarum,0.10669763922997294,0.027470178032880935
137,c:\Users\Jules\Documents\IEES\idmybee\data\images\crop\terrain\mehdi\WB1_23_0117_3.jpg,pratorum,0.9980588931214758,pyrenaeus,0.0011463445735684357,0.027977997996062525
138,c:\Users\Jules\Documents\IEES\idmybee\data\images\crop\terrain\mehdi\WB1_23_0118_1.jpg,lapidarius,0.8865617548869799,sichelii,0.0896536280548662,0.0243259693347968
139,c:\Users\Jules\Documents\IEES\idmybee\data\images\crop\terrain\mehdi\WB1_23_0118_2.jpg,lapidarius,0.615266197363092,sichelii,0.3314346709993591,0.025104990775304706
140,c:\Users\Jules\Documents\IEES\idmybee\data\images\crop\terrain\mehdi\WB1_23_0118_3.jpg,lapidarius,0.7033196172231689,soroeensis,0.19565265512244656,0.02492729024421995
141,c:\Users\Jules\Documents\IEES\idmybee\data\images\crop\terrain\mehdi\WB1_23_0119_1.jpg,pratorum,0.9999941069445509,pyrenaeus,5.397852698375656e-06,0.034427496984579885
142,c:\Users\Jules\Documents\IEES\idmybee\data\images\crop\terrain\mehdi\WB1_23_0119_2.jpg,pratorum,0.9999942555848227,pyrenaeus,5.518251082912025e-06,0.028724063601139584
143,c:\Users\Jules\Documents\IEES\idmybee\data\images\crop\terrain\mehdi\WB1_23_0119_3.jpg,pratorum,0.9999783960288909,pyrenaeus,1.7120017781639444e-05,0.029178582486613393
144,c:\Users\Jules\Documents\IEES\idmybee\data\images\crop\terrain\mehdi\WB1_23_0120_1.jpg,soroeensis,0.99999093843831,monticola,6.81815602623209e-06,0.03739727657866996
145,c:\Users\Jules\Documents\IEES\idmybee\data\images\crop\terrain\mehdi\WB1_23_0120_2.jpg,soroeensis,0.9999847471855932,monticola,8.110416893434511e-06,0.035359825214211146
146,c:\Users\Jules\Documents\IEES\idmybee\data\images\crop\terrain\mehdi\WB1_23_0120_3.jpg,soroeensis,0.9989022264760256,monticola,0.0009187339851103443,0.031248243289605633
147,c:\Users\Jules\Documents\IEES\idmybee\data\images\crop\terrain\mehdi\WB1_23_0121_1.jpg,sylvarum,0.8902750572929456,pratorum,0.10739622861471614,0.024723955177588047
148,c:\Users\Jules\Documents\IEES\idmybee\data\images\crop\terrain\mehdi\WB1_23_0121_2.jpg,sylvarum,0.998865998639093,pratorum,0.001060212412566454,0.025417320461187578
149,c:\Users\Jules\Documents\IEES\idmybee\data\images\crop\terrain\mehdi\WB1_23_0121_3.jpg,sylvarum,0.9998720697588688,pratorum,9.147814118544034e-05,0.026177650153152814
150,c:\Users\Jules\Documents\IEES\idmybee\data\images\crop\terrain\mehdi\WB1_23_0122_1.jpg,pratorum,0.8186468881196276,pyrenaeus,0.1811178588716765,0.027316653072098705
151,c:\Users\Jules\Documents\IEES\idmybee\data\images\crop\terrain\mehdi\WB1_23_0122_2.jpg,pratorum,0.9999456891426489,soroeensis,4.983925959930736e-05,0.024111883940700317
152,c:\Users\Jules\Documents\IEES\idmybee\data\images\crop\terrain\mehdi\WB1_23_0122_3.jpg,pratorum,0.9997351620773982,soroeensis,0.0002226453653565403,0.020577860762966957
153,c:\Users\Jules\Documents\IEES\idmybee\data\images\crop\terrain\mehdi\WB1_23_0123_1.jpg,wurflenii,0.999999999679281,pyrenaeus,3.2071906593294643e-10,0.3373168240993422
154,c:\Users\Jules\Documents\IEES\idmybee\data\images\crop\terrain\mehdi\WB1_23_0123_2.jpg,pratorum,0.9913331080753343,pyrenaeus,0.004546623555966438,0.045277293596128455
155,c:\Users\Jules\Documents\IEES\idmybee\data\images\crop\terrain\mehdi\WB1_23_0123_3.jpg,wurflenii,0.9999999999960942,pyrenaeus,3.905799799957866e-12,0.3367558334470617
156,c:\Users\Jules\Documents\IEES\idmybee\data\images\crop\terrain\mehdi\WB1_23_0124_1.jpg,pratorum,0.9999471700669953,soroeensis,5.2338950258880284e-05,0.03948403407396118
157,c:\Users\Jules\Documents\IEES\idmybee\data\images\crop\terrain\mehdi\WB1_23_0124_2.jpg,pratorum,0.9998380371017493,soroeensis,0.00016170319516072386,0.04329509984554868
158,c:\Users\Jules\Documents\IEES\idmybee\data\images\crop\terrain\mehdi\WB1_23_0124_3.jpg,pratorum,0.9999899495603626,soroeensis,9.706140083846592e-06,0.04163808751857778
159,c:\Users\Jules\Documents\IEES\idmybee\data\images\crop\terrain\mehdi\WB1_23_0125_1.jpg,confusus,1.0,monticola,8.597249671641504e-21,0.06283682330375934
160,c:\Users\Jules\Documents\IEES\idmybee\data\images\crop\terrain\mehdi\WB1_23_0125_2.jpg,confusus,1.0,monticola,3.3526974425465523e-22,0.06439075377935885
161,c:\Users\Jules\Documents\IEES\idmybee\data\images\crop\terrain\mehdi\WB1_23_0125_3.jpg,confusus,1.0,monticola,2.7852151585846173e-21,0.06546562805553935
162,c:\Users\Jules\Documents\IEES\idmybee\data\images\crop\terrain\tarek\WB1_23_0076_1.jpg,lapidarius,0.9759074254620057,sichelii,0.024030144439980933,0.024315081161163415
163,c:\Users\Jules\Documents\IEES\idmybee\data\images\crop\terrain\tarek\WB1_23_0076_2.jpg,lapidarius,0.9834434036101942,sichelii,0.01627949341804833,0.022546370271423106
164,c:\Users\Jules\Documents\IEES\idmybee\data\images\crop\terrain\tarek\WB1_23_0076_3.jpg,lapidarius,0.9809259451619555,sichelii,0.01792204833024077,0.020583800492688098
165,c:\Users\Jules\Documents\IEES\idmybee\data\images\crop\terrain\tarek\WB1_23_0077_1.jpg,lapidarius,0.9560927715488212,sichelii,0.041172502999326774,0.016971009169086834
166,c:\Users\Jules\Documents\IEES\idmybee\data\images\crop\terrain\tarek\WB1_23_0077_2.jpg,lapidarius,0.9761721074403092,sichelii,0.022191214088427686,0.018741385853877388
167,c:\Users\Jules\Documents\IEES\idmybee\data\images\crop\terrain\tarek\WB1_23_0077_3.jpg,lapidarius,0.9776917563302275,sichelii,0.0202899705130719,0.018553269521913912
168,c:\Users\Jules\Documents\IEES\idmybee\data\images\crop\terrain\tarek\WB1_23_0078_1.jpg,lapidarius,0.9930748391691062,sichelii,0.006924280484440434,0.03203719954019916
169,c:\Users\Jules\Documents\IEES\idmybee\data\images\crop\terrain\tarek\WB1_23_0078_2.jpg,lapidarius,0.9332480049226171,sichelii,0.06668485685540809,0.03443668704450565
170,c:\Users\Jules\Documents\IEES\idmybee\data\images\crop\terrain\tarek\WB1_23_0078_3.jpg,lapidarius,0.9993902488734902,sichelii,0.0006094341686167334,0.031050679261815088
171,c:\Users\Jules\Documents\IEES\idmybee\data\images\crop\terrain\tarek\WB1_23_0079_1.jpg,lapidarius,0.6783166463433735,monticola,0.19039729286510695,0.03585688408023564
172,c:\Users\Jules\Documents\IEES\idmybee\data\images\crop\terrain\tarek\WB1_23_0079_2.jpg,pyrenaeus,0.32465723266522534,monticola,0.31271403950904714,0.03417089770554627
173,c:\Users\Jules\Documents\IEES\idmybee\data\images\crop\terrain\tarek\WB1_23_0079_3.jpg,lapidarius,0.569965222231746,sichelii,0.30594015638047173,0.03441762732373026
174,c:\Users\Jules\Documents\IEES\idmybee\data\images\crop\terrain\tarek\WB1_23_0080_1.jpg,lapidarius,0.6679731841220208,soroeensis,0.16199962635142276,0.034219009329856304
175,c:\Users\Jules\Documents\IEES\idmybee\data\images\crop\terrain\tarek\WB1_23_0080_2.jpg,lapidarius,0.9755114430759456,monticola,0.013853123069110343,0.03503339464198493
176,c:\Users\Jules\Documents\IEES\idmybee\data\images\crop\terrain\tarek\WB1_23_0080_3.jpg,monticola,0.5123378558281522,lapidarius,0.46105348063469215,0.0342490192382036
177,c:\Users\Jules\Documents\IEES\idmybee\data\images\crop\terrain\tarek\WB1_23_0081_1.jpg,lapidarius,0.9519429516580634,sichelii,0.026167378677551142,0.03832743314494716
178,c:\Users\Jules\Documents\IEES\idmybee\data\images\crop\terrain\tarek\WB1_23_0081_2.jpg,lapidarius,0.8795022352556304,sichelii,0.11902482162047165,0.03651877878321915
180,c:\Users\Jules\Documents\IEES\idmybee\data\images\crop\terrain\tarek\WB1_23_0082_1.jpg,lapidarius,0.7493733114381618,sichelii,0.25062520049741394,0.035558787727606324
181,c:\Users\Jules\Documents\IEES\idmybee\data\images\crop\terrain\tarek\WB1_23_0082_2.jpg,lapidarius,0.9606223380366619,sichelii,0.03922362336529994,0.03320948439614539
182,c:\Users\Jules\Documents\IEES\idmybee\data\images\crop\terrain\tarek\WB1_23_0082_3.jpg,lapidarius,0.9257437821538199,sichelii,0.07425477386112518,0.03490184374839967
183,c:\Users\Jules\Documents\IEES\idmybee\data\images\crop\terrain\tarek\WB1_23_0083_1.jpg,lapidarius,0.9424982842154801,sichelii,0.04129647629531579,0.03083233162145734
184,c:\Users\Jules\Documents\IEES\idmybee\data\images\crop\terrain\tarek\WB1_23_0083_2.jpg,lapidarius,0.9946194026169679,sichelii,0.005307686019797488,0.035387805599893046
185,c:\Users\Jules\Documents\IEES\idmybee\data\images\crop\terrain\tarek\WB1_23_0083_3.jpg,lapidarius,0.9411366886875322,sichelii,0.05849748691622443,0.03404493077532982
186,c:\Users\Jules\Documents\IEES\idmybee\data\images\crop\terrain\tarek\WB1_23_0084_1.jpg,soroeensis,0.85787214236801,lapidarius,0.10680697226380804,0.02070783779752742
187,c:\Users\Jules\Documents\IEES\idmybee\data\images\crop\terrain\tarek\WB1_23_0084_2.jpg,soroeensis,0.836633521372587,lapidarius,0.10867400313841835,0.020830501100678023
188,c:\Users\Jules\Documents\IEES\idmybee\data\images\crop\terrain\tarek\WB1_23_0084_3.jpg,soroeensis,0.9837503430158502,lapidarius,0.008968042373227977,0.022199961828462213
189,c:\Users\Jules\Documents\IEES\idmybee\data\images\crop\terrain\tarek\WB1_23_0085_1.jpg,lapidarius,0.9552015438807824,pyrenaeus,0.04398354181963299,0.027364681822023184
191,c:\Users\Jules\Documents\IEES\idmybee\data\images\crop\terrain\tarek\WB1_23_0085_3.jpg,rupestris,1.0,lapidarius,4.6804459975100514e-21,0.4396092415551326
192,c:\Users\Jules\Documents\IEES\idmybee\data\images\crop\terrain\tarek\WB1_23_0086_1.jpg,pyrenaeus,0.9999984823760929,monticola,1.5176239068128687e-06,0.13707954683432053
193,c:\Users\Jules\Documents\IEES\idmybee\data\images\crop\terrain\tarek\WB1_23_0086_2.jpg,ruderarius,0.9999978604759271,soroeensis,2.139524043402882e-06,0.3254542097597116
194,c:\Users\Jules\Documents\IEES\idmybee\data\images\crop\terrain\tarek\WB1_23_0086_3.jpg,sylvarum,0.9969342539197126,ruderarius,0.002734552256531651,0.02283811624375539
195,c:\Users\Jules\Documents\IEES\idmybee\data\images\crop\terrain\tarek\WB1_23_0087_1.jpg,pomorum,0.9910806699096711,sylvarum,0.006836660814914499,0.026798765992829394
197,c:\Users\Jules\Documents\IEES\idmybee\data\images\crop\terrain\tarek\WB1_23_0087_3.jpg,wurflenii,1.0,ruderarius,2.0451227943948246e-55,0.33588154048835467
198,c:\Users\Jules\Documents\IEES\idmybee\data\images\crop\terrain\tonie\WB1_23_0126_1.jpg,rupestris,0.9999981356547242,wurflenii,1.7216601097148024e-06,0.04053015894010566
199,c:\Users\Jules\Documents\IEES\idmybee\data\images\crop\terrain\tonie\WB1_23_0126_2.jpg,rupestris,0.9999830624727211,wurflenii,1.621096082717398e-05,0.03952809830766461
200,c:\Users\Jules\Documents\IEES\idmybee\data\images\crop\terrain\tonie\WB1_23_0126_3.jpg,rupestris,0.9999989951210565,wurflenii,9.962803115837261e-07,0.04057918089131503
201,c:\Users\Jules\Documents\IEES\idmybee\data\images\crop\terrain\tonie\WB1_23_0127_1.jpg,ruderarius,1.0,sylvarum,1.5299151983800835e-42,0.5794148925841658
203,c:\Users\Jules\Documents\IEES\idmybee\data\images\crop\terrain\tonie\WB1_23_0127_3.jpg,lapidarius,0.9941267196524578,sichelii,0.005859497231169457,0.02547846743867423
204,c:\Users\Jules\Documents\IEES\idmybee\data\images\crop\terrain\tonie\WB1_23_0128_1.jpg,confusus,1.0,soroeensis,1.1830259378816895e-35,0.44236103147746386
207,c:\Users\Jules\Documents\IEES\idmybee\data\images\crop\terrain\tonie\WB1_23_0129_1.jpg,ruderarius,0.9923154078835954,sylvarum,0.007631689475146764,0.029858162163569502
208,c:\Users\Jules\Documents\IEES\idmybee\data\images\crop\terrain\tonie\WB1_23_0129_2.jpg,ruderarius,0.9368102883857602,sylvarum,0.057470354847663004,0.028696030964836066
209,c:\Users\Jules\Documents\IEES\idmybee\data\images\crop\terrain\tonie\WB1_23_0129_3.jpg,ruderarius,0.9984762156628045,sylvarum,0.001343606434826658,0.03328379953320524
210,c:\Users\Jules\Documents\IEES\idmybee\data\images\crop\terrain\tonie\WB1_23_0129_4.jpg,ruderarius,0.9978387051988532,sylvarum,0.0019448344129885345,0.03199447926083696
211,c:\Users\Jules\Documents\IEES\idmybee\data\images\crop\terrain\tonie\WB1_23_0130_1.jpg,soroeensis,0.9999999999922233,pratorum,7.776619736090976e-12,0.39443178759452163
212,c:\Users\Jules\Documents\IEES\idmybee\data\images\crop\terrain\tonie\WB1_23_0130_2.jpg,sylvarum,0.9802635304782505,ruderarius,0.019568864801909728,0.03774532671723248
214,c:\Users\Jules\Documents\IEES\idmybee\data\images\crop\terrain\tonie\WB1_23_0131_1.jpg,pratorum,0.9999942841747028,sichelii,3.0837086282920584e-06,0.04261530107470938
215,c:\Users\Jules\Documents\IEES\idmybee\data\images\crop\terrain\tonie\WB1_23_0131_2.jpg,pratorum,0.9999862664947075,sichelii,1.0171017588380445e-05,0.03895877777062655
216,c:\Users\Jules\Documents\IEES\idmybee\data\images\crop\terrain\tonie\WB1_23_0131_3.jpg,pratorum,0.9999981340369503,sylvarum,9.253366163903348e-07,0.03734722663983737
217,c:\Users\Jules\Documents\IEES\idmybee\data\images\crop\terrain\tonie\WB1_23_0132_1.jpg,lapidarius,0.9428589474331092,sichelii,0.03252489428478529,0.024529092395996134
218,c:\Users\Jules\Documents\IEES\idmybee\data\images\crop\terrain\tonie\WB1_23_0132_2.jpg,lapidarius,0.942773527210671,sichelii,0.036565265831505954,0.02538014398968939
219,c:\Users\Jules\Documents\IEES\idmybee\data\images\crop\terrain\tonie\WB1_23_0132_3.jpg,lapidarius,0.8459555652002412,wurflenii,0.08776518875226581,0.025759979719505933
220,c:\Users\Jules\Documents\IEES\idmybee\data\images\crop\terrain\tonie\WB1_23_0133_1.jpg,pratorum,0.9674100771016193,wurflenii,0.032471954103326955,0.02794301891667713
221,c:\Users\Jules\Documents\IEES\idmybee\data\images\crop\terrain\tonie\WB1_23_0133_2.jpg,pratorum,0.9708030930474126,wurflenii,0.023212524124204797,0.025891436502916743
222,c:\Users\Jules\Documents\IEES\idmybee\data\images\crop\terrain\tonie\WB1_23_0133_3.jpg,pratorum,0.9996925181379432,ruderarius,0.00028604503214490936,0.025047579997360323
223,c:\Users\Jules\Documents\IEES\idmybee\data\images\crop\terrain\tonie\WB1_23_0134_1.jpg,lapidarius,0.9937513746880653,sichelii,0.006244339066555502,0.03167154512157133
224,c:\Users\Jules\Documents\IEES\idmybee\data\images\crop\terrain\tonie\WB1_23_0134_2.jpg,lapidarius,0.9996611527532294,sichelii,0.00033871466591845715,0.033851712502075644
225,c:\Users\Jules\Documents\IEES\idmybee\data\images\crop\terrain\tonie\WB1_23_0134_3.jpg,lapidarius,0.9987977863228373,sichelii,0.0011837154228123898,0.03290668343812329
227,c:\Users\Jules\Documents\IEES\idmybee\data\images\crop\terrain\tonie\WB1_23_0135_2.jpg,lapidarius,0.9460448894462467,soroeensis,0.02827256610828079,0.024058629676296035
228,c:\Users\Jules\Documents\IEES\idmybee\data\images\crop\terrain\tonie\WB1_23_0135_3.jpg,lapidarius,0.9717673374043374,sichelii,0.025885321659349522,0.026108652205081292
229,c:\Users\Jules\Documents\IEES\idmybee\data\images\crop\terrain\tonie\WB1_23_0135_4.jpg,lapidarius,0.9578730391387554,sichelii,0.03316954099307073,0.025306045663049174
232,c:\Users\Jules\Documents\IEES\idmybee\data\images\crop\terrain\victor\WB1_23_0106_3.jpg,pyrenaeus,0.5429385077200207,lapidarius,0.35490676819375205,0.03564058861316065
233,c:\Users\Jules\Documents\IEES\idmybee\data\images\crop\terrain\victor\WB1_23_0107_1.jpg,lapidarius,0.9702453588403644,pyrenaeus,0.01888103800872837,0.03517105502449563
234,c:\Users\Jules\Documents\IEES\idmybee\data\images\crop\terrain\victor\WB1_23_0107_2.jpg,lapidarius,0.8720668950858399,sichelii,0.05424802733520377,0.03437479298067301
235,c:\Users\Jules\Documents\IEES\idmybee\data\images\crop\terrain\victor\WB1_23_0107_3.jpg,wurflenii,1.0,pratorum,7.088090510173866e-28,0.34936667412162875
236,c:\Users\Jules\Documents\IEES\idmybee\data\images\crop\terrain\victor\WB1_23_0108_1.jpg,lapidarius,0.6010722431337773,sichelii,0.3989099717183469,0.03087523380834015
238,c:\Users\Jules\Documents\IEES\idmybee\data\images\crop\terrain\victor\WB1_23_0108_3.jpg,ruderarius,1.0,sylvarum,5.854429174517682e-36,0.40260976415470123
239,c:\Users\Jules\Documents\IEES\idmybee\data\images\crop\terrain\victor\WB1_23_0109_1.jpg,lapidarius,0.5131802186637403,sichelii,0.4702519331810328,0.03862823704174313
240,c:\Users\Jules\Documents\IEES\idmybee\data\images\crop\terrain\victor\WB1_23_0109_2.jpg,lapidarius,0.9845356275418289,soroeensis,0.009345016640852497,0.03949089912179412
241,c:\Users\Jules\Documents\IEES\idmybee\data\images\crop\terrain\victor\WB1_23_0110_1.jpg,sylvarum,0.930781758141226,ruderarius,0.06910771969871218,0.03501613692366179
242,c:\Users\Jules\Documents\IEES\idmybee\data\images\crop\terrain\victor\WB1_23_0110_2.jpg,pratorum,0.9999999999999958,wurflenii,4.14610306386326e-15,0.3620358546376808
244,c:\Users\Jules\Documents\IEES\idmybee\data\images\crop\terrain\victor\WB1_23_0111_2.jpg,lapidarius,0.9864505637472094,pratorum,0.004283480345475923,0.021062190966657676
245,c:\Users\Jules\Documents\IEES\idmybee\data\images\crop\terrain\victor\WB1_23_0111_3.jpg,ruderarius,1.0,sylvarum,1.7340678280170884e-18,0.5472529258142255
246,c:\Users\Jules\Documents\IEES\idmybee\data\images\crop\terrain\victor\WB1_23_0112_1.jpg,lapidarius,0.932323393532453,sichelii,0.06010940165424398,0.029165628721234044
247,c:\Users\Jules\Documents\IEES\idmybee\data\images\crop\terrain\victor\WB1_23_0112_2.jpg,lapidarius,0.9946711521576723,sichelii,0.005257864665287542,0.025783167802024175
248,c:\Users\Jules\Documents\IEES\idmybee\data\images\crop\terrain\victor\WB1_23_0113_1.jpg,lapidarius,0.7076597773601606,sichelii,0.2901476760611944,0.024799329744668943
249,c:\Users\Jules\Documents\IEES\idmybee\data\images\crop\terrain\victor\WB1_23_0113_2.jpg,lapidarius,0.7730191038567592,sichelii,0.2269651202902601,0.04619512743714884
250,c:\Users\Jules\Documents\IEES\idmybee\data\images\crop\terrain\victor\WB1_23_0113_3.jpg,lapidarius,0.9058923234103481,sichelii,0.09140568976695913,0.023714435984846308
251,c:\Users\Jules\Documents\IEES\idmybee\data\images\crop\terrain\victor\WB1_23_0114_1.jpg,sichelii,0.38372702118964963,lapidarius,0.3534629869622433,0.021050096514757304
252,c:\Users\Jules\Documents\IEES\idmybee\data\images\crop\terrain\victor\WB1_23_0114_2.jpg,lapidarius,0.9983448769643445,pratorum,0.0011936161520668738,0.024043440573281137
253,c:\Users\Jules\Documents\IEES\idmybee\data\images\crop\terrain\victor\WB1_23_0114_4.jpg,lapidarius,0.6463863857101674,sichelii,0.3394342188620557,0.02193210282676001
255,c:\Users\Jules\Documents\IEES\idmybee\data\images\crop\terrain\victor\WB1_23_0115_2.jpg,lapidarius,0.9219882382430132,sichelii,0.07640350453054384,0.01970736340110143
256,c:\Users\Jules\Documents\IEES\idmybee\data\images\crop\terrain\victor\WB1_23_0115_3.jpg,rupestris,0.9312128564804333,confusus,0.06878712146994866,0.17952918128483797
258,c:\Users\Jules\Documents\IEES\idmybee\data\images\crop\terrain\yvan\WB1_23_0016_2.jpg,ruderarius,0.99882772259521,sylvarum,0.0011676685039787927,0.042464699058891796
261,c:\Users\Jules\Documents\IEES\idmybee\data\images\crop\terrain\yvan\WB1_23_0017_2.jpg,sichelii,0.987736682494446,lapidarius,0.012262644249106008,0.03472832028522728
264,c:\Users\Jules\Documents\IEES\idmybee\data\images\crop\terrain\yvan\WB1_23_0018_2.jpg,wurflenii,0.9999999878080764,pomorum,1.2191923464917541e-08,0.43733051223317165
266,c:\Users\Jules\Documents\IEES\idmybee\data\images\crop\terrain\yvan\WB1_23_0019_1.jpg,sichelii,0.9137103384201384,soroeensis,0.06071245935777628,0.036117311354651016
267,c:\Users\Jules\Documents\IEES\idmybee\data\images\crop\terrain\yvan\WB1_23_0019_2.jpg,sichelii,0.9992501986699601,lapidarius,0.000715206069436502,0.03656967690962049
268,c:\Users\Jules\Documents\IEES\idmybee\data\images\crop\terrain\yvan\WB1_23_0019_3.jpg,sichelii,0.7754950760090179,soroeensis,0.2217831405029789,0.033385119908286194
269,c:\Users\Jules\Documents\IEES\idmybee\data\images\crop\terrain\yvan\WB1_23_0020_1.jpg,ruderarius,0.9943356573438328,wurflenii,0.004995652211909392,0.03479949444765127
270,c:\Users\Jules\Documents\IEES\idmybee\data\images\crop\terrain\yvan\WB1_23_0020_2.jpg,pratorum,1.0,wurflenii,8.694849125435309e-39,0.3516252200977903
273,c:\Users\Jules\Documents\IEES\idmybee\data\images\crop\terrain\yvan\WB1_23_0021_3.jpg,ruderarius,0.9989553804400242,pratorum,0.0006582707003098353,0.028112527494386762
274,c:\Users\Jules\Documents\IEES\idmybee\data\images\crop\terrain\yvan\WB1_23_0022_1.jpg,ruderarius,0.9997550300007657,sylvarum,0.00024186494571093914,0.03808972639908338
275,c:\Users\Jules\Documents\IEES\idmybee\data\images\crop\terrain\yvan\WB1_23_0022_2.jpg,ruderarius,0.9997960006622476,sylvarum,0.00018920829950193373,0.03630856328682829
276,c:\Users\Jules\Documents\IEES\idmybee\data\images\crop\terrain\yvan\WB1_23_0022_3.jpg,ruderarius,0.9988608533607484,sylvarum,0.0009628359133178304,0.03609392826319904
277,c:\Users\Jules\Documents\IEES\idmybee\data\images\crop\terrain\yvan\WB1_23_0023_1.jpg,pyrenaeus,0.5582138638947186,monticola,0.441600867666107,0.028544126998979166
278,c:\Users\Jules\Documents\IEES\idmybee\data\images\crop\terrain\yvan\WB1_23_0023_2.jpg,pyrenaeus,0.9535634808817876,monticola,0.0460826906327542,0.03205031247987706
279,c:\Users\Jules\Documents\IEES\idmybee\data\images\crop\terrain\yvan\WB1_23_0023_3.jpg,pyrenaeus,0.6218358363677274,monticola,0.3781525787669947,0.03377780039822767
280,c:\Users\Jules\Documents\IEES\idmybee\data\images\crop\terrain\yvan\WB1_23_0024_1.jpg,soroeensis,0.9999998766095911,pratorum,1.0086946017707894e-07,0.02969361751945227
281,c:\Users\Jules\Documents\IEES\idmybee\data\images\crop\terrain\yvan\WB1_23_0024_2.jpg,soroeensis,0.9861656066606801,monticola,0.009173586628412774,0.030799435879336638
282,c:\Users\Jules\Documents\IEES\idmybee\data\images\crop\terrain\yvan\WB1_23_0024_3.jpg,soroeensis,0.7072495314230447,monticola,0.2662421130321196,0.0321127592665518
283,c:\Users\Jules\Documents\IEES\idmybee\data\images\crop\terrain\yvan\WB1_23_0025_1.jpg,soroeensis,0.9999796443187853,pratorum,1.3194532575267394e-05,0.031621337940263415
284,c:\Users\Jules\Documents\IEES\idmybee\data\images\crop\terrain\yvan\WB1_23_0025_2.jpg,soroeensis,0.997783429459754,monticola,0.0018095812343085608,0.028777061675971702
285,c:\Users\Jules\Documents\IEES\idmybee\data\images\crop\terrain\yvan\WB1_23_0025_3.jpg,soroeensis,0.8959828412796246,monticola,0.09008488348892828,0.029098204050520632
286,c:\Users\Jules\Documents\IEES\idmybee\data\images\crop\terrain\yvan\WB1_23_0026_1.jpg,pratorum,1.0,wurflenii,5.58579371418537e-26,0.3329798592703483
287,c:\Users\Jules\Documents\IEES\idmybee\data\images\crop\terrain\yvan\WB1_23_0026_2.jpg,wurflenii,0.9880959205402184,sichelii,0.01162781803960368,0.02943405084891447
288,c:\Users\Jules\Documents\IEES\idmybee\data\images\crop\terrain\yvan\WB1_23_0026_3.jpg,wurflenii,0.9981680016332134,sichelii,0.0017897509025063204,0.03429184386200802
