photo_id,inv_id,status,error_reason,n_landmarks_found,model_name,processing_time_s,processed_at
WB1_23_0001_S_1,WB1_23_0001,OK,,19,weights,0.1316,2026-09-11T09:27:58+00:00
WB1_23_0001_S_2,WB1_23_0001,OK,,19,weights,0.1027,2026-09-11T09:27:59+00:00
WB1_23_0001_S_3,WB1_23_0001,OK,,19,weights,0.0905,2026-09-11T09:27:59+00:00
WB1_23_0002_S_1,WB1_23_0002,OK,,19,weights,0.0896,2026-09-11T09:27:59+00:00
WB1_23_0002_S_2,WB1_23_0002,OK,,19,weights,0.0922,2026-09-11T09:27:59+00:00
WB1_23_0002_S_3,WB1_23_0002,OK,,19,weights,0.0938,2026-09-11T09:27:59+00:00
WB1_23_0003_S_1,WB1_23_0003,SUSPECT,only_17_of_19_expected_maxima,17,weights,0.0941,2026-09-11T09:27:59+00:00
WB1_23_0003_S_2,WB1_23_0003,SUSPECT,only_15_of_19_expected_maxima,15,weights,0.0900,2026-09-11T09:27:59+00:00
WB1_23_0003_S_3,WB1_23_0003,SUSPECT,only_16_of_19_expected_maxima,16,weights,0.0910,2026-09-11T09:27:59+00:00
WB1_23_0004_S_1,WB1_23_0004,OK,,19,weights,0.0918,2026-09-11T09:27:59+00:00
WB1_23_0004_S_2,WB1_23_0004,OK,,19,weights,0.0931,2026-09-11T09:27:59+00:00
WB1_23_0004_S_3,WB1_23_0004,OK,,19,weights,0.0927,2026-09-11T09:27:59+00:00
WB1_23_0005_S_1,WB1_23_0005,FAILED,no_local_maximum,0,weights,0.0866,2026-09-11T09:28:00+00:00
WB1_23_0005_S_2,WB1_23_0005,OK,,19,weights,0.0885,2026-09-11T09:28:00+00:00
WB1_23_0005_S_3,WB1_23_0005,OK,,19,weights,0.0907,2026-09-11T09:28:00+00:00
WB1_23_0006_S_1,WB1_23_0006,OK,,19,weights,0.0894,2026-09-11T09:28:00+00:00
WB1_23_0006_S_2,WB1_23_0006,OK,,19,weights,0.0884,2026-09-11T09:28:00+00:00
WB1_23_0006_S_3,WB1_23_0006,OK,,19,weights,0.0874,2026-09-11T09:28:00+00:00
WB1_23_0007_S_1,WB1_23_0007,FAILED,no_local_maximum,0,weights,0.0831,2026-09-11T09:28:00+00:00
WB1_23_0007_S_2,WB1_23_0007,OK,,19,weights,0.0887,2026-09-11T09:28:00+00:00
WB1_23_0007_S_3,WB1_23_0007,OK,,19,weights,0.0878,2026-09-11T09:28:00+00:00
WB1_23_0008_S_1,WB1_23_0008,OK,,19,weights,0.0883,2026-09-11T09:28:00+00:00
WB1_23_0008_S_2,WB1_23_0008,OK,,19,weights,0.0888,2026-09-11T09:28:00+00:00
WB1_23_0008_S_3,WB1_23_0008,OK,,19,weights,0.0890,2026-09-11T09:28:01+00:00
WB1_23_0009_S_1,WB1_23_0009,OK,,19,weights,0.0901,2026-09-11T09:28:01+00:00
WB1_23_0009_S_2,WB1_23_0009,OK,,19,weights,0.0881,2026-09-11T09:28:01+00:00
WB1_23_0009_S_3,WB1_23_0009,OK,,19,weights,0.0891,2026-09-11T09:28:01+00:00
WB1_23_0010_S_1,WB1_23_0010,FAILED,no_local_maximum,0,weights,0.0851,2026-09-11T09:28:01+00:00
WB1_23_0010_S_2,WB1_23_0010,FAILED,no_local_maximum,0,weights,0.0838,2026-09-11T09:28:01+00:00
WB1_23_0010_S_3,WB1_23_0010,OK,,19,weights,0.0894,2026-09-11T09:28:01+00:00
WB1_23_0016_S_1,WB1_23_0016,SUSPECT,only_17_of_19_expected_maxima,17,weights,0.0893,2026-09-11T09:28:01+00:00
WB1_23_0016_S_2,WB1_23_0016,OK,,19,weights,0.0909,2026-09-11T09:28:01+00:00
WB1_23_0016_S_3,WB1_23_0016,SUSPECT,only_3_of_19_expected_maxima,3,weights,0.0848,2026-09-11T09:28:01+00:00
WB1_23_0017_S_1,WB1_23_0017,SUSPECT,only_18_of_19_expected_maxima,18,weights,0.0886,2026-09-11T09:28:01+00:00
WB1_23_0017_S_2,WB1_23_0017,OK,,19,weights,0.0893,2026-09-11T09:28:01+00:00
WB1_23_0017_S_3,WB1_23_0017,SUSPECT,only_18_of_19_expected_maxima,18,weights,0.0889,2026-09-11T09:28:02+00:00
WB1_23_0018_S_1,WB1_23_0018,OK,,19,weights,0.0886,2026-09-11T09:28:02+00:00
WB1_23_0018_S_2,WB1_23_0018,SUSPECT,only_18_of_19_expected_maxima,18,weights,0.0892,2026-09-11T09:28:02+00:00
WB1_23_0018_S_3,WB1_23_0018,SUSPECT,only_18_of_19_expected_maxima,18,weights,0.0884,2026-09-11T09:28:02+00:00
WB1_23_0019_S_1,WB1_23_0019,OK,,19,weights,0.0889,2026-09-11T09:28:02+00:00
WB1_23_0019_S_2,WB1_23_0019,OK,,19,weights,0.0934,2026-09-11T09:28:02+00:00
WB1_23_0020_S_1,WB1_23_0020,OK,,19,weights,0.0891,2026-09-11T09:28:02+00:00
WB1_23_0020_S_2,WB1_23_0020,OK,,19,weights,0.0879,2026-09-11T09:28:02+00:00
WB1_23_0020_S_3,WB1_23_0020,OK,,19,weights,0.0889,2026-09-11T09:28:02+00:00
WB1_23_0021_S_1,WB1_23_0021,OK,,19,weights,0.0890,2026-09-11T09:28:02+00:00
WB1_23_0021_S_2,WB1_23_0021,OK,,19,weights,0.0887,2026-09-11T09:28:02+00:00
WB1_23_0021_S_3,WB1_23_0021,OK,,19,weights,0.0875,2026-09-11T09:28:03+00:00
WB1_23_0022_S_1,WB1_23_0022,OK,,19,weights,0.0887,2026-09-11T09:28:03+00:00
WB1_23_0022_S_2,WB1_23_0022,OK,,19,weights,0.0884,2026-09-11T09:28:03+00:00
WB1_23_0022_S_3,WB1_23_0022,OK,,19,weights,0.0882,2026-09-11T09:28:03+00:00
WB1_23_0023_S_1,WB1_23_0023,OK,,19,weights,0.0945,2026-09-11T09:28:03+00:00
WB1_23_0023_S_2,WB1_23_0023,OK,,19,weights,0.0893,2026-09-11T09:28:03+00:00
WB1_23_0023_S_3,WB1_23_0023,OK,,19,weights,0.0894,2026-09-11T09:28:03+00:00
WB1_23_0024_S_1,WB1_23_0024,OK,,19,weights,0.0890,2026-09-11T09:28:03+00:00
WB1_23_0024_S_2,WB1_23_0024,OK,,19,weights,0.0892,2026-09-11T09:28:03+00:00
WB1_23_0024_S_3,WB1_23_0024,OK,,19,weights,0.0903,2026-09-11T09:28:03+00:00
WB1_23_0025_S_1,WB1_23_0025,OK,,19,weights,0.0902,2026-09-11T09:28:03+00:00
WB1_23_0025_S_2,WB1_23_0025,OK,,19,weights,0.0901,2026-09-11T09:28:04+00:00
WB1_23_0025_S_3,WB1_23_0025,OK,,19,weights,0.0885,2026-09-11T09:28:04+00:00
WB1_23_0026_S_1,WB1_23_0026,OK,,19,weights,0.0890,2026-09-11T09:28:04+00:00
WB1_23_0026_S_2,WB1_23_0026,OK,,19,weights,0.0897,2026-09-11T09:28:04+00:00
WB1_23_0026_S_3,WB1_23_0026,OK,,19,weights,0.0898,2026-09-11T09:28:04+00:00
WB1_23_0031_S_1,WB1_23_0031,OK,,19,weights,0.0898,2026-09-11T09:28:04+00:00
WB1_23_0031_S_2,WB1_23_0031,OK,,19,weights,0.0904,2026-09-11T09:28:04+00:00
WB1_23_0031_S_3,WB1_23_0031,OK,,19,weights,0.0883,2026-09-11T09:28:04+00:00
WB1_23_0032_S_1,WB1_23_0032,OK,,19,weights,0.0892,2026-09-11T09:28:04+00:00
WB1_23_0032_S_2,WB1_23_0032,OK,,19,weights,0.0931,2026-09-11T09:28:04+00:00
WB1_23_0032_S_3,WB1_23_0032,OK,,19,weights,0.0906,2026-09-11T09:28:04+00:00
WB1_23_0033_S_1,WB1_23_0033,OK,,19,weights,0.0907,2026-09-11T09:28:05+00:00
WB1_23_0033_S_2,WB1_23_0033,OK,,19,weights,0.0892,2026-09-11T09:28:05+00:00
WB1_23_0033_S_3,WB1_23_0033,OK,,19,weights,0.0909,2026-09-11T09:28:05+00:00
WB1_23_0034_S_1,WB1_23_0034,SUSPECT,only_18_of_19_expected_maxima,18,weights,0.0906,2026-09-11T09:28:05+00:00
WB1_23_0034_S_2,WB1_23_0034,SUSPECT,only_13_of_19_expected_maxima,13,weights,0.0887,2026-09-11T09:28:05+00:00
WB1_23_0034_S_3,WB1_23_0034,SUSPECT,only_14_of_19_expected_maxima,14,weights,0.0888,2026-09-11T09:28:05+00:00
WB1_23_0035_S_1,WB1_23_0035,OK,,19,weights,0.0905,2026-09-11T09:28:05+00:00
WB1_23_0035_S_2,WB1_23_0035,OK,,19,weights,0.0887,2026-09-11T09:28:05+00:00
WB1_23_0035_S_3,WB1_23_0035,OK,,19,weights,0.0911,2026-09-11T09:28:05+00:00
WB1_23_0036_S_1,WB1_23_0036,OK,,19,weights,0.0909,2026-09-11T09:28:05+00:00
WB1_23_0036_S_2,WB1_23_0036,OK,,19,weights,0.0896,2026-09-11T09:28:05+00:00
WB1_23_0036_S_3,WB1_23_0036,OK,,19,weights,0.0912,2026-09-11T09:28:06+00:00
WB1_23_0037_S_1,WB1_23_0037,OK,,19,weights,0.0897,2026-09-11T09:28:06+00:00
WB1_23_0037_S_2,WB1_23_0037,OK,,19,weights,0.0892,2026-09-11T09:28:06+00:00
WB1_23_0037_S_3,WB1_23_0037,SUSPECT,only_17_of_19_expected_maxima,17,weights,0.0899,2026-09-11T09:28:06+00:00
WB1_23_0038_S_1,WB1_23_0038,OK,,19,weights,0.0904,2026-09-11T09:28:06+00:00
WB1_23_0038_S_2,WB1_23_0038,OK,,19,weights,0.0921,2026-09-11T09:28:06+00:00
WB1_23_0038_S_3,WB1_23_0038,OK,,19,weights,0.0907,2026-09-11T09:28:06+00:00
WB1_23_0039_S_1,WB1_23_0039,OK,,19,weights,0.0907,2026-09-11T09:28:06+00:00
WB1_23_0039_S_2,WB1_23_0039,OK,,19,weights,0.0896,2026-09-11T09:28:06+00:00
WB1_23_0039_S_3,WB1_23_0039,OK,,19,weights,0.0894,2026-09-11T09:28:06+00:00
WB1_23_0040_S_1,WB1_23_0040,OK,,19,weights,0.0887,2026-09-11T09:28:06+00:00
WB1_23_0040_S_2,WB1_23_0040,OK,,19,weights,0.0908,2026-09-11T09:28:07+00:00
WB1_23_0040_S_3,WB1_23_0040,OK,,19,weights,0.0903,2026-09-11T09:28:07+00:00
WB1_23_0062_S_1,WB1_23_0062,OK,,19,weights,0.0902,2026-09-11T09:28:07+00:00
WB1_23_0062_S_2,WB1_23_0062,OK,,19,weights,0.0900,2026-09-11T09:28:07+00:00
WB1_23_0062_S_3,WB1_23_0062,OK,,19,weights,0.0919,2026-09-11T09:28:07+00:00
WB1_23_0063_S_1,WB1_23_0063,OK,,19,weights,0.0893,2026-09-11T09:28:07+00:00
WB1_23_0063_S_2,WB1_23_0063,OK,,19,weights,0.0899,2026-09-11T09:28:07+00:00
WB1_23_0063_S_3,WB1_23_0063,OK,,19,weights,0.0896,2026-09-11T09:28:07+00:00
WB1_23_0064_S_1,WB1_23_0064,OK,,19,weights,0.0915,2026-09-11T09:28:07+00:00
WB1_23_0064_S_2,WB1_23_0064,OK,,19,weights,0.0938,2026-09-11T09:28:07+00:00
WB1_23_0064_S_3,WB1_23_0064,OK,,19,weights,0.1003,2026-09-11T09:28:07+00:00
WB1_23_0065_S_1,WB1_23_0065,OK,,19,weights,0.0903,2026-09-11T09:28:08+00:00
WB1_23_0065_S_2,WB1_23_0065,OK,,19,weights,0.0908,2026-09-11T09:28:08+00:00
WB1_23_0065_S_3,WB1_23_0065,OK,,19,weights,0.0892,2026-09-11T09:28:08+00:00
WB1_23_0066_S_1,WB1_23_0066,OK,,19,weights,0.0948,2026-09-11T09:28:08+00:00
WB1_23_0066_S_2,WB1_23_0066,OK,,19,weights,0.0963,2026-09-11T09:28:08+00:00
WB1_23_0066_S_3,WB1_23_0066,OK,,19,weights,0.0963,2026-09-11T09:28:08+00:00
WB1_23_0067_S_1,WB1_23_0067,OK,,19,weights,0.0916,2026-09-11T09:28:08+00:00
WB1_23_0067_S_2,WB1_23_0067,OK,,19,weights,0.0928,2026-09-11T09:28:08+00:00
WB1_23_0067_S_3,WB1_23_0067,OK,,19,weights,0.0946,2026-09-11T09:28:08+00:00
WB1_23_0068_S_1,WB1_23_0068,OK,,19,weights,0.0939,2026-09-11T09:28:08+00:00
WB1_23_0068_S_2,WB1_23_0068,OK,,19,weights,0.0942,2026-09-11T09:28:08+00:00
WB1_23_0068_S_3,WB1_23_0068,OK,,19,weights,0.0945,2026-09-11T09:28:09+00:00
WB1_23_0069_S_1,WB1_23_0069,OK,,19,weights,0.0927,2026-09-11T09:28:09+00:00
WB1_23_0069_S_2,WB1_23_0069,OK,,19,weights,0.0969,2026-09-11T09:28:09+00:00
WB1_23_0069_S_3,WB1_23_0069,OK,,19,weights,0.0983,2026-09-11T09:28:09+00:00
WB1_23_0070_S_1,WB1_23_0070,OK,,19,weights,0.0975,2026-09-11T09:28:09+00:00
WB1_23_0070_S_2,WB1_23_0070,OK,,19,weights,0.0948,2026-09-11T09:28:09+00:00
WB1_23_0070_S_3,WB1_23_0070,OK,,19,weights,0.0939,2026-09-11T09:28:09+00:00
WB1_23_0076_S_1,WB1_23_0076,OK,,19,weights,0.0930,2026-09-11T09:28:09+00:00
WB1_23_0076_S_2,WB1_23_0076,OK,,19,weights,0.0908,2026-09-11T09:28:09+00:00
WB1_23_0076_S_3,WB1_23_0076,OK,,19,weights,0.0924,2026-09-11T09:28:09+00:00
WB1_23_0077_S_1,WB1_23_0077,OK,,19,weights,0.0935,2026-09-11T09:28:10+00:00
WB1_23_0077_S_2,WB1_23_0077,OK,,19,weights,0.0938,2026-09-11T09:28:10+00:00
WB1_23_0077_S_3,WB1_23_0077,OK,,19,weights,0.0969,2026-09-11T09:28:10+00:00
WB1_23_0078_S_1,WB1_23_0078,OK,,19,weights,0.0930,2026-09-11T09:28:10+00:00
WB1_23_0078_S_2,WB1_23_0078,OK,,19,weights,0.0953,2026-09-11T09:28:10+00:00
WB1_23_0078_S_3,WB1_23_0078,OK,,19,weights,0.0962,2026-09-11T09:28:10+00:00
WB1_23_0079_S_1,WB1_23_0079,OK,,19,weights,0.0961,2026-09-11T09:28:10+00:00
WB1_23_0079_S_2,WB1_23_0079,OK,,19,weights,0.0939,2026-09-11T09:28:10+00:00
WB1_23_0079_S_3,WB1_23_0079,OK,,19,weights,0.0925,2026-09-11T09:28:10+00:00
WB1_23_0080_S_1,WB1_23_0080,OK,,19,weights,0.0894,2026-09-11T09:28:10+00:00
WB1_23_0080_S_2,WB1_23_0080,OK,,19,weights,0.0918,2026-09-11T09:28:10+00:00
WB1_23_0080_S_3,WB1_23_0080,OK,,19,weights,0.0947,2026-09-11T09:28:11+00:00
WB1_23_0081_S_1,WB1_23_0081,OK,,19,weights,0.0947,2026-09-11T09:28:11+00:00
WB1_23_0081_S_2,WB1_23_0081,OK,,19,weights,0.0963,2026-09-11T09:28:11+00:00
WB1_23_0081_S_3,WB1_23_0081,OK,,19,weights,0.0944,2026-09-11T09:28:11+00:00
WB1_23_0082_S_1,WB1_23_0082,OK,,19,weights,0.0953,2026-09-11T09:28:11+00:00
WB1_23_0082_S_2,WB1_23_0082,OK,,19,weights,0.0947,2026-09-11T09:28:11+00:00
WB1_23_0082_S_3,WB1_23_0082,OK,,19,weights,0.0979,2026-09-11T09:28:11+00:00
WB1_23_0083_S_1,WB1_23_0083,OK,,19,weights,0.0938,2026-09-11T09:28:11+00:00
WB1_23_0083_S_2,WB1_23_0083,OK,,19,weights,0.0943,2026-09-11T09:28:11+00:00
WB1_23_0083_S_3,WB1_23_0083,OK,,19,weights,0.0955,2026-09-11T09:28:11+00:00
WB1_23_0084_S_1,WB1_23_0084,OK,,19,weights,0.0940,2026-09-11T09:28:11+00:00
WB1_23_0084_S_2,WB1_23_0084,OK,,19,weights,0.0963,2026-09-11T09:28:12+00:00
WB1_23_0084_S_3,WB1_23_0084,OK,,19,weights,0.0942,2026-09-11T09:28:12+00:00
WB1_23_0085_S_1,WB1_23_0085,OK,,19,weights,0.0961,2026-09-11T09:28:12+00:00
WB1_23_0085_S_2,WB1_23_0085,OK,,19,weights,0.0950,2026-09-11T09:28:12+00:00
WB1_23_0085_S_3,WB1_23_0085,OK,,19,weights,0.0966,2026-09-11T09:28:12+00:00
WB1_23_0086_S_1,WB1_23_0086,OK,,19,weights,0.0956,2026-09-11T09:28:12+00:00
WB1_23_0086_S_2,WB1_23_0086,OK,,19,weights,0.0984,2026-09-11T09:28:12+00:00
WB1_23_0086_S_3,WB1_23_0086,OK,,19,weights,0.0962,2026-09-11T09:28:12+00:00
WB1_23_0087_S_1,WB1_23_0087,OK,,19,weights,0.0946,2026-09-11T09:28:12+00:00
WB1_23_0087_S_2,WB1_23_0087,OK,,19,weights,0.0986,2026-09-11T09:28:12+00:00
WB1_23_0087_S_3,WB1_23_0087,OK,,19,weights,0.0970,2026-09-11T09:28:13+00:00
WB1_23_0091_S_1,WB1_23_0091,OK,,19,weights,0.0972,2026-09-11T09:28:13+00:00
WB1_23_0091_S_2,WB1_23_0091,OK,,19,weights,0.0948,2026-09-11T09:28:13+00:00
WB1_23_0091_S_3,WB1_23_0091,OK,,19,weights,0.0976,2026-09-11T09:28:13+00:00
WB1_23_0092_S_1,WB1_23_0092,OK,,19,weights,0.0950,2026-09-11T09:28:13+00:00
WB1_23_0092_S_3,WB1_23_0092,OK,,19,weights,0.0956,2026-09-11T09:28:13+00:00
WB1_23_0093_S_1,WB1_23_0093,OK,,19,weights,0.0948,2026-09-11T09:28:13+00:00
WB1_23_0093_S_2,WB1_23_0093,OK,,19,weights,0.0952,2026-09-11T09:28:13+00:00
WB1_23_0093_S_3,WB1_23_0093,OK,,19,weights,0.0951,2026-09-11T09:28:13+00:00
WB1_23_0094_S_1,WB1_23_0094,OK,,19,weights,0.0958,2026-09-11T09:28:13+00:00
WB1_23_0094_S_2,WB1_23_0094,OK,,19,weights,0.0953,2026-09-11T09:28:14+00:00
WB1_23_0094_S_3,WB1_23_0094,OK,,19,weights,0.0960,2026-09-11T09:28:14+00:00
WB1_23_0095_S_1,WB1_23_0095,OK,,19,weights,0.0955,2026-09-11T09:28:14+00:00
WB1_23_0095_S_2,WB1_23_0095,OK,,19,weights,0.0964,2026-09-11T09:28:14+00:00
WB1_23_0095_S_3,WB1_23_0095,OK,,19,weights,0.0980,2026-09-11T09:28:14+00:00
WB1_23_0096_S_1,WB1_23_0096,OK,,19,weights,0.0956,2026-09-11T09:28:14+00:00
WB1_23_0096_S_2,WB1_23_0096,OK,,19,weights,0.0954,2026-09-11T09:28:14+00:00
WB1_23_0096_S_3,WB1_23_0096,OK,,19,weights,0.0958,2026-09-11T09:28:14+00:00
WB1_23_0097_S_1,WB1_23_0097,OK,,19,weights,0.0974,2026-09-11T09:28:14+00:00
WB1_23_0097_S_2,WB1_23_0097,OK,,19,weights,0.0950,2026-09-11T09:28:14+00:00
WB1_23_0097_S_3,WB1_23_0097,OK,,19,weights,0.0963,2026-09-11T09:28:14+00:00
WB1_23_0098_S_1,WB1_23_0098,OK,,19,weights,0.0956,2026-09-11T09:28:15+00:00
WB1_23_0098_S_2,WB1_23_0098,OK,,19,weights,0.0951,2026-09-11T09:28:15+00:00
WB1_23_0098_S_3,WB1_23_0098,OK,,19,weights,0.0949,2026-09-11T09:28:15+00:00
WB1_23_0099_S_1,WB1_23_0099,OK,,19,weights,0.0945,2026-09-11T09:28:15+00:00
WB1_23_0099_S_2,WB1_23_0099,OK,,19,weights,0.0957,2026-09-11T09:28:15+00:00
WB1_23_0099_S_3,WB1_23_0099,OK,,19,weights,0.0956,2026-09-11T09:28:15+00:00
WB1_23_0106_S_1,WB1_23_0106,SUSPECT,only_3_of_19_expected_maxima,3,weights,0.0917,2026-09-11T09:28:15+00:00
WB1_23_0106_S_2,WB1_23_0106,SUSPECT,only_14_of_19_expected_maxima,14,weights,0.0945,2026-09-11T09:28:15+00:00
WB1_23_0106_S_3,WB1_23_0106,OK,,19,weights,0.0959,2026-09-11T09:28:15+00:00
WB1_23_0107_S_1,WB1_23_0107,OK,,19,weights,0.0949,2026-09-11T09:28:15+00:00
WB1_23_0107_S_2,WB1_23_0107,OK,,19,weights,0.0945,2026-09-11T09:28:16+00:00
WB1_23_0107_S_3,WB1_23_0107,OK,,19,weights,0.0951,2026-09-11T09:28:16+00:00
WB1_23_0108_S_1,WB1_23_0108,OK,,19,weights,0.0958,2026-09-11T09:28:16+00:00
WB1_23_0108_S_2,WB1_23_0108,OK,,19,weights,0.0967,2026-09-11T09:28:16+00:00
WB1_23_0108_S_3,WB1_23_0108,OK,,19,weights,0.0952,2026-09-11T09:28:16+00:00
WB1_23_0109_S_1,WB1_23_0109,OK,,19,weights,0.0959,2026-09-11T09:28:16+00:00
WB1_23_0109_S_2,WB1_23_0109,OK,,19,weights,0.0951,2026-09-11T09:28:16+00:00
WB1_23_0110_S_1,WB1_23_0110,OK,,19,weights,0.0959,2026-09-11T09:28:16+00:00
WB1_23_0110_S_2,WB1_23_0110,OK,,19,weights,0.0986,2026-09-11T09:28:16+00:00
WB1_23_0111_S_1,WB1_23_0111,OK,,19,weights,0.0957,2026-09-11T09:28:16+00:00
WB1_23_0111_S_2,WB1_23_0111,OK,,19,weights,0.0949,2026-09-11T09:28:16+00:00
WB1_23_0111_S_3,WB1_23_0111,OK,,19,weights,0.0925,2026-09-11T09:28:17+00:00
WB1_23_0112_S_1,WB1_23_0112,OK,,19,weights,0.0977,2026-09-11T09:28:17+00:00
WB1_23_0112_S_2,WB1_23_0112,OK,,19,weights,0.0943,2026-09-11T09:28:17+00:00
WB1_23_0113_S_1,WB1_23_0113,OK,,19,weights,0.0946,2026-09-11T09:28:17+00:00
WB1_23_0113_S_2,WB1_23_0113,OK,,19,weights,0.0951,2026-09-11T09:28:17+00:00
WB1_23_0113_S_3,WB1_23_0113,OK,,19,weights,0.0958,2026-09-11T09:28:17+00:00
WB1_23_0114_S_1,WB1_23_0114,OK,,19,weights,0.0958,2026-09-11T09:28:17+00:00
WB1_23_0114_S_2,WB1_23_0114,OK,,19,weights,0.0976,2026-09-11T09:28:17+00:00
WB1_23_0114_S_3,WB1_23_0114,OK,,19,weights,0.0971,2026-09-11T09:28:17+00:00
WB1_23_0114_S_4,WB1_23_0114,OK,,19,weights,0.0972,2026-09-11T09:28:17+00:00
WB1_23_0115_S_1,WB1_23_0115,OK,,19,weights,0.0956,2026-09-11T09:28:18+00:00
WB1_23_0115_S_2,WB1_23_0115,OK,,19,weights,0.0978,2026-09-11T09:28:18+00:00
WB1_23_0115_S_3,WB1_23_0115,OK,,19,weights,0.0952,2026-09-11T09:28:18+00:00
WB1_23_0116_S_1,WB1_23_0116,FAILED,no_local_maximum,0,weights,0.0886,2026-09-11T09:28:18+00:00
WB1_23_0116_S_2,WB1_23_0116,OK,,19,weights,0.0968,2026-09-11T09:28:18+00:00
WB1_23_0116_S_3,WB1_23_0116,OK,,19,weights,0.1040,2026-09-11T09:28:18+00:00
WB1_23_0117_S_1,WB1_23_0117,OK,,19,weights,0.0954,2026-09-11T09:28:18+00:00
WB1_23_0117_S_2,WB1_23_0117,OK,,19,weights,0.0958,2026-09-11T09:28:18+00:00
WB1_23_0117_S_3,WB1_23_0117,OK,,19,weights,0.0950,2026-09-11T09:28:18+00:00
WB1_23_0118_S_1,WB1_23_0118,OK,,19,weights,0.0968,2026-09-11T09:28:18+00:00
WB1_23_0118_S_2,WB1_23_0118,OK,,19,weights,0.0951,2026-09-11T09:28:18+00:00
WB1_23_0118_S_3,WB1_23_0118,OK,,19,weights,0.0962,2026-09-11T09:28:19+00:00
WB1_23_0119_S_1,WB1_23_0119,OK,,19,weights,0.0957,2026-09-11T09:28:19+00:00
WB1_23_0119_S_2,WB1_23_0119,OK,,19,weights,0.0968,2026-09-11T09:28:19+00:00
WB1_23_0119_S_3,WB1_23_0119,OK,,19,weights,0.0975,2026-09-11T09:28:19+00:00
WB1_23_0120_S_1,WB1_23_0120,OK,,19,weights,0.0963,2026-09-11T09:28:19+00:00
WB1_23_0120_S_2,WB1_23_0120,OK,,19,weights,0.0923,2026-09-11T09:28:19+00:00
WB1_23_0120_S_3,WB1_23_0120,FAILED,no_local_maximum,0,weights,0.0938,2026-09-11T09:28:19+00:00
WB1_23_0121_S_1,WB1_23_0121,FAILED,no_local_maximum,0,weights,0.0924,2026-09-11T09:28:19+00:00
WB1_23_0121_S_2,WB1_23_0121,OK,,19,weights,0.0961,2026-09-11T09:28:19+00:00
WB1_23_0121_S_3,WB1_23_0121,OK,,19,weights,0.0962,2026-09-11T09:28:19+00:00
WB1_23_0122_S_1,WB1_23_0122,OK,,19,weights,0.0939,2026-09-11T09:28:20+00:00
WB1_23_0122_S_2,WB1_23_0122,OK,,19,weights,0.0949,2026-09-11T09:28:20+00:00
WB1_23_0122_S_3,WB1_23_0122,OK,,19,weights,0.0912,2026-09-11T09:28:20+00:00
WB1_23_0123_S_1,WB1_23_0123,OK,,19,weights,0.0920,2026-09-11T09:28:20+00:00
WB1_23_0123_S_2,WB1_23_0123,OK,,19,weights,0.0900,2026-09-11T09:28:20+00:00
WB1_23_0123_S_3,WB1_23_0123,OK,,19,weights,0.0913,2026-09-11T09:28:20+00:00
WB1_23_0124_S_1,WB1_23_0124,OK,,19,weights,0.0902,2026-09-11T09:28:20+00:00
WB1_23_0124_S_2,WB1_23_0124,OK,,19,weights,0.0932,2026-09-11T09:28:20+00:00
WB1_23_0124_S_3,WB1_23_0124,OK,,19,weights,0.0932,2026-09-11T09:28:20+00:00
WB1_23_0125_S_1,WB1_23_0125,OK,,19,weights,0.0932,2026-09-11T09:28:20+00:00
WB1_23_0125_S_2,WB1_23_0125,OK,,19,weights,0.0928,2026-09-11T09:28:20+00:00
WB1_23_0125_S_3,WB1_23_0125,OK,,19,weights,0.0984,2026-09-11T09:28:21+00:00
WB1_23_0126_S_1,WB1_23_0126,OK,,19,weights,0.0934,2026-09-11T09:28:21+00:00
WB1_23_0126_S_2,WB1_23_0126,OK,,19,weights,0.0928,2026-09-11T09:28:21+00:00
WB1_23_0126_S_3,WB1_23_0126,OK,,19,weights,0.0972,2026-09-11T09:28:21+00:00
WB1_23_0127_S_1,WB1_23_0127,OK,,19,weights,0.0942,2026-09-11T09:28:21+00:00
WB1_23_0127_S_2,WB1_23_0127,OK,,19,weights,0.0965,2026-09-11T09:28:21+00:00
WB1_23_0127_S_3,WB1_23_0127,OK,,19,weights,0.0975,2026-09-11T09:28:21+00:00
WB1_23_0128_S_1,WB1_23_0128,OK,,19,weights,0.0954,2026-09-11T09:28:21+00:00
WB1_23_0128_S_2,WB1_23_0128,OK,,19,weights,0.0933,2026-09-11T09:28:21+00:00
WB1_23_0128_S_3,WB1_23_0128,OK,,19,weights,0.0918,2026-09-11T09:28:21+00:00
WB1_23_0129_S_1,WB1_23_0129,OK,,19,weights,0.0915,2026-09-11T09:28:22+00:00
WB1_23_0129_S_2,WB1_23_0129,OK,,19,weights,0.0915,2026-09-11T09:28:22+00:00
WB1_23_0129_S_3,WB1_23_0129,OK,,19,weights,0.0976,2026-09-11T09:28:22+00:00
WB1_23_0129_S_4,WB1_23_0129,OK,,19,weights,0.0955,2026-09-11T09:28:22+00:00
WB1_23_0130_S_1,WB1_23_0130,OK,,19,weights,0.0915,2026-09-11T09:28:22+00:00
WB1_23_0130_S_2,WB1_23_0130,OK,,19,weights,0.0933,2026-09-11T09:28:22+00:00
WB1_23_0130_S_3,WB1_23_0130,OK,,19,weights,0.0951,2026-09-11T09:28:22+00:00
WB1_23_0131_S_1,WB1_23_0131,OK,,19,weights,0.0922,2026-09-11T09:28:22+00:00
WB1_23_0131_S_2,WB1_23_0131,OK,,19,weights,0.0931,2026-09-11T09:28:22+00:00
WB1_23_0131_S_3,WB1_23_0131,OK,,19,weights,0.0922,2026-09-11T09:28:22+00:00
WB1_23_0132_S_1,WB1_23_0132,OK,,19,weights,0.0921,2026-09-11T09:28:22+00:00
WB1_23_0132_S_2,WB1_23_0132,OK,,19,weights,0.0923,2026-09-11T09:28:23+00:00
WB1_23_0132_S_3,WB1_23_0132,OK,,19,weights,0.0924,2026-09-11T09:28:23+00:00
WB1_23_0133_S_1,WB1_23_0133,OK,,19,weights,0.0905,2026-09-11T09:28:23+00:00
WB1_23_0133_S_2,WB1_23_0133,OK,,19,weights,0.0931,2026-09-11T09:28:23+00:00
WB1_23_0133_S_3,WB1_23_0133,OK,,19,weights,0.0985,2026-09-11T09:28:23+00:00
WB1_23_0134_S_1,WB1_23_0134,OK,,19,weights,0.0904,2026-09-11T09:28:23+00:00
WB1_23_0134_S_2,WB1_23_0134,OK,,19,weights,0.0927,2026-09-11T09:28:23+00:00
WB1_23_0134_S_3,WB1_23_0134,OK,,19,weights,0.0922,2026-09-11T09:28:23+00:00
WB1_23_0135_S_1,WB1_23_0135,SUSPECT,only_13_of_19_expected_maxima,13,weights,0.0900,2026-09-11T09:28:23+00:00
WB1_23_0135_S_2,WB1_23_0135,OK,,19,weights,0.0903,2026-09-11T09:28:23+00:00
WB1_23_0135_S_3,WB1_23_0135,OK,,19,weights,0.0916,2026-09-11T09:28:23+00:00
WB1_23_0135_S_4,WB1_23_0135,OK,,19,weights,0.0915,2026-09-11T09:28:24+00:00
WB1_23_0136_S_1,WB1_23_0136,SUSPECT,only_18_of_19_expected_maxima,18,weights,0.0950,2026-09-11T09:28:24+00:00
WB1_23_0137_S_1,WB1_23_0137,OK,,19,weights,0.0907,2026-09-11T09:28:24+00:00
WB1_23_0138_S_1,WB1_23_0138,OK,,19,weights,0.0914,2026-09-11T09:28:24+00:00
WB1_23_0139_S_1,WB1_23_0139,OK,,19,weights,0.0908,2026-09-11T09:28:24+00:00
WB1_23_0140_S_1,WB1_23_0140,OK,,19,weights,0.0910,2026-09-11T09:28:24+00:00
WB1_23_0141_S_1,WB1_23_0141,OK,,19,weights,0.0916,2026-09-11T09:28:24+00:00
WB1_23_0142_S_1,WB1_23_0142,OK,,19,weights,0.0908,2026-09-11T09:28:24+00:00
WB1_23_0143_S_1,WB1_23_0143,OK,,19,weights,0.0909,2026-09-11T09:28:24+00:00
WB1_23_0144_S_1,WB1_23_0144,OK,,19,weights,0.0912,2026-09-11T09:28:24+00:00
WB1_23_0145_S_1,WB1_23_0145,OK,,19,weights,0.0922,2026-09-11T09:28:24+00:00
WB1_23_0146_S_1,WB1_23_0146,OK,,19,weights,0.0922,2026-09-11T09:28:25+00:00
WB1_23_0147_S_1,WB1_23_0147,OK,,19,weights,0.0905,2026-09-11T09:28:25+00:00
WB1_23_0148_S_1,WB1_23_0148,OK,,19,weights,0.0898,2026-09-11T09:28:25+00:00
WB1_23_0149_S_1,WB1_23_0149,OK,,19,weights,0.0909,2026-09-11T09:28:25+00:00
WB1_23_0150_S_1,WB1_23_0150,OK,,19,weights,0.0893,2026-09-11T09:28:25+00:00
WB1_23_0151_S_1,WB1_23_0151,OK,,19,weights,0.0908,2026-09-11T09:28:25+00:00
WB1_23_0152_S_1,WB1_23_0152,OK,,19,weights,0.0913,2026-09-11T09:28:25+00:00
WB1_23_0153_S_1,WB1_23_0153,OK,,19,weights,0.0919,2026-09-11T09:28:25+00:00
WB1_23_0154_S_1,WB1_23_0154,OK,,19,weights,0.0897,2026-09-11T09:28:25+00:00
