tps_id,photo_id,inv_id,image_path,predicted_species,confidence,second_choice,second_confidence,third_choice,third_confidence,procrustes_distance,true_species,correct_top1,correct_top3
1,WB1_23_0001_S_1,WB1_23_0001,data/Bombus/terrain/extraction/light/images/WB1_23_0001_S_1.jpg,soroeensis,0.994258139917412,pyrenaeus,0.004652586774026705,monticola,0.0008284740216521188,0.027526582621854215,soroeensis,True,True
2,WB1_23_0001_S_2,WB1_23_0001,data/Bombus/terrain/extraction/light/images/WB1_23_0001_S_2.jpg,soroeensis,0.9741496632979386,monticola,0.01789177157433917,pyrenaeus,0.007368079213538536,0.03208314790184302,soroeensis,True,True
3,WB1_23_0001_S_3,WB1_23_0001,data/Bombus/terrain/extraction/light/images/WB1_23_0001_S_3.jpg,soroeensis,0.999849685629002,pyrenaeus,0.0001279662205025877,monticola,2.0192220210478706e-05,0.03181099910436117,soroeensis,True,True
4,WB1_23_0002_S_1,WB1_23_0002,data/Bombus/terrain/extraction/light/images/WB1_23_0002_S_1.jpg,ruderarius,0.9999174395428015,sylvarum,8.242834046350218e-05,pomorum,8.630209436438936e-08,0.036434026086713936,ruderarius,True,True
5,WB1_23_0002_S_2,WB1_23_0002,data/Bombus/terrain/extraction/light/images/WB1_23_0002_S_2.jpg,ruderarius,0.9999807404178251,sylvarum,1.9259440679920777e-05,pratorum,1.4038077464460888e-10,0.049658458391280566,ruderarius,True,True
6,WB1_23_0002_S_3,WB1_23_0002,data/Bombus/terrain/extraction/light/images/WB1_23_0002_S_3.jpg,ruderarius,0.9999772010175801,sylvarum,2.2793800946570606e-05,pomorum,4.469950076989863e-09,0.04084680936417158,ruderarius,True,True
10,WB1_23_0004_S_1,WB1_23_0004,data/Bombus/terrain/extraction/light/images/WB1_23_0004_S_1.jpg,pyrenaeus,0.9954426118059618,monticola,0.0028404660968793004,pratorum,0.001088030458843513,0.02962333544286792,pyrenaeus,True,True
11,WB1_23_0004_S_2,WB1_23_0004,data/Bombus/terrain/extraction/light/images/WB1_23_0004_S_2.jpg,pyrenaeus,0.9960638898347093,monticola,0.003634172180198546,soroeensis,0.00019845432956609786,0.026287776204173906,pyrenaeus,True,True
12,WB1_23_0004_S_3,WB1_23_0004,data/Bombus/terrain/extraction/light/images/WB1_23_0004_S_3.jpg,pyrenaeus,0.781922717802294,monticola,0.21575783201299095,sichelii,0.0016970384393686893,0.025179131879013657,pyrenaeus,True,True
13,WB1_23_0005_S_2,WB1_23_0005,data/Bombus/terrain/extraction/light/images/WB1_23_0005_S_2.jpg,sylvarum,0.8397278512033195,ruderarius,0.16024371659389922,pomorum,1.6345661742147305e-05,0.02801536290534378,ruderarius,False,True
14,WB1_23_0005_S_3,WB1_23_0005,data/Bombus/terrain/extraction/light/images/WB1_23_0005_S_3.jpg,ruderarius,0.9945333996729296,sylvarum,0.005462427972972368,pomorum,3.873955703840416e-06,0.036518736666602096,ruderarius,True,True
15,WB1_23_0006_S_1,WB1_23_0006,data/Bombus/terrain/extraction/light/images/WB1_23_0006_S_1.jpg,sichelii,0.9748088942126466,lapidarius,0.012607269164983791,wurflenii,0.009686714638559211,0.038710440728154744,sichelii,True,True
16,WB1_23_0006_S_2,WB1_23_0006,data/Bombus/terrain/extraction/light/images/WB1_23_0006_S_2.jpg,sichelii,0.8392720892986926,lapidarius,0.11501455832330164,rupestris,0.03359210137460999,0.07277643814257105,sichelii,True,True
17,WB1_23_0006_S_3,WB1_23_0006,data/Bombus/terrain/extraction/light/images/WB1_23_0006_S_3.jpg,sichelii,0.9186666690368046,wurflenii,0.05740270811563186,pratorum,0.008696885211552758,0.035742712701784314,sichelii,True,True
18,WB1_23_0007_S_2,WB1_23_0007,data/Bombus/terrain/extraction/light/images/WB1_23_0007_S_2.jpg,soroeensis,0.999968022417624,monticola,3.0434656011187003e-05,pyrenaeus,9.879671748579548e-07,0.043049381645666,soroeensis,True,True
19,WB1_23_0007_S_3,WB1_23_0007,data/Bombus/terrain/extraction/light/images/WB1_23_0007_S_3.jpg,soroeensis,0.9999780960272767,sichelii,1.501696666063027e-05,monticola,3.7451332696254604e-06,0.05312192297125662,soroeensis,True,True
20,WB1_23_0008_S_1,WB1_23_0008,data/Bombus/terrain/extraction/light/images/WB1_23_0008_S_1.jpg,soroeensis,0.9650560233204021,pyrenaeus,0.03198466695702238,pratorum,0.0027519658807563093,0.02334535125652174,soroeensis,True,True
21,WB1_23_0008_S_2,WB1_23_0008,data/Bombus/terrain/extraction/light/images/WB1_23_0008_S_2.jpg,soroeensis,0.9034912060124684,lapidarius,0.043911388338672606,pyrenaeus,0.023685191088503466,0.04403125489394404,soroeensis,True,True
22,WB1_23_0008_S_3,WB1_23_0008,data/Bombus/terrain/extraction/light/images/WB1_23_0008_S_3.jpg,pyrenaeus,0.9863424147306512,monticola,0.008781461172489003,soroeensis,0.004866598273215274,0.03472087669278447,soroeensis,False,True
23,WB1_23_0009_S_1,WB1_23_0009,data/Bombus/terrain/extraction/light/images/WB1_23_0009_S_1.jpg,rupestris,1.0,confusus,4.954574959237334e-44,sichelii,2.190613858021408e-51,0.29424047892387845,rupestris,True,True
24,WB1_23_0009_S_2,WB1_23_0009,data/Bombus/terrain/extraction/light/images/WB1_23_0009_S_2.jpg,wurflenii,0.999999999999891,soroeensis,1.0895656867921914e-13,lapidarius,4.394423002548185e-23,0.0919927580274471,rupestris,False,False
25,WB1_23_0009_S_3,WB1_23_0009,data/Bombus/terrain/extraction/light/images/WB1_23_0009_S_3.jpg,rupestris,0.9999999999936713,sichelii,6.167014653004457e-12,wurflenii,7.575777959872233e-14,0.07920755407372618,rupestris,True,True
26,WB1_23_0010_S_3,WB1_23_0010,data/Bombus/terrain/extraction/light/images/WB1_23_0010_S_3.jpg,ruderarius,0.9999748306180285,sylvarum,2.43713151273016e-05,pomorum,7.903371540573854e-07,0.05769452768422494,ruderarius,True,True
28,WB1_23_0016_S_2,WB1_23_0016,data/Bombus/terrain/extraction/light/images/WB1_23_0016_S_2.jpg,ruderarius,0.9948967428648677,wurflenii,0.004636249100850329,pratorum,0.0002954783890703198,0.04036820670146022,ruderarius,True,True
31,WB1_23_0017_S_2,WB1_23_0017,data/Bombus/terrain/extraction/light/images/WB1_23_0017_S_2.jpg,sichelii,0.9813631979832157,lapidarius,0.018619017934582847,monticola,8.609144448821082e-06,0.03800495398524925,sichelii,True,True
33,WB1_23_0018_S_1,WB1_23_0018,data/Bombus/terrain/extraction/light/images/WB1_23_0018_S_1.jpg,sichelii,0.9934497832595303,lapidarius,0.004777437374964444,pyrenaeus,0.001380557167530564,0.04029180662063559,sichelii,True,True
36,WB1_23_0019_S_1,WB1_23_0019,data/Bombus/terrain/extraction/light/images/WB1_23_0019_S_1.jpg,sichelii,0.9990295884462161,lapidarius,0.0005285236578362064,soroeensis,0.00025190032739447806,0.03622524593597845,sichelii,True,True
37,WB1_23_0019_S_2,WB1_23_0019,data/Bombus/terrain/extraction/light/images/WB1_23_0019_S_2.jpg,sichelii,0.9968995963667314,lapidarius,0.0025740555932660843,soroeensis,0.0002783625683739119,0.039571182086778935,sichelii,True,True
38,WB1_23_0020_S_1,WB1_23_0020,data/Bombus/terrain/extraction/light/images/WB1_23_0020_S_1.jpg,ruderarius,0.9864287154047776,wurflenii,0.005475552600279516,pratorum,0.004684383968043897,0.03468516242261256,ruderarius,True,True
39,WB1_23_0020_S_2,WB1_23_0020,data/Bombus/terrain/extraction/light/images/WB1_23_0020_S_2.jpg,ruderarius,0.9973457887553312,pratorum,0.0025627731093296733,sylvarum,8.987854766987898e-05,0.03958239803128458,ruderarius,True,True
40,WB1_23_0020_S_3,WB1_23_0020,data/Bombus/terrain/extraction/light/images/WB1_23_0020_S_3.jpg,ruderarius,0.7223380625008573,pratorum,0.1808921967745233,sylvarum,0.0870861724951727,0.027852967614312395,ruderarius,True,True
41,WB1_23_0021_S_1,WB1_23_0021,data/Bombus/terrain/extraction/light/images/WB1_23_0021_S_1.jpg,ruderarius,0.8786557635707625,pratorum,0.07141643644017094,sichelii,0.03196098871617195,0.02805593836975951,ruderarius,True,True
42,WB1_23_0021_S_2,WB1_23_0021,data/Bombus/terrain/extraction/light/images/WB1_23_0021_S_2.jpg,ruderarius,0.9510411850407668,pratorum,0.047749150368932784,sichelii,0.0007940705882001855,0.034210608542030854,ruderarius,True,True
43,WB1_23_0021_S_3,WB1_23_0021,data/Bombus/terrain/extraction/light/images/WB1_23_0021_S_3.jpg,ruderarius,0.9988173716859998,sichelii,0.0006880441883274545,pratorum,0.00022004092374081375,0.028264659790906792,ruderarius,True,True
44,WB1_23_0022_S_1,WB1_23_0022,data/Bombus/terrain/extraction/light/images/WB1_23_0022_S_1.jpg,ruderarius,0.9926941193848093,sylvarum,0.0065908998459177385,wurflenii,0.0006751885433827589,0.037480658862097505,ruderarius,True,True
45,WB1_23_0022_S_2,WB1_23_0022,data/Bombus/terrain/extraction/light/images/WB1_23_0022_S_2.jpg,ruderarius,0.9999769013696981,sichelii,6.201065407373084e-06,pyrenaeus,6.18647341488484e-06,0.03545000760105338,ruderarius,True,True
46,WB1_23_0022_S_3,WB1_23_0022,data/Bombus/terrain/extraction/light/images/WB1_23_0022_S_3.jpg,ruderarius,0.9997366693603933,sylvarum,0.0002628983165604276,pratorum,2.256949792494668e-07,0.03192462017715789,ruderarius,True,True
47,WB1_23_0023_S_1,WB1_23_0023,data/Bombus/terrain/extraction/light/images/WB1_23_0023_S_1.jpg,pyrenaeus,0.9745368069982587,monticola,0.025264870928143265,soroeensis,0.00019310475422896554,0.03213300052909024,pyrenaeus,True,True
48,WB1_23_0023_S_2,WB1_23_0023,data/Bombus/terrain/extraction/light/images/WB1_23_0023_S_2.jpg,pyrenaeus,0.9939826055205441,monticola,0.005944695624909819,soroeensis,7.26590085345679e-05,0.033998900705549416,pyrenaeus,True,True
49,WB1_23_0023_S_3,WB1_23_0023,data/Bombus/terrain/extraction/light/images/WB1_23_0023_S_3.jpg,pyrenaeus,0.8505975427704905,monticola,0.14477473279818792,soroeensis,0.004624470408784962,0.03335823754493477,pyrenaeus,True,True
50,WB1_23_0024_S_1,WB1_23_0024,data/Bombus/terrain/extraction/light/images/WB1_23_0024_S_1.jpg,soroeensis,0.9999988469015988,pyrenaeus,6.094248095013002e-07,monticola,4.6177125011637705e-07,0.03188132360764815,soroeensis,True,True
51,WB1_23_0024_S_2,WB1_23_0024,data/Bombus/terrain/extraction/light/images/WB1_23_0024_S_2.jpg,soroeensis,0.9859092943290777,monticola,0.010530563088143987,pyrenaeus,0.0035091550040452523,0.031622224186681196,soroeensis,True,True
52,WB1_23_0024_S_3,WB1_23_0024,data/Bombus/terrain/extraction/light/images/WB1_23_0024_S_3.jpg,soroeensis,0.997954828087728,monticola,0.0020230287994648126,pyrenaeus,1.9170829891526818e-05,0.03443253161970903,soroeensis,True,True
53,WB1_23_0025_S_1,WB1_23_0025,data/Bombus/terrain/extraction/light/images/WB1_23_0025_S_1.jpg,soroeensis,0.9999964665532931,pratorum,3.3390762211057296e-06,sichelii,7.364485267215631e-08,0.03139802991764186,soroeensis,True,True
54,WB1_23_0025_S_2,WB1_23_0025,data/Bombus/terrain/extraction/light/images/WB1_23_0025_S_2.jpg,soroeensis,0.9999772599962383,monticola,1.6360168016314887e-05,pratorum,5.206533074834029e-06,0.030820333160473428,soroeensis,True,True
55,WB1_23_0025_S_3,WB1_23_0025,data/Bombus/terrain/extraction/light/images/WB1_23_0025_S_3.jpg,soroeensis,0.9999668366757116,lapidarius,1.5153209422785607e-05,monticola,1.3262435903598881e-05,0.031286086807810566,soroeensis,True,True
56,WB1_23_0026_S_1,WB1_23_0026,data/Bombus/terrain/extraction/light/images/WB1_23_0026_S_1.jpg,wurflenii,0.9984250540876183,sichelii,0.0015725463378059566,lapidarius,2.2022880221501273e-06,0.030815227695448703,wurflenii,True,True
57,WB1_23_0026_S_2,WB1_23_0026,data/Bombus/terrain/extraction/light/images/WB1_23_0026_S_2.jpg,wurflenii,0.9808884639626422,sichelii,0.018379994926766827,lapidarius,0.0007299331979634652,0.02954196339803404,wurflenii,True,True
58,WB1_23_0026_S_3,WB1_23_0026,data/Bombus/terrain/extraction/light/images/WB1_23_0026_S_3.jpg,wurflenii,0.9576071003405782,sichelii,0.04235462158249331,lapidarius,2.612086260244177e-05,0.03419650625545909,wurflenii,True,True
59,WB1_23_0031_S_1,WB1_23_0031,data/Bombus/terrain/extraction/light/images/WB1_23_0031_S_1.jpg,wurflenii,0.999999799543865,soroeensis,1.5887062375623115e-07,pratorum,2.987912688775727e-08,0.03798863306064341,soroeensis,False,True
60,WB1_23_0031_S_2,WB1_23_0031,data/Bombus/terrain/extraction/light/images/WB1_23_0031_S_2.jpg,wurflenii,0.9999986153875549,soroeensis,9.141627847184906e-07,pratorum,4.225099225495855e-07,0.038557960929210516,soroeensis,False,True
61,WB1_23_0031_S_3,WB1_23_0031,data/Bombus/terrain/extraction/light/images/WB1_23_0031_S_3.jpg,soroeensis,0.9980854063810938,monticola,0.0018942198337455103,lapidarius,9.958911553123386e-06,0.02751572867780339,soroeensis,True,True
62,WB1_23_0032_S_1,WB1_23_0032,data/Bombus/terrain/extraction/light/images/WB1_23_0032_S_1.jpg,wurflenii,0.9999999971549587,sichelii,2.7073457517833216e-09,pratorum,9.460968345981613e-11,0.03758209450410826,wurflenii,True,True
63,WB1_23_0032_S_2,WB1_23_0032,data/Bombus/terrain/extraction/light/images/WB1_23_0032_S_2.jpg,wurflenii,0.9999999996294839,pratorum,3.173272194570582e-10,sichelii,4.655249621465844e-11,0.043485025594336445,wurflenii,True,True
64,WB1_23_0032_S_3,WB1_23_0032,data/Bombus/terrain/extraction/light/images/WB1_23_0032_S_3.jpg,wurflenii,1.0,pyrenaeus,2.012158175625218e-39,confusus,2.458414572240142e-40,0.24415598405793099,wurflenii,True,True
65,WB1_23_0033_S_1,WB1_23_0033,data/Bombus/terrain/extraction/light/images/WB1_23_0033_S_1.jpg,sichelii,0.994865835808714,lapidarius,0.005099257526142215,soroeensis,1.7972119605256495e-05,0.03363864694237524,sichelii,True,True
66,WB1_23_0033_S_2,WB1_23_0033,data/Bombus/terrain/extraction/light/images/WB1_23_0033_S_2.jpg,sichelii,0.9818864527407624,lapidarius,0.018106435920779585,monticola,2.392824550168647e-06,0.03506805815082633,sichelii,True,True
67,WB1_23_0033_S_3,WB1_23_0033,data/Bombus/terrain/extraction/light/images/WB1_23_0033_S_3.jpg,sichelii,0.9989028379028846,lapidarius,0.0010943641242113786,soroeensis,2.4696526845014708e-06,0.04772044605555018,sichelii,True,True
71,WB1_23_0035_S_1,WB1_23_0035,data/Bombus/terrain/extraction/light/images/WB1_23_0035_S_1.jpg,pyrenaeus,0.864298129099934,monticola,0.11957344551456496,soroeensis,0.01363621140752464,0.035401548484408636,monticola,False,True
72,WB1_23_0035_S_2,WB1_23_0035,data/Bombus/terrain/extraction/light/images/WB1_23_0035_S_2.jpg,pyrenaeus,0.765592788121481,monticola,0.23269808988922744,soroeensis,0.0013707335737630983,0.03880609340293086,monticola,False,True
73,WB1_23_0035_S_3,WB1_23_0035,data/Bombus/terrain/extraction/light/images/WB1_23_0035_S_3.jpg,monticola,0.9428865107930007,pyrenaeus,0.04924706539668803,sichelii,0.007039494894162514,0.04108676685490925,monticola,True,True
74,WB1_23_0036_S_1,WB1_23_0036,data/Bombus/terrain/extraction/light/images/WB1_23_0036_S_1.jpg,monticola,0.9810753227741117,soroeensis,0.012979778288309794,pyrenaeus,0.0035608878281968826,0.03498899804091945,sichelii,False,False
75,WB1_23_0036_S_2,WB1_23_0036,data/Bombus/terrain/extraction/light/images/WB1_23_0036_S_2.jpg,monticola,0.9495845000117771,sichelii,0.04551778250927613,lapidarius,0.003779420411743937,0.03571622200277926,sichelii,False,True
76,WB1_23_0036_S_3,WB1_23_0036,data/Bombus/terrain/extraction/light/images/WB1_23_0036_S_3.jpg,sichelii,0.8531348490036409,monticola,0.1270812030466948,wurflenii,0.017821178467502193,0.03880484342238268,sichelii,True,True
77,WB1_23_0037_S_1,WB1_23_0037,data/Bombus/terrain/extraction/light/images/WB1_23_0037_S_1.jpg,rupestris,1.0,sichelii,2.84501126417407e-51,lapidarius,2.1349659848096504e-70,0.31788754571505634,rupestris,True,True
78,WB1_23_0037_S_2,WB1_23_0037,data/Bombus/terrain/extraction/light/images/WB1_23_0037_S_2.jpg,rupestris,0.9992885247022384,confusus,0.0007114752977615946,sichelii,1.348248928045925e-21,0.2801955282620161,rupestris,True,True
80,WB1_23_0038_S_1,WB1_23_0038,data/Bombus/terrain/extraction/light/images/WB1_23_0038_S_1.jpg,wurflenii,0.9999999830722693,soroeensis,1.2727164592226118e-08,sichelii,4.163595647868092e-09,0.039511181660808574,wurflenii,True,True
81,WB1_23_0038_S_2,WB1_23_0038,data/Bombus/terrain/extraction/light/images/WB1_23_0038_S_2.jpg,wurflenii,0.9999999571690587,soroeensis,3.748869563823339e-08,sichelii,5.3376977932138905e-09,0.04174963432280895,wurflenii,True,True
82,WB1_23_0038_S_3,WB1_23_0038,data/Bombus/terrain/extraction/light/images/WB1_23_0038_S_3.jpg,wurflenii,0.9999999925159756,soroeensis,6.288623650212034e-09,sichelii,1.1892583552155251e-09,0.041501478062251164,wurflenii,True,True
83,WB1_23_0039_S_1,WB1_23_0039,data/Bombus/terrain/extraction/light/images/WB1_23_0039_S_1.jpg,ruderarius,0.9369842045482009,sylvarum,0.05908173823490904,pomorum,0.003913207192580564,0.039985091912347254,ruderarius,True,True
84,WB1_23_0039_S_2,WB1_23_0039,data/Bombus/terrain/extraction/light/images/WB1_23_0039_S_2.jpg,ruderarius,0.9978841013501079,sylvarum,0.002115456893434328,pomorum,4.4034205030320773e-07,0.05006323439708342,ruderarius,True,True
85,WB1_23_0039_S_3,WB1_23_0039,data/Bombus/terrain/extraction/light/images/WB1_23_0039_S_3.jpg,sylvarum,0.7357580821985715,ruderarius,0.26146888525850664,pomorum,0.002638463350274663,0.03617128998983241,ruderarius,False,True
86,WB1_23_0040_S_1,WB1_23_0040,data/Bombus/terrain/extraction/light/images/WB1_23_0040_S_1.jpg,pyrenaeus,0.9809919758394083,sichelii,0.008143621222123166,monticola,0.006394636155446817,0.02184724729221592,pyrenaeus,True,True
87,WB1_23_0040_S_2,WB1_23_0040,data/Bombus/terrain/extraction/light/images/WB1_23_0040_S_2.jpg,pyrenaeus,0.8669538296969672,monticola,0.13249421718737886,sichelii,0.00041931717762928655,0.025297287814123992,pyrenaeus,True,True
88,WB1_23_0040_S_3,WB1_23_0040,data/Bombus/terrain/extraction/light/images/WB1_23_0040_S_3.jpg,pyrenaeus,0.9490412425550399,pratorum,0.04284405746490776,monticola,0.005203877646349864,0.024437263917763213,pyrenaeus,True,True
89,WB1_23_0062_S_1,WB1_23_0062,data/Bombus/terrain/extraction/light/images/WB1_23_0062_S_1.jpg,lapidarius,0.7850306802166406,sichelii,0.20327888901426497,soroeensis,0.0056570715077900865,0.027425089055577646,lapidarius,True,True
90,WB1_23_0062_S_2,WB1_23_0062,data/Bombus/terrain/extraction/light/images/WB1_23_0062_S_2.jpg,sichelii,0.9491107530600532,lapidarius,0.05054001912726965,wurflenii,0.0003225436935468023,0.02235066203355272,lapidarius,False,True
91,WB1_23_0062_S_3,WB1_23_0062,data/Bombus/terrain/extraction/light/images/WB1_23_0062_S_3.jpg,sichelii,0.8932825011354733,lapidarius,0.1036008345417371,wurflenii,0.0030368120130913963,0.023177375271449797,lapidarius,False,True
92,WB1_23_0063_S_1,WB1_23_0063,data/Bombus/terrain/extraction/light/images/WB1_23_0063_S_1.jpg,sichelii,0.8744834949564047,lapidarius,0.12249014914816034,wurflenii,0.0021247495129069153,0.0346707040697258,lapidarius,False,True
93,WB1_23_0063_S_2,WB1_23_0063,data/Bombus/terrain/extraction/light/images/WB1_23_0063_S_2.jpg,sichelii,0.9131641402509019,lapidarius,0.06266516413981808,wurflenii,0.021724887581821218,0.03200128878452305,lapidarius,False,True
94,WB1_23_0063_S_3,WB1_23_0063,data/Bombus/terrain/extraction/light/images/WB1_23_0063_S_3.jpg,sichelii,0.9686077428710643,lapidarius,0.03085579245153192,soroeensis,0.00044633423093402993,0.030776135139379844,lapidarius,False,True
95,WB1_23_0064_S_1,WB1_23_0064,data/Bombus/terrain/extraction/light/images/WB1_23_0064_S_1.jpg,pratorum,0.9994144013385072,wurflenii,0.0004553339095974004,soroeensis,0.00010444961834549345,0.026912739708023607,pratorum,True,True
96,WB1_23_0064_S_2,WB1_23_0064,data/Bombus/terrain/extraction/light/images/WB1_23_0064_S_2.jpg,pratorum,0.9998627246822553,wurflenii,8.195037228094954e-05,pyrenaeus,5.298617742908771e-05,0.027534615831254244,pratorum,True,True
97,WB1_23_0064_S_3,WB1_23_0064,data/Bombus/terrain/extraction/light/images/WB1_23_0064_S_3.jpg,pratorum,0.9999451316410662,wurflenii,3.714757162631241e-05,pyrenaeus,1.3406306149064768e-05,0.028273297584029883,pratorum,True,True
98,WB1_23_0065_S_1,WB1_23_0065,data/Bombus/terrain/extraction/light/images/WB1_23_0065_S_1.jpg,lapidarius,0.9743715067296733,sichelii,0.01649337802600791,wurflenii,0.009109096891633481,0.032861964492764024,lapidarius,True,True
99,WB1_23_0065_S_2,WB1_23_0065,data/Bombus/terrain/extraction/light/images/WB1_23_0065_S_2.jpg,lapidarius,0.9876597609690904,sichelii,0.012299987511659982,wurflenii,3.8184581972233465e-05,0.03125220391560766,lapidarius,True,True
100,WB1_23_0065_S_3,WB1_23_0065,data/Bombus/terrain/extraction/light/images/WB1_23_0065_S_3.jpg,lapidarius,0.9873561937741293,sichelii,0.006361889980478006,wurflenii,0.006275736946428246,0.032078071268046966,lapidarius,True,True
101,WB1_23_0066_S_1,WB1_23_0066,data/Bombus/terrain/extraction/light/images/WB1_23_0066_S_1.jpg,sichelii,0.6413128412108786,lapidarius,0.30824714650388335,wurflenii,0.049878592677837945,0.027400366339155345,lapidarius,False,True
102,WB1_23_0066_S_2,WB1_23_0066,data/Bombus/terrain/extraction/light/images/WB1_23_0066_S_2.jpg,wurflenii,0.7601531907283534,sichelii,0.1814989993760532,lapidarius,0.055782914317471836,0.025107069512247476,lapidarius,False,True
103,WB1_23_0066_S_3,WB1_23_0066,data/Bombus/terrain/extraction/light/images/WB1_23_0066_S_3.jpg,sichelii,0.55919878687475,wurflenii,0.37940020917559364,lapidarius,0.06085599025811244,0.02895148620335312,lapidarius,False,True
104,WB1_23_0067_S_1,WB1_23_0067,data/Bombus/terrain/extraction/light/images/WB1_23_0067_S_1.jpg,pratorum,0.9987592576071046,wurflenii,0.0009563200966155031,soroeensis,0.0002721013871987184,0.03572581817372183,pratorum,True,True
105,WB1_23_0067_S_2,WB1_23_0067,data/Bombus/terrain/extraction/light/images/WB1_23_0067_S_2.jpg,pratorum,0.9963000471825982,soroeensis,0.0029050079204012516,pyrenaeus,0.0004033427204723118,0.034173015821190804,pratorum,True,True
106,WB1_23_0067_S_3,WB1_23_0067,data/Bombus/terrain/extraction/light/images/WB1_23_0067_S_3.jpg,pratorum,0.9998826408457427,wurflenii,4.6788919548448284e-05,soroeensis,2.7063667728864878e-05,0.03396176214470296,pratorum,True,True
107,WB1_23_0068_S_1,WB1_23_0068,data/Bombus/terrain/extraction/light/images/WB1_23_0068_S_1.jpg,soroeensis,0.9992743171579905,monticola,0.00042693661733694404,sichelii,0.0002728918781929969,0.03095980986435564,soroeensis,True,True
108,WB1_23_0068_S_2,WB1_23_0068,data/Bombus/terrain/extraction/light/images/WB1_23_0068_S_2.jpg,soroeensis,0.9957045524171638,sichelii,0.003593534814208456,monticola,0.0006681687090214725,0.030629893023194726,soroeensis,True,True
109,WB1_23_0068_S_3,WB1_23_0068,data/Bombus/terrain/extraction/light/images/WB1_23_0068_S_3.jpg,soroeensis,0.9935086649655077,sichelii,0.003631807471686574,monticola,0.0024721227729581252,0.027650363956941794,soroeensis,True,True
110,WB1_23_0069_S_1,WB1_23_0069,data/Bombus/terrain/extraction/light/images/WB1_23_0069_S_1.jpg,pratorum,0.9895889786557538,soroeensis,0.010402705047707564,pyrenaeus,8.273554799694137e-06,0.03767504273863049,pratorum,True,True
111,WB1_23_0069_S_2,WB1_23_0069,data/Bombus/terrain/extraction/light/images/WB1_23_0069_S_2.jpg,pratorum,0.9997270927879214,soroeensis,0.0002718193502369674,pyrenaeus,1.0675829064499024e-06,0.037960592145312555,pratorum,True,True
112,WB1_23_0069_S_3,WB1_23_0069,data/Bombus/terrain/extraction/light/images/WB1_23_0069_S_3.jpg,pratorum,0.9998591255320457,soroeensis,0.00013544255844127523,pyrenaeus,5.405486072973739e-06,0.037190708807183934,pratorum,True,True
113,WB1_23_0070_S_1,WB1_23_0070,data/Bombus/terrain/extraction/light/images/WB1_23_0070_S_1.jpg,pratorum,0.9975419559882209,sylvarum,0.0024560051625032273,pyrenaeus,1.6881034812560975e-06,0.032186256839022806,pratorum,True,True
114,WB1_23_0070_S_2,WB1_23_0070,data/Bombus/terrain/extraction/light/images/WB1_23_0070_S_2.jpg,pratorum,0.9992023744374998,sylvarum,0.0007951901089696395,pyrenaeus,1.899177107233435e-06,0.03248872661521308,pratorum,True,True
115,WB1_23_0070_S_3,WB1_23_0070,data/Bombus/terrain/extraction/light/images/WB1_23_0070_S_3.jpg,pratorum,0.9999532489891408,pyrenaeus,3.968554899334572e-05,sylvarum,4.856426801672321e-06,0.033301560630970985,pratorum,True,True
116,WB1_23_0076_S_1,WB1_23_0076,data/Bombus/terrain/extraction/light/images/WB1_23_0076_S_1.jpg,lapidarius,0.9982658582214515,sichelii,0.0017204337066265647,pyrenaeus,1.3692788702815282e-05,0.026410755955324553,lapidarius,True,True
117,WB1_23_0076_S_2,WB1_23_0076,data/Bombus/terrain/extraction/light/images/WB1_23_0076_S_2.jpg,lapidarius,0.9790080182896714,sichelii,0.02094817809989663,pyrenaeus,4.331874416466458e-05,0.023016451952888983,lapidarius,True,True
118,WB1_23_0076_S_3,WB1_23_0076,data/Bombus/terrain/extraction/light/images/WB1_23_0076_S_3.jpg,lapidarius,0.9959679458229064,sichelii,0.004029138656277236,pyrenaeus,2.869779719790178e-06,0.02245511418037941,lapidarius,True,True
119,WB1_23_0077_S_1,WB1_23_0077,data/Bombus/terrain/extraction/light/images/WB1_23_0077_S_1.jpg,lapidarius,0.9778154980203153,sichelii,0.022155881428165852,pyrenaeus,2.7669502703296147e-05,0.01841799848898861,lapidarius,True,True
120,WB1_23_0077_S_2,WB1_23_0077,data/Bombus/terrain/extraction/light/images/WB1_23_0077_S_2.jpg,lapidarius,0.9273439890804772,sichelii,0.07200651680801659,pyrenaeus,0.0006453569569258711,0.0188017569852229,lapidarius,True,True
121,WB1_23_0077_S_3,WB1_23_0077,data/Bombus/terrain/extraction/light/images/WB1_23_0077_S_3.jpg,lapidarius,0.9508264596074789,sichelii,0.04904130937722196,pyrenaeus,0.00012091911754331665,0.019076427629865958,lapidarius,True,True
122,WB1_23_0078_S_1,WB1_23_0078,data/Bombus/terrain/extraction/light/images/WB1_23_0078_S_1.jpg,lapidarius,0.9993787799496976,sichelii,0.0006197997584628942,wurflenii,7.130366250955685e-07,0.030310066200191776,lapidarius,True,True
123,WB1_23_0078_S_2,WB1_23_0078,data/Bombus/terrain/extraction/light/images/WB1_23_0078_S_2.jpg,lapidarius,0.9875409895939281,wurflenii,0.010932413594898162,sichelii,0.0015225111284737532,0.033524431469013634,lapidarius,True,True
124,WB1_23_0078_S_3,WB1_23_0078,data/Bombus/terrain/extraction/light/images/WB1_23_0078_S_3.jpg,lapidarius,0.9878257164512407,sichelii,0.011585597717133599,wurflenii,0.0005882066908908671,0.03076396729631052,lapidarius,True,True
125,WB1_23_0079_S_1,WB1_23_0079,data/Bombus/terrain/extraction/light/images/WB1_23_0079_S_1.jpg,lapidarius,0.761943381844893,monticola,0.07895743322296067,wurflenii,0.0636972160828639,0.03746378724695603,lapidarius,True,True
126,WB1_23_0079_S_2,WB1_23_0079,data/Bombus/terrain/extraction/light/images/WB1_23_0079_S_2.jpg,monticola,0.44921687904351537,pyrenaeus,0.3230890816034812,soroeensis,0.15898356725491336,0.033263154356043045,lapidarius,False,False
127,WB1_23_0079_S_3,WB1_23_0079,data/Bombus/terrain/extraction/light/images/WB1_23_0079_S_3.jpg,wurflenii,0.29725883806073594,lapidarius,0.2580761847390076,sichelii,0.1609311357252293,0.03490321773651958,lapidarius,False,True
128,WB1_23_0080_S_1,WB1_23_0080,data/Bombus/terrain/extraction/light/images/WB1_23_0080_S_1.jpg,lapidarius,0.5005662080560755,monticola,0.3430201308868528,pyrenaeus,0.11377672873586044,0.03744712465443738,lapidarius,True,True
129,WB1_23_0080_S_2,WB1_23_0080,data/Bombus/terrain/extraction/light/images/WB1_23_0080_S_2.jpg,lapidarius,0.99143648228038,pyrenaeus,0.0028614908005870146,sichelii,0.0027360999244588503,0.03460169892114512,lapidarius,True,True
130,WB1_23_0080_S_3,WB1_23_0080,data/Bombus/terrain/extraction/light/images/WB1_23_0080_S_3.jpg,lapidarius,0.9917323144345649,monticola,0.005726252093139927,sichelii,0.0013207028278726894,0.03694971050527392,lapidarius,True,True
131,WB1_23_0081_S_1,WB1_23_0081,data/Bombus/terrain/extraction/light/images/WB1_23_0081_S_1.jpg,lapidarius,0.9624742106361088,sichelii,0.03751546281106179,wurflenii,5.658286654307141e-06,0.041235422231311644,lapidarius,True,True
132,WB1_23_0081_S_2,WB1_23_0081,data/Bombus/terrain/extraction/light/images/WB1_23_0081_S_2.jpg,lapidarius,0.9728548804676725,sichelii,0.026917294260263507,pyrenaeus,8.99814452979222e-05,0.04057845799157166,lapidarius,True,True
133,WB1_23_0081_S_3,WB1_23_0081,data/Bombus/terrain/extraction/light/images/WB1_23_0081_S_3.jpg,lapidarius,0.5546071905151497,sichelii,0.4450174615879332,wurflenii,0.0002966397173499284,0.03936294524974616,lapidarius,True,True
134,WB1_23_0082_S_1,WB1_23_0082,data/Bombus/terrain/extraction/light/images/WB1_23_0082_S_1.jpg,lapidarius,0.9997107271711234,sichelii,0.0002883183444472891,soroeensis,4.1706211150133327e-07,0.03735160187540956,lapidarius,True,True
135,WB1_23_0082_S_2,WB1_23_0082,data/Bombus/terrain/extraction/light/images/WB1_23_0082_S_2.jpg,lapidarius,0.9999123233287889,sichelii,8.763857032543787e-05,soroeensis,1.836858454644814e-08,0.03725699250622348,lapidarius,True,True
136,WB1_23_0082_S_3,WB1_23_0082,data/Bombus/terrain/extraction/light/images/WB1_23_0082_S_3.jpg,lapidarius,0.9991521713260496,sichelii,0.0007847940804619015,wurflenii,6.077381931455321e-05,0.03738619440165442,lapidarius,True,True
137,WB1_23_0083_S_1,WB1_23_0083,data/Bombus/terrain/extraction/light/images/WB1_23_0083_S_1.jpg,lapidarius,0.8748641156069917,sichelii,0.11912649633155901,pyrenaeus,0.004942532061332103,0.033187419556414785,lapidarius,True,True
138,WB1_23_0083_S_2,WB1_23_0083,data/Bombus/terrain/extraction/light/images/WB1_23_0083_S_2.jpg,lapidarius,0.9867687635154364,sichelii,0.013088484163132942,pyrenaeus,7.973606821273499e-05,0.035716632883486935,lapidarius,True,True
139,WB1_23_0083_S_3,WB1_23_0083,data/Bombus/terrain/extraction/light/images/WB1_23_0083_S_3.jpg,lapidarius,0.6494285962844689,sichelii,0.3476591545331131,pyrenaeus,0.0022353124915096344,0.03501745559394313,lapidarius,True,True
140,WB1_23_0084_S_1,WB1_23_0084,data/Bombus/terrain/extraction/light/images/WB1_23_0084_S_1.jpg,lapidarius,0.8605956645726248,soroeensis,0.08348177016371744,sichelii,0.03595446387659673,0.02247256162021499,lapidarius,True,True
141,WB1_23_0084_S_2,WB1_23_0084,data/Bombus/terrain/extraction/light/images/WB1_23_0084_S_2.jpg,lapidarius,0.9407342401912239,soroeensis,0.03157813926295539,sichelii,0.027002214519949757,0.025884350579573168,lapidarius,True,True
142,WB1_23_0084_S_3,WB1_23_0084,data/Bombus/terrain/extraction/light/images/WB1_23_0084_S_3.jpg,lapidarius,0.9625341600655893,sichelii,0.021894904557045132,soroeensis,0.015099336465264719,0.026496460299647064,lapidarius,True,True
143,WB1_23_0085_S_1,WB1_23_0085,data/Bombus/terrain/extraction/light/images/WB1_23_0085_S_1.jpg,lapidarius,0.9990131780962995,monticola,0.0003322684938415962,sichelii,0.00032250880604635856,0.01867700685266474,lapidarius,True,True
144,WB1_23_0085_S_2,WB1_23_0085,data/Bombus/terrain/extraction/light/images/WB1_23_0085_S_2.jpg,lapidarius,0.9987712304038374,soroeensis,0.0005729396853873269,sichelii,0.0004925863092027345,0.021865945048966315,lapidarius,True,True
145,WB1_23_0085_S_3,WB1_23_0085,data/Bombus/terrain/extraction/light/images/WB1_23_0085_S_3.jpg,lapidarius,0.9920099871438964,pyrenaeus,0.0064597662520611,sichelii,0.0011605874906188618,0.02024426357460752,lapidarius,True,True
146,WB1_23_0086_S_1,WB1_23_0086,data/Bombus/terrain/extraction/light/images/WB1_23_0086_S_1.jpg,sylvarum,0.9999988049939162,ruderarius,8.186193419399049e-07,pomorum,3.7162107398491436e-07,0.029506135561429413,sylvarum,True,True
147,WB1_23_0086_S_2,WB1_23_0086,data/Bombus/terrain/extraction/light/images/WB1_23_0086_S_2.jpg,sylvarum,0.9998128315680435,ruderarius,0.00018672069596523195,pomorum,2.8835476753929565e-07,0.027530208505384485,sylvarum,True,True
148,WB1_23_0086_S_3,WB1_23_0086,data/Bombus/terrain/extraction/light/images/WB1_23_0086_S_3.jpg,sylvarum,0.9997928296261361,ruderarius,0.00020682235993406333,pomorum,3.4100827003224663e-07,0.027172646938963048,sylvarum,True,True
149,WB1_23_0087_S_1,WB1_23_0087,data/Bombus/terrain/extraction/light/images/WB1_23_0087_S_1.jpg,pomorum,0.9956784013927541,sylvarum,0.0033916720814802493,ruderarius,0.0008976272440256637,0.024636085011149257,sylvarum,False,True
150,WB1_23_0087_S_2,WB1_23_0087,data/Bombus/terrain/extraction/light/images/WB1_23_0087_S_2.jpg,pomorum,0.9986401780519994,pratorum,0.0009701244641652696,ruderarius,0.0003506972906443469,0.026370769755315344,sylvarum,False,False
151,WB1_23_0087_S_3,WB1_23_0087,data/Bombus/terrain/extraction/light/images/WB1_23_0087_S_3.jpg,pomorum,0.9976440200677957,ruderarius,0.0020446488170321984,sylvarum,0.00019224000472866536,0.029264696335142417,sylvarum,False,True
152,WB1_23_0091_S_1,WB1_23_0091,data/Bombus/terrain/extraction/light/images/WB1_23_0091_S_1.jpg,sylvarum,0.9559687677838166,ruderarius,0.04402947646375699,pratorum,1.3000615875677903e-06,0.03750973657615334,sylvarum,True,True
153,WB1_23_0091_S_2,WB1_23_0091,data/Bombus/terrain/extraction/light/images/WB1_23_0091_S_2.jpg,sylvarum,0.9739255788890133,ruderarius,0.02607439567928389,pratorum,1.8923433686991904e-08,0.03424607222924498,sylvarum,True,True
154,WB1_23_0091_S_3,WB1_23_0091,data/Bombus/terrain/extraction/light/images/WB1_23_0091_S_3.jpg,sylvarum,0.9768003759269119,ruderarius,0.02319711243471321,pratorum,2.2654451062039332e-06,0.03360579035777756,sylvarum,True,True
155,WB1_23_0092_S_1,WB1_23_0092,data/Bombus/terrain/extraction/light/images/WB1_23_0092_S_1.jpg,lapidarius,0.999695333453657,sichelii,0.0002846785934182838,soroeensis,1.3325888904829144e-05,0.02625166009422901,lapidarius,True,True
156,WB1_23_0092_S_3,WB1_23_0092,data/Bombus/terrain/extraction/light/images/WB1_23_0092_S_3.jpg,lapidarius,0.9994720088030924,sichelii,0.0005203947223713023,monticola,5.153631136232735e-06,0.026858582894773355,lapidarius,True,True
157,WB1_23_0093_S_1,WB1_23_0093,data/Bombus/terrain/extraction/light/images/WB1_23_0093_S_1.jpg,lapidarius,0.9636569498196981,sichelii,0.03403581509755444,wurflenii,0.0023057493745338243,0.02951345667909686,lapidarius,True,True
158,WB1_23_0093_S_2,WB1_23_0093,data/Bombus/terrain/extraction/light/images/WB1_23_0093_S_2.jpg,lapidarius,0.9542798703485739,sichelii,0.042939355322954266,wurflenii,0.0027721685929484436,0.030205316983745817,lapidarius,True,True
159,WB1_23_0093_S_3,WB1_23_0093,data/Bombus/terrain/extraction/light/images/WB1_23_0093_S_3.jpg,lapidarius,0.9924012585033821,sichelii,0.007284537837304906,wurflenii,0.00031020880290403115,0.03033686795991272,lapidarius,True,True
160,WB1_23_0094_S_1,WB1_23_0094,data/Bombus/terrain/extraction/light/images/WB1_23_0094_S_1.jpg,lapidarius,0.7256328693048429,sichelii,0.27341293231038194,pyrenaeus,0.0007958191073069812,0.01647173485820023,lapidarius,True,True
161,WB1_23_0094_S_2,WB1_23_0094,data/Bombus/terrain/extraction/light/images/WB1_23_0094_S_2.jpg,sichelii,0.7683028545007362,lapidarius,0.2302530999348311,soroeensis,0.0011684183186071897,0.018629646488732093,lapidarius,False,True
162,WB1_23_0094_S_3,WB1_23_0094,data/Bombus/terrain/extraction/light/images/WB1_23_0094_S_3.jpg,sichelii,0.8699085650906859,lapidarius,0.10250131322354383,soroeensis,0.02530839992135063,0.01722467301159693,lapidarius,False,True
163,WB1_23_0095_S_1,WB1_23_0095,data/Bombus/terrain/extraction/light/images/WB1_23_0095_S_1.jpg,lapidarius,0.6975665354814495,sichelii,0.24121974040487934,wurflenii,0.06045612484541249,0.022082471554381602,lapidarius,True,True
164,WB1_23_0095_S_2,WB1_23_0095,data/Bombus/terrain/extraction/light/images/WB1_23_0095_S_2.jpg,sichelii,0.7256105086136583,lapidarius,0.27326252021161107,pyrenaeus,0.0007853008739501701,0.020213982291306498,lapidarius,False,True
165,WB1_23_0095_S_3,WB1_23_0095,data/Bombus/terrain/extraction/light/images/WB1_23_0095_S_3.jpg,lapidarius,0.9541776657658311,sichelii,0.045494614377200315,pyrenaeus,0.0002810532653082502,0.023129193241858706,lapidarius,True,True
166,WB1_23_0096_S_1,WB1_23_0096,data/Bombus/terrain/extraction/light/images/WB1_23_0096_S_1.jpg,lapidarius,0.6378442728499886,sichelii,0.29162082575043247,pyrenaeus,0.05098043968465173,0.03202124353103651,lapidarius,True,True
167,WB1_23_0096_S_2,WB1_23_0096,data/Bombus/terrain/extraction/light/images/WB1_23_0096_S_2.jpg,sichelii,0.5331816152191109,lapidarius,0.4628014885602245,pyrenaeus,0.0028222671305143964,0.03182629177095349,lapidarius,False,True
168,WB1_23_0096_S_3,WB1_23_0096,data/Bombus/terrain/extraction/light/images/WB1_23_0096_S_3.jpg,lapidarius,0.561907691143273,sichelii,0.4142889167667743,pyrenaeus,0.017287648832931858,0.032469752327720126,lapidarius,True,True
169,WB1_23_0097_S_1,WB1_23_0097,data/Bombus/terrain/extraction/light/images/WB1_23_0097_S_1.jpg,sichelii,0.9152357991813359,lapidarius,0.0811771022548331,wurflenii,0.003493899348305892,0.054519658699115556,lapidarius,False,True
170,WB1_23_0097_S_2,WB1_23_0097,data/Bombus/terrain/extraction/light/images/WB1_23_0097_S_2.jpg,sichelii,0.9187360053172434,lapidarius,0.08113459962193414,pyrenaeus,6.28453490310023e-05,0.026259102254187892,lapidarius,False,True
171,WB1_23_0097_S_3,WB1_23_0097,data/Bombus/terrain/extraction/light/images/WB1_23_0097_S_3.jpg,sichelii,0.8282796015300872,lapidarius,0.17114827963425397,wurflenii,0.00037166051156904846,0.026894134102482672,lapidarius,False,True
172,WB1_23_0098_S_1,WB1_23_0098,data/Bombus/terrain/extraction/light/images/WB1_23_0098_S_1.jpg,pratorum,0.998354857599612,pyrenaeus,0.0013681950849375123,monticola,0.00020306656135652386,0.02351476647289836,pratorum,True,True
173,WB1_23_0098_S_2,WB1_23_0098,data/Bombus/terrain/extraction/light/images/WB1_23_0098_S_2.jpg,pratorum,0.9999587551963124,pyrenaeus,3.053294507285926e-05,sylvarum,1.0401405108896999e-05,0.02409718018245261,pratorum,True,True
174,WB1_23_0098_S_3,WB1_23_0098,data/Bombus/terrain/extraction/light/images/WB1_23_0098_S_3.jpg,pratorum,0.9989990524945975,pyrenaeus,0.0008377277055200027,soroeensis,0.00012547350612297003,0.02345122359619346,pratorum,True,True
175,WB1_23_0099_S_1,WB1_23_0099,data/Bombus/terrain/extraction/light/images/WB1_23_0099_S_1.jpg,sichelii,0.8969722890840158,lapidarius,0.10302736786137653,soroeensis,1.7247107803841342e-07,0.04235400236636159,lapidarius,False,True
176,WB1_23_0099_S_2,WB1_23_0099,data/Bombus/terrain/extraction/light/images/WB1_23_0099_S_2.jpg,lapidarius,0.5807700049991693,sichelii,0.41920947583960844,pratorum,9.878729266592778e-06,0.042861229979087694,lapidarius,True,True
177,WB1_23_0099_S_3,WB1_23_0099,data/Bombus/terrain/extraction/light/images/WB1_23_0099_S_3.jpg,lapidarius,0.5001420221900204,sichelii,0.4998403831257917,soroeensis,9.43719120383148e-06,0.04169321487157504,lapidarius,True,True
180,WB1_23_0106_S_3,WB1_23_0106,data/Bombus/terrain/extraction/light/images/WB1_23_0106_S_3.jpg,lapidarius,0.9910986014906644,pyrenaeus,0.005866858581792662,sichelii,0.003016928765878883,0.02476532381615753,lapidarius,True,True
181,WB1_23_0107_S_1,WB1_23_0107,data/Bombus/terrain/extraction/light/images/WB1_23_0107_S_1.jpg,lapidarius,0.9963574444742155,sichelii,0.002822019032929743,monticola,0.000698275108603161,0.03680050151804998,lapidarius,True,True
182,WB1_23_0107_S_2,WB1_23_0107,data/Bombus/terrain/extraction/light/images/WB1_23_0107_S_2.jpg,lapidarius,0.9685721237117876,sichelii,0.01594835056651763,monticola,0.0077266931270458614,0.034309637007486286,lapidarius,True,True
183,WB1_23_0107_S_3,WB1_23_0107,data/Bombus/terrain/extraction/light/images/WB1_23_0107_S_3.jpg,lapidarius,0.9411081073213236,pyrenaeus,0.03613370303405779,pratorum,0.012855961225902966,0.033398274137444235,lapidarius,True,True
184,WB1_23_0108_S_1,WB1_23_0108,data/Bombus/terrain/extraction/light/images/WB1_23_0108_S_1.jpg,lapidarius,0.9094989942949028,sichelii,0.09049258099745801,wurflenii,8.125758936502255e-06,0.03268462448349619,lapidarius,True,True
185,WB1_23_0108_S_2,WB1_23_0108,data/Bombus/terrain/extraction/light/images/WB1_23_0108_S_2.jpg,lapidarius,0.9990812463522898,sichelii,0.0007129082561836586,soroeensis,0.00020566165859850299,0.038006661713345914,lapidarius,True,True
186,WB1_23_0108_S_3,WB1_23_0108,data/Bombus/terrain/extraction/light/images/WB1_23_0108_S_3.jpg,lapidarius,0.8940443357671819,sichelii,0.10591163977937253,soroeensis,3.893292337061783e-05,0.03851017860579907,lapidarius,True,True
187,WB1_23_0109_S_1,WB1_23_0109,data/Bombus/terrain/extraction/light/images/WB1_23_0109_S_1.jpg,lapidarius,0.7606562123901764,sichelii,0.23933755178604887,wurflenii,1.8003658284020949e-06,0.03673195851264683,lapidarius,True,True
188,WB1_23_0109_S_2,WB1_23_0109,data/Bombus/terrain/extraction/light/images/WB1_23_0109_S_2.jpg,lapidarius,0.7863638861286208,sichelii,0.17489843916365694,soroeensis,0.030160618941896363,0.037000641435296,lapidarius,True,True
189,WB1_23_0110_S_1,WB1_23_0110,data/Bombus/terrain/extraction/light/images/WB1_23_0110_S_1.jpg,sylvarum,0.9986284823936398,ruderarius,0.0013714389356308183,pomorum,7.866697970804239e-08,0.03811665874524224,sylvarum,True,True
190,WB1_23_0110_S_2,WB1_23_0110,data/Bombus/terrain/extraction/light/images/WB1_23_0110_S_2.jpg,sylvarum,0.999559061831616,ruderarius,0.00044092072170873447,pomorum,1.6621173434469956e-08,0.03557295442421148,sylvarum,True,True
191,WB1_23_0111_S_1,WB1_23_0111,data/Bombus/terrain/extraction/light/images/WB1_23_0111_S_1.jpg,lapidarius,0.7912228314749848,sichelii,0.15043521778876123,pomorum,0.03806477990860713,0.022623068928955888,lapidarius,True,True
192,WB1_23_0111_S_2,WB1_23_0111,data/Bombus/terrain/extraction/light/images/WB1_23_0111_S_2.jpg,lapidarius,0.9989689221825384,sichelii,0.0006435587588835165,pyrenaeus,0.00034678591417774176,0.022276858236980043,lapidarius,True,True
193,WB1_23_0111_S_3,WB1_23_0111,data/Bombus/terrain/extraction/light/images/WB1_23_0111_S_3.jpg,lapidarius,0.886634225242545,sichelii,0.11252741113305141,soroeensis,0.0006712892328229695,0.01995014741957136,lapidarius,True,True
194,WB1_23_0112_S_1,WB1_23_0112,data/Bombus/terrain/extraction/light/images/WB1_23_0112_S_1.jpg,lapidarius,0.99608126813994,sichelii,0.0038119440871403525,pyrenaeus,7.55242653708865e-05,0.029341294892755592,lapidarius,True,True
195,WB1_23_0112_S_2,WB1_23_0112,data/Bombus/terrain/extraction/light/images/WB1_23_0112_S_2.jpg,lapidarius,0.9944420903128676,sichelii,0.005425424451491614,pyrenaeus,0.00012441702325180975,0.0242040984090946,lapidarius,True,True
196,WB1_23_0113_S_1,WB1_23_0113,data/Bombus/terrain/extraction/light/images/WB1_23_0113_S_1.jpg,lapidarius,0.9866286462355055,sichelii,0.013356230871740359,monticola,1.4976060680345633e-05,0.027385953647139354,lapidarius,True,True
197,WB1_23_0113_S_2,WB1_23_0113,data/Bombus/terrain/extraction/light/images/WB1_23_0113_S_2.jpg,lapidarius,0.9717118750623602,sichelii,0.02824627963365516,soroeensis,3.677011928060287e-05,0.027237941781133503,lapidarius,True,True
198,WB1_23_0113_S_3,WB1_23_0113,data/Bombus/terrain/extraction/light/images/WB1_23_0113_S_3.jpg,lapidarius,0.9938036707545397,sichelii,0.006052622970289479,monticola,0.0001312640650326503,0.02574224472873558,lapidarius,True,True
199,WB1_23_0114_S_1,WB1_23_0114,data/Bombus/terrain/extraction/light/images/WB1_23_0114_S_1.jpg,sichelii,0.5090972071352045,lapidarius,0.4906119761276484,pyrenaeus,0.0002721919341506176,0.023560014624642286,lapidarius,False,True
200,WB1_23_0114_S_2,WB1_23_0114,data/Bombus/terrain/extraction/light/images/WB1_23_0114_S_2.jpg,lapidarius,0.9879097047753954,pyrenaeus,0.01195122658233776,pratorum,0.00011021105077399249,0.02529415503916965,lapidarius,True,True
201,WB1_23_0114_S_3,WB1_23_0114,data/Bombus/terrain/extraction/light/images/WB1_23_0114_S_3.jpg,lapidarius,0.6875100048252959,sichelii,0.2582119032917246,pyrenaeus,0.04367279404922812,0.029878406692758066,lapidarius,True,True
202,WB1_23_0114_S_4,WB1_23_0114,data/Bombus/terrain/extraction/light/images/WB1_23_0114_S_4.jpg,sichelii,0.6238826780521443,lapidarius,0.3758128213560424,pyrenaeus,0.00030004458386229566,0.024398049934242265,lapidarius,False,True
203,WB1_23_0115_S_1,WB1_23_0115,data/Bombus/terrain/extraction/light/images/WB1_23_0115_S_1.jpg,lapidarius,0.5735192419166859,soroeensis,0.3058269255048197,sichelii,0.11773956215364047,0.02075939851097763,lapidarius,True,True
204,WB1_23_0115_S_2,WB1_23_0115,data/Bombus/terrain/extraction/light/images/WB1_23_0115_S_2.jpg,lapidarius,0.9974424625170121,sichelii,0.0016253307095504869,soroeensis,0.0008989817467844963,0.022053686502067682,lapidarius,True,True
205,WB1_23_0115_S_3,WB1_23_0115,data/Bombus/terrain/extraction/light/images/WB1_23_0115_S_3.jpg,pratorum,0.5276278582068227,soroeensis,0.47188472970479384,wurflenii,0.0003260691862191138,0.024506342879818527,lapidarius,False,False
206,WB1_23_0116_S_2,WB1_23_0116,data/Bombus/terrain/extraction/light/images/WB1_23_0116_S_2.jpg,lapidarius,0.7938213275498295,sichelii,0.20584034138548862,soroeensis,0.0001795705121096325,0.02341697664424237,soroeensis,False,True
207,WB1_23_0116_S_3,WB1_23_0116,data/Bombus/terrain/extraction/light/images/WB1_23_0116_S_3.jpg,lapidarius,0.6316155473145781,sichelii,0.36828566042755584,soroeensis,8.325994518479378e-05,0.023128451310322966,soroeensis,False,True
208,WB1_23_0117_S_1,WB1_23_0117,data/Bombus/terrain/extraction/light/images/WB1_23_0117_S_1.jpg,pratorum,0.9997080005439293,soroeensis,0.00024166703235066356,pyrenaeus,2.2489703614635635e-05,0.029415029163462378,pratorum,True,True
209,WB1_23_0117_S_2,WB1_23_0117,data/Bombus/terrain/extraction/light/images/WB1_23_0117_S_2.jpg,pratorum,0.9999100611808546,soroeensis,5.433163946373415e-05,pomorum,1.8843262160962222e-05,0.02999452284886041,pratorum,True,True
210,WB1_23_0117_S_3,WB1_23_0117,data/Bombus/terrain/extraction/light/images/WB1_23_0117_S_3.jpg,pratorum,0.998204652682462,soroeensis,0.0012536118121549429,pyrenaeus,0.00039947789466253646,0.027251942780838423,pratorum,True,True
211,WB1_23_0118_S_1,WB1_23_0118,data/Bombus/terrain/extraction/light/images/WB1_23_0118_S_1.jpg,lapidarius,0.7314002597092771,sichelii,0.26755625463287935,soroeensis,0.0009831714254146821,0.02306677740615838,lapidarius,True,True
212,WB1_23_0118_S_2,WB1_23_0118,data/Bombus/terrain/extraction/light/images/WB1_23_0118_S_2.jpg,sichelii,0.6626656426334039,lapidarius,0.3071461603849854,soroeensis,0.029909005523335634,0.024918093862195005,lapidarius,False,True
213,WB1_23_0118_S_3,WB1_23_0118,data/Bombus/terrain/extraction/light/images/WB1_23_0118_S_3.jpg,sichelii,0.5051790996819039,lapidarius,0.41278944749452173,soroeensis,0.0798925486085285,0.024380264049420237,lapidarius,False,True
214,WB1_23_0119_S_1,WB1_23_0119,data/Bombus/terrain/extraction/light/images/WB1_23_0119_S_1.jpg,pratorum,0.9999563043776591,lucorum,2.8910069828517944e-05,pyrenaeus,1.450663695897157e-05,0.03223043593837668,pratorum,True,True
215,WB1_23_0119_S_2,WB1_23_0119,data/Bombus/terrain/extraction/light/images/WB1_23_0119_S_2.jpg,pratorum,0.9999919728221477,pyrenaeus,6.097907598532274e-06,lucorum,1.9146670919419047e-06,0.031472082570950806,pratorum,True,True
216,WB1_23_0119_S_3,WB1_23_0119,data/Bombus/terrain/extraction/light/images/WB1_23_0119_S_3.jpg,pratorum,0.9999862361937691,pyrenaeus,1.2076921962885608e-05,lucorum,1.6464447065969325e-06,0.031915859140457754,pratorum,True,True
217,WB1_23_0120_S_1,WB1_23_0120,data/Bombus/terrain/extraction/light/images/WB1_23_0120_S_1.jpg,soroeensis,0.9987901026665781,monticola,0.0012038950404428073,sichelii,2.568242560684568e-06,0.03527945190075229,soroeensis,True,True
218,WB1_23_0120_S_2,WB1_23_0120,data/Bombus/terrain/extraction/light/images/WB1_23_0120_S_2.jpg,soroeensis,0.9999813828787365,monticola,1.175799441689889e-05,sichelii,5.039713999911107e-06,0.03335894487492358,soroeensis,True,True
219,WB1_23_0121_S_2,WB1_23_0121,data/Bombus/terrain/extraction/light/images/WB1_23_0121_S_2.jpg,sylvarum,0.999706975965232,pratorum,0.0002468114205496658,ruderarius,4.4708112440242995e-05,0.02612984963027944,sylvarum,True,True
220,WB1_23_0121_S_3,WB1_23_0121,data/Bombus/terrain/extraction/light/images/WB1_23_0121_S_3.jpg,sylvarum,0.9999279058591182,pratorum,4.5709533971220856e-05,ruderarius,2.6084024549178574e-05,0.028198681974529235,sylvarum,True,True
221,WB1_23_0122_S_1,WB1_23_0122,data/Bombus/terrain/extraction/light/images/WB1_23_0122_S_1.jpg,pratorum,0.9993276446237339,pyrenaeus,0.0006633575015956856,soroeensis,8.864086845915977e-06,0.02613891737372319,pratorum,True,True
222,WB1_23_0122_S_2,WB1_23_0122,data/Bombus/terrain/extraction/light/images/WB1_23_0122_S_2.jpg,pratorum,0.9998576773206787,pyrenaeus,0.00010191600474356584,soroeensis,3.3906597241757945e-05,0.02304518204828577,pratorum,True,True
223,WB1_23_0122_S_3,WB1_23_0122,data/Bombus/terrain/extraction/light/images/WB1_23_0122_S_3.jpg,pratorum,0.9992246377291427,soroeensis,0.0004426248869210496,pyrenaeus,0.00032846145124949637,0.02243638213260681,pratorum,True,True
224,WB1_23_0123_S_1,WB1_23_0123,data/Bombus/terrain/extraction/light/images/WB1_23_0123_S_1.jpg,pratorum,0.999995790993643,monticola,2.4505612252060955e-06,pyrenaeus,1.5255944861246957e-06,0.045580629200390146,pratorum,True,True
225,WB1_23_0123_S_2,WB1_23_0123,data/Bombus/terrain/extraction/light/images/WB1_23_0123_S_2.jpg,pratorum,0.9953640190312026,pyrenaeus,0.004403097115953407,monticola,0.0002276653869820767,0.046990455545909506,pratorum,True,True
226,WB1_23_0123_S_3,WB1_23_0123,data/Bombus/terrain/extraction/light/images/WB1_23_0123_S_3.jpg,pratorum,0.9998976833005208,pyrenaeus,7.996957225971103e-05,monticola,1.976088977211062e-05,0.044594105600539106,pratorum,True,True
228,WB1_23_0124_S_2,WB1_23_0124,data/Bombus/terrain/extraction/light/images/WB1_23_0124_S_2.jpg,pratorum,0.9988973296289736,soroeensis,0.0010895574452951017,pyrenaeus,1.3039978015535083e-05,0.04050999509806504,pratorum,True,True
229,WB1_23_0124_S_3,WB1_23_0124,data/Bombus/terrain/extraction/light/images/WB1_23_0124_S_3.jpg,pratorum,0.99997983129755,soroeensis,1.9743663447426642e-05,pyrenaeus,3.3342664580424857e-07,0.041389433487017784,pratorum,True,True
230,WB1_23_0125_S_1,WB1_23_0125,data/Bombus/terrain/extraction/light/images/WB1_23_0125_S_1.jpg,confusus,1.0,monticola,1.0575749434356505e-22,sichelii,1.2368651214357077e-26,0.061939987974212865,confusus,True,True
231,WB1_23_0125_S_2,WB1_23_0125,data/Bombus/terrain/extraction/light/images/WB1_23_0125_S_2.jpg,confusus,1.0,monticola,4.6895866997997003e-20,sichelii,7.81260641479659e-24,0.06182419334419945,confusus,True,True
232,WB1_23_0125_S_3,WB1_23_0125,data/Bombus/terrain/extraction/light/images/WB1_23_0125_S_3.jpg,confusus,1.0,monticola,1.0348383740543023e-23,sichelii,3.104591515947244e-28,0.06540685775205744,confusus,True,True
233,WB1_23_0126_S_1,WB1_23_0126,data/Bombus/terrain/extraction/light/images/WB1_23_0126_S_1.jpg,rupestris,0.9999984501371626,wurflenii,1.3313590123353614e-06,lapidarius,9.285024719245831e-08,0.03777522494663706,rupestris,True,True
234,WB1_23_0126_S_2,WB1_23_0126,data/Bombus/terrain/extraction/light/images/WB1_23_0126_S_2.jpg,rupestris,0.9999999782459181,wurflenii,1.3430802244506411e-08,lapidarius,6.1451874225958735e-09,0.038602530791463134,rupestris,True,True
235,WB1_23_0126_S_3,WB1_23_0126,data/Bombus/terrain/extraction/light/images/WB1_23_0126_S_3.jpg,rupestris,0.9999983506654269,wurflenii,1.295385446205008e-06,sichelii,2.2012852832263112e-07,0.039419654515768746,rupestris,True,True
236,WB1_23_0127_S_1,WB1_23_0127,data/Bombus/terrain/extraction/light/images/WB1_23_0127_S_1.jpg,lapidarius,0.9988385560242342,sichelii,0.0008461032586882909,pyrenaeus,0.00022278161920185043,0.025208235296100202,lapidarius,True,True
237,WB1_23_0127_S_2,WB1_23_0127,data/Bombus/terrain/extraction/light/images/WB1_23_0127_S_2.jpg,lapidarius,0.9546947053021431,soroeensis,0.021458677730590296,monticola,0.009811347797728227,0.024043493439001213,lapidarius,True,True
238,WB1_23_0127_S_3,WB1_23_0127,data/Bombus/terrain/extraction/light/images/WB1_23_0127_S_3.jpg,lapidarius,0.9997236514815862,sichelii,0.000249765809007875,pyrenaeus,1.6220347325358562e-05,0.025321152972689668,lapidarius,True,True
239,WB1_23_0128_S_1,WB1_23_0128,data/Bombus/terrain/extraction/light/images/WB1_23_0128_S_1.jpg,lapidarius,0.8147562983084762,sichelii,0.1802429289055351,pyrenaeus,0.004504826272142193,0.021508174587714177,lapidarius,True,True
240,WB1_23_0128_S_2,WB1_23_0128,data/Bombus/terrain/extraction/light/images/WB1_23_0128_S_2.jpg,lapidarius,0.9703769691938937,sichelii,0.023635313229686553,pyrenaeus,0.005577093967151432,0.022713561910348668,lapidarius,True,True
241,WB1_23_0128_S_3,WB1_23_0128,data/Bombus/terrain/extraction/light/images/WB1_23_0128_S_3.jpg,lapidarius,0.9540961623452543,sichelii,0.045701081697435815,pyrenaeus,0.00019469814920833564,0.021349524760402753,lapidarius,True,True
242,WB1_23_0129_S_1,WB1_23_0129,data/Bombus/terrain/extraction/light/images/WB1_23_0129_S_1.jpg,ruderarius,0.8042225849306675,sylvarum,0.19524776026193544,pomorum,0.0005270686210014326,0.029849968738966122,sylvarum,False,True
243,WB1_23_0129_S_2,WB1_23_0129,data/Bombus/terrain/extraction/light/images/WB1_23_0129_S_2.jpg,ruderarius,0.9397278564547895,sylvarum,0.05993700091535406,pomorum,0.00033317269894484565,0.031015979760703777,sylvarum,False,True
244,WB1_23_0129_S_3,WB1_23_0129,data/Bombus/terrain/extraction/light/images/WB1_23_0129_S_3.jpg,ruderarius,0.996316087763852,sylvarum,0.003672964834957831,pomorum,1.094606993380202e-05,0.037145956403149265,sylvarum,False,True
245,WB1_23_0129_S_4,WB1_23_0129,data/Bombus/terrain/extraction/light/images/WB1_23_0129_S_4.jpg,ruderarius,0.979239816436332,sylvarum,0.02067854092566112,pomorum,8.160905043476125e-05,0.035248094657243226,sylvarum,False,True
246,WB1_23_0130_S_1,WB1_23_0130,data/Bombus/terrain/extraction/light/images/WB1_23_0130_S_1.jpg,sylvarum,0.9891710498155549,ruderarius,0.010828099058008075,pratorum,7.799333145733279e-07,0.04471761046193907,sylvarum,True,True
247,WB1_23_0130_S_2,WB1_23_0130,data/Bombus/terrain/extraction/light/images/WB1_23_0130_S_2.jpg,sylvarum,0.982247315845718,pratorum,0.012908919287851503,ruderarius,0.004842155971920051,0.037890027823072936,sylvarum,True,True
248,WB1_23_0130_S_3,WB1_23_0130,data/Bombus/terrain/extraction/light/images/WB1_23_0130_S_3.jpg,sylvarum,0.9671978334940192,ruderarius,0.032801494563236035,pratorum,4.0361819829463166e-07,0.04521777333554041,sylvarum,True,True
249,WB1_23_0131_S_1,WB1_23_0131,data/Bombus/terrain/extraction/light/images/WB1_23_0131_S_1.jpg,pratorum,0.9625988052703142,lucorum,0.037401026019580244,sylvarum,1.490253017316038e-07,0.039663634362973196,pratorum,True,True
250,WB1_23_0131_S_2,WB1_23_0131,data/Bombus/terrain/extraction/light/images/WB1_23_0131_S_2.jpg,pratorum,0.8516507864453163,lucorum,0.14834878743872504,pyrenaeus,3.41550309258455e-07,0.035598859374098665,pratorum,True,True
251,WB1_23_0131_S_3,WB1_23_0131,data/Bombus/terrain/extraction/light/images/WB1_23_0131_S_3.jpg,pratorum,0.9648458702407691,lucorum,0.03515399986860093,sylvarum,9.29402710047788e-08,0.03675718201924612,pratorum,True,True
252,WB1_23_0132_S_1,WB1_23_0132,data/Bombus/terrain/extraction/light/images/WB1_23_0132_S_1.jpg,lapidarius,0.9907424273598678,sichelii,0.008883962472204736,wurflenii,0.0001804597243252022,0.02648439377663291,lapidarius,True,True
253,WB1_23_0132_S_2,WB1_23_0132,data/Bombus/terrain/extraction/light/images/WB1_23_0132_S_2.jpg,lapidarius,0.9827182772926834,wurflenii,0.01126648037660665,sichelii,0.005899264857985063,0.027844836066865566,lapidarius,True,True
254,WB1_23_0132_S_3,WB1_23_0132,data/Bombus/terrain/extraction/light/images/WB1_23_0132_S_3.jpg,lapidarius,0.9504830786157523,wurflenii,0.03656428812311016,sichelii,0.012767285914793633,0.02580477380546843,lapidarius,True,True
255,WB1_23_0133_S_1,WB1_23_0133,data/Bombus/terrain/extraction/light/images/WB1_23_0133_S_1.jpg,pratorum,0.9437791773990699,wurflenii,0.05304484059169388,pyrenaeus,0.002911930447126135,0.027448782669782845,pratorum,True,True
256,WB1_23_0133_S_2,WB1_23_0133,data/Bombus/terrain/extraction/light/images/WB1_23_0133_S_2.jpg,pratorum,0.8733458037824748,wurflenii,0.12578748528344955,pyrenaeus,0.00037758619263127244,0.02459887805652415,pratorum,True,True
257,WB1_23_0133_S_3,WB1_23_0133,data/Bombus/terrain/extraction/light/images/WB1_23_0133_S_3.jpg,pratorum,0.9982897905615239,pyrenaeus,0.0012695954232020167,wurflenii,0.00019870934829622296,0.024724431284773307,pratorum,True,True
258,WB1_23_0134_S_1,WB1_23_0134,data/Bombus/terrain/extraction/light/images/WB1_23_0134_S_1.jpg,lapidarius,0.999432233548941,sichelii,0.0005674175943936267,wurflenii,2.9426585109084866e-07,0.03315864392204364,lapidarius,True,True
259,WB1_23_0134_S_2,WB1_23_0134,data/Bombus/terrain/extraction/light/images/WB1_23_0134_S_2.jpg,lapidarius,0.996296864794098,sichelii,0.00368785998911382,wurflenii,1.515803970756714e-05,0.033595401433596586,lapidarius,True,True
260,WB1_23_0134_S_3,WB1_23_0134,data/Bombus/terrain/extraction/light/images/WB1_23_0134_S_3.jpg,lapidarius,0.9965828423702339,sichelii,0.003397049104288,wurflenii,1.9983480649065557e-05,0.03256209477966485,lapidarius,True,True
262,WB1_23_0135_S_2,WB1_23_0135,data/Bombus/terrain/extraction/light/images/WB1_23_0135_S_2.jpg,lapidarius,0.9049375706331049,sichelii,0.09482609779078498,soroeensis,0.00018987797810231572,0.023415341898413516,lapidarius,True,True
263,WB1_23_0135_S_3,WB1_23_0135,data/Bombus/terrain/extraction/light/images/WB1_23_0135_S_3.jpg,lapidarius,0.9398797427126926,sichelii,0.059832349165391145,soroeensis,0.00017488535731284162,0.023776308335702472,lapidarius,True,True
264,WB1_23_0135_S_4,WB1_23_0135,data/Bombus/terrain/extraction/light/images/WB1_23_0135_S_4.jpg,lapidarius,0.9865184896812168,sichelii,0.013374116913047308,pyrenaeus,8.164475654801637e-05,0.024428442466428352,lapidarius,True,True
266,WB1_23_0137_S_1,WB1_23_0137,data/Bombus/terrain/extraction/light/images/WB1_23_0137_S_1.jpg,rupestris,0.9999999999647431,sichelii,1.5051797389764954e-11,wurflenii,1.0735723877454128e-11,0.053201367589877986,rupestris,True,True
267,WB1_23_0138_S_1,WB1_23_0138,data/Bombus/terrain/extraction/light/images/WB1_23_0138_S_1.jpg,pratorum,0.9999998759266998,soroeensis,4.908375000392212e-08,sylvarum,3.8986474688572586e-08,0.037404238470097474,pratorum,True,True
268,WB1_23_0139_S_1,WB1_23_0139,data/Bombus/terrain/extraction/light/images/WB1_23_0139_S_1.jpg,pratorum,0.9999981977865376,wurflenii,9.534919994427653e-07,lucorum,6.41628040044535e-07,0.025342383719983715,pratorum,True,True
269,WB1_23_0140_S_1,WB1_23_0140,data/Bombus/terrain/extraction/light/images/WB1_23_0140_S_1.jpg,pratorum,0.9999983633832628,wurflenii,1.127024689445329e-06,soroeensis,3.063576945397344e-07,0.025997065411252678,pratorum,True,True
270,WB1_23_0141_S_1,WB1_23_0141,data/Bombus/terrain/extraction/light/images/WB1_23_0141_S_1.jpg,pratorum,0.9999450738228557,lapidarius,2.7137452902120122e-05,soroeensis,1.96396185878542e-05,0.021880738271474923,pratorum,True,True
271,WB1_23_0142_S_1,WB1_23_0142,data/Bombus/terrain/extraction/light/images/WB1_23_0142_S_1.jpg,pratorum,0.9997768929832791,soroeensis,0.0001899533113842201,pyrenaeus,2.9476057085392098e-05,0.037198498756153754,pratorum,True,True
272,WB1_23_0143_S_1,WB1_23_0143,data/Bombus/terrain/extraction/light/images/WB1_23_0143_S_1.jpg,pratorum,0.9999977969852508,ruderarius,2.0065925012583186e-06,pomorum,7.388524870837534e-08,0.039460393157081206,pratorum,True,True
273,WB1_23_0144_S_1,WB1_23_0144,data/Bombus/terrain/extraction/light/images/WB1_23_0144_S_1.jpg,pratorum,0.9999973645703188,sylvarum,1.6261341206267225e-06,soroeensis,8.924836882703393e-07,0.039413427300127465,pratorum,True,True
274,WB1_23_0145_S_1,WB1_23_0145,data/Bombus/terrain/extraction/light/images/WB1_23_0145_S_1.jpg,lapidarius,0.535110364893951,sichelii,0.46334423079478154,wurflenii,0.0015438198929394811,0.041277433290636975,lapidarius,True,True
275,WB1_23_0146_S_1,WB1_23_0146,data/Bombus/terrain/extraction/light/images/WB1_23_0146_S_1.jpg,sichelii,0.5673708668378856,lapidarius,0.3985659554141894,wurflenii,0.03404837834973673,0.03097861823944345,lapidarius,False,True
276,WB1_23_0147_S_1,WB1_23_0147,data/Bombus/terrain/extraction/light/images/WB1_23_0147_S_1.jpg,pratorum,0.9993526329616692,sylvarum,0.00040579747014877614,ruderarius,0.00010208227108315758,0.03723694160083796,sp (wurflenii ou pratorum),False,False
277,WB1_23_0148_S_1,WB1_23_0148,data/Bombus/terrain/extraction/light/images/WB1_23_0148_S_1.jpg,lapidarius,0.8020080554045391,sichelii,0.12308513713710666,pyrenaeus,0.06451560778737551,0.02801428729127954,lapidarius,True,True
278,WB1_23_0149_S_1,WB1_23_0149,data/Bombus/terrain/extraction/light/images/WB1_23_0149_S_1.jpg,wurflenii,0.9385296353807326,lapidarius,0.05407549441648296,sichelii,0.007255797726666553,0.038340765511673154,lapidarius,False,True
279,WB1_23_0150_S_1,WB1_23_0150,data/Bombus/terrain/extraction/light/images/WB1_23_0150_S_1.jpg,pratorum,0.9999862917437375,wurflenii,7.730049015075816e-06,ruderarius,3.166595796170498e-06,0.03132385596420186,pratorum,True,True
280,WB1_23_0151_S_1,WB1_23_0151,data/Bombus/terrain/extraction/light/images/WB1_23_0151_S_1.jpg,pyrenaeus,0.8380051397750828,soroeensis,0.08551329853457296,monticola,0.06882031578770025,0.04872791195560782,sylvestris,False,False
281,WB1_23_0152_S_1,WB1_23_0152,data/Bombus/terrain/extraction/light/images/WB1_23_0152_S_1.jpg,sichelii,0.9773142602434695,wurflenii,0.022679891044541007,lapidarius,5.752467745027402e-06,0.04526331263218824,sichelii,True,True
282,WB1_23_0153_S_1,WB1_23_0153,data/Bombus/terrain/extraction/light/images/WB1_23_0153_S_1.jpg,pratorum,0.9886026495247926,sylvarum,0.011023067660143103,soroeensis,0.00020530150165200023,0.0295297575632067,pratorum,True,True
283,WB1_23_0154_S_1,WB1_23_0154,data/Bombus/terrain/extraction/light/images/WB1_23_0154_S_1.jpg,sichelii,0.945045188509177,lapidarius,0.03149715166053458,pomorum,0.02297338172754999,0.03715413883690237,mesomelas,False,False
