tps_id,image_id,specimen_id,image_path,predicted_species,confidence,second_choice,second_confidence,third_choice,third_confidence,procrustes_distance,true_species,correct_top1,correct_top3
37798263165318190,00864951f118742e,WB1_23_0009,data\Bombus\extraction\light\images\test\WB1_23_0009-charlotte3.jpg,rupestris,0.9999999999999998,sichelii,2.0418464692712248e-16,lapidarius,1.0292417963038409e-17,0.08185949135301203,rupestris,True,True
63127944025013652,00e04687d702fd94,WB1_23_0034,data\Bombus\extraction\light\images\test\WB1_23_0034-guilhem3.jpg,rupestris,0.9999999999996447,lapidarius,3.198565239463005e-13,sichelii,2.658415245509946e-14,0.06245070002552606,rupestris,True,True
69644595192124617,00f76d63ecf3d4c9,WB1_23_0039,data\Bombus\extraction\light\images\test\WB1_23_0039-guilhem1.jpg,ruderarius,0.8390832141553916,sylvarum,0.16040574444886269,pomorum,0.0005085464203359401,0.040061821407475724,ruderarius,True,True
124093604727907787,01b8de79dcb465cb,WB1_23_0081,data\Bombus\extraction\light\images\test\WB1_23_0081-tarek2.jpg,lapidarius,0.8973864875869486,sichelii,0.09565467344973193,pyrenaeus,0.006475535990820648,0.03667218996912258,lapidarius,True,True
190907843822131107,02a63dac27da97a3,WB1_23_0083,data\Bombus\extraction\light\images\test\WB1_23_0083-tarek3.jpg,lapidarius,0.9472303003797357,sichelii,0.051866839155430784,pyrenaeus,0.0007464020604212924,0.032200569230315404,lapidarius,True,True
232580072279250928,033a4a57ee0a17f0,WB1_23_0111,data\Bombus\extraction\light\images\test\WB1_23_0111-victor2.jpg,lapidarius,0.6945359446666762,sichelii,0.29880219686468024,wurflenii,0.004255642856343441,0.020573138406259482,lapidarius,True,True
387023065378845076,055efb6d6bc9f194,WB1_23_0095,data\Bombus\extraction\light\images\test\WB1_23_0095-basile3.jpg,lapidarius,0.7418080675636589,sichelii,0.25695552940108723,pyrenaeus,0.001102131964357757,0.02111617836350238,lapidarius,True,True
457750306083949614,065a417a65f5cc2e,WB1_23_0033,data\Bombus\extraction\light\images\test\WB1_23_0033-guilhem3.jpg,sichelii,0.9948321613668016,lapidarius,0.005162124182628191,rupestris,4.659687751915053e-06,0.050678239852967606,sichelii,True,True
473603978653692009,0692944f2fdd7069,WB1_23_0070,data\Bombus\extraction\light\images\test\WB1_23_0070-ligia2.jpg,pratorum,0.9990962241476452,sylvarum,0.0009020450111300943,pyrenaeus,1.6987974560049056e-06,0.03429333986602,pratorum,True,True
487971652355599706,06c59fa1e71dad5a,WB1_23_0036,data\Bombus\extraction\light\images\test\WB1_23_0036-guilhem1.jpg,monticola,0.5745213712470447,sichelii,0.21010768561670046,lapidarius,0.1514877526987835,0.034099596934239015,sichelii,False,True
491983393086218524,06d3e04a144ba11c,WB1_23_0082,data\Bombus\extraction\light\images\test\WB1_23_0082-tarek3.jpg,lapidarius,0.9966095392463745,sichelii,0.0033885331880876674,wurflenii,1.5333377784328466e-06,0.036125434904041305,lapidarius,True,True
525915255319874627,074c6d23674ccc43,WB1_23_0076,data\Bombus\extraction\light\images\test\WB1_23_0076-tarek2.jpg,lapidarius,0.9696455262815413,sichelii,0.024147972441856357,pyrenaeus,0.006175587273085075,0.021272874552223445,lapidarius,True,True
602770154253843411,085d7842fd81fbd3,WB1_23_0068,data\Bombus\extraction\light\images\test\WB1_23_0068-ligia2.jpg,soroeensis,0.9887865469968692,sichelii,0.008398414084125845,monticola,0.001483781422398678,0.028242175834327473,soroeensis,True,True
634066564059452707,08cca82e3ab75523,WB1_23_0077,data\Bombus\extraction\light\images\test\WB1_23_0077-tarek2.jpg,lapidarius,0.9777758917867762,pyrenaeus,0.014733533091715883,sichelii,0.007314095050575201,0.01865372551227806,lapidarius,True,True
655751140221128324,0919b2300df00e84,WB1_23_0063,data\Bombus\extraction\light\images\test\WB1_23_0063-ligia2.jpg,sichelii,0.8908882718916158,lapidarius,0.10207253449974367,wurflenii,0.004031956540279085,0.027731197546729956,lapidarius,False,True
706084669960241572,09cc84442e5441a4,WB1_23_0118,data\Bombus\extraction\light\images\test\WB1_23_0118-mehdi1.jpg,lapidarius,0.5116076417703684,sichelii,0.41669169200545714,soroeensis,0.06752557271489706,0.02157518348124242,lapidarius,True,True
809377674155020220,0b3b7cb4d5244fbc,WB1_23_0117,data\Bombus\extraction\light\images\test\WB1_23_0117-mehdi3.jpg,pratorum,0.9930271640335591,soroeensis,0.0057176440777110885,sylvarum,0.0008375154200810496,0.026832600719504312,pratorum,True,True
886588203233011560,0c4dcb4603c16768,WB1_23_0096,data\Bombus\extraction\light\images\test\WB1_23_0096-basile3.jpg,lapidarius,0.5274211580510478,sichelii,0.36633323944323015,pyrenaeus,0.04986007846990622,0.03266734239166447,lapidarius,True,True
913678571075117376,0cae09d1cbd1a140,WB1_23_0098,data\Bombus\extraction\light\images\test\WB1_23_0098-basile3.jpg,pratorum,0.9934806951362761,pyrenaeus,0.0034913585881854855,monticola,0.002119813468649341,0.022582214015716584,pratorum,True,True
956836808145338691,0d475e01e9858143,WB1_23_0040,data\Bombus\extraction\light\images\test\WB1_23_0040-guilhem3.jpg,pyrenaeus,0.951905124506753,pratorum,0.026491068338313592,sichelii,0.008106524882791007,0.023195182362692312,pyrenaeus,True,True
1081127507743857005,0f00efbd7ff9d96d,WB1_23_0123,data\Bombus\extraction\light\images\test\WB1_23_0123-mehdi2.jpg,pratorum,0.9876220770166744,pyrenaeus,0.00845054579060298,monticola,0.003588291706958181,0.04315363633037706,pratorum,True,True
1176262200439227632,1052ec3d3be644f0,WB1_23_0093,data\Bombus\extraction\light\images\test\WB1_23_0093-basile2.jpg,lapidarius,0.9828227015280762,sichelii,0.007577317089947552,wurflenii,0.0061167487949006115,0.03244789781618372,lapidarius,True,True
1204910054822803653,10b8b34f9c0278c5,WB1_23_0131,data\Bombus\extraction\light\images\test\WB1_23_0131-tonie2.jpg,pratorum,0.9999789630312119,sichelii,1.1553301105506374e-05,lapidarius,9.347027917977473e-06,0.03865530798555405,pratorum,True,True
1310097715237590330,122e66ee49c9953a,WB1_23_0134,data\Bombus\extraction\light\images\test\WB1_23_0134-tonie3.jpg,lapidarius,0.99995315651833,sichelii,4.411649462801656e-05,soroeensis,2.2659514089333514e-06,0.032641232643056454,lapidarius,True,True
1407211140575260218,13876b139df5ee3a,WB1_23_0132,data\Bombus\extraction\light\images\test\WB1_23_0132-tonie2.jpg,pratorum,0.6640124885304615,lapidarius,0.24783333210880987,sichelii,0.08116015866497277,0.027766094908850358,lapidarius,False,True
1501951809428013787,14d8013686b642db,WB1_23_0070,data\Bombus\extraction\light\images\test\WB1_23_0070-ligia1.jpg,pratorum,0.9913012301204844,sylvarum,0.008689906079864734,pyrenaeus,5.583812287789976e-06,0.03305001909558308,pratorum,True,True
1810195549708674343,191f1b42fa60e527,WB1_23_0038,data\Bombus\extraction\light\images\test\WB1_23_0038-guilhem1.jpg,wurflenii,0.9999999999963487,sichelii,1.384423433109947e-12,ruderarius,1.1351086048477766e-12,0.04235739629808915,wurflenii,True,True
1813542518161906136,192aff4fcc1b99d8,WB1_23_0087,data\Bombus\extraction\light\images\test\WB1_23_0087-tarek3.jpg,pomorum,0.9911021798804889,ruderarius,0.006023663960124522,sylvarum,0.0027612773290844627,0.02839266902258505,sylvarum,False,True
1911697506856808723,1a87b6c0fe333113,WB1_23_0040,data\Bombus\extraction\light\images\test\WB1_23_0040-guilhem1.jpg,pyrenaeus,0.9812215840599448,monticola,0.010349259170886848,sichelii,0.004491711441078639,0.021879452753895665,pyrenaeus,True,True
1913561077877181168,1a8e55a96ee20af0,WB1_23_0008,data\Bombus\extraction\light\images\test\WB1_23_0008-charlotte1.jpg,soroeensis,0.7530178189089594,pyrenaeus,0.14871015578140348,pratorum,0.09813013008142488,0.024093731565989845,soroeensis,True,True
1971784784957816722,1b5d2fd0a0ee3f92,WB1_23_0110,data\Bombus\extraction\light\images\test\WB1_23_0110-victor2.jpg,sylvarum,0.9416814719826827,ruderarius,0.0583166554768817,pomorum,1.8707624173827014e-06,0.03504101185660128,sylvarum,True,True
2106514924536245935,1d3bd829bf0aaeaf,WB1_23_0076,data\Bombus\extraction\light\images\test\WB1_23_0076-tarek1.jpg,lapidarius,0.9548416746751284,sichelii,0.04097246276991231,pyrenaeus,0.00417367954059998,0.023473993996941032,lapidarius,True,True
2181781620070296786,1e473ed2e9c42cd2,WB1_23_0125,data\Bombus\extraction\light\images\test\WB1_23_0125-mehdi2.jpg,confusus,1.0,monticola,9.444058028532905e-19,soroeensis,1.0504588532609736e-21,0.062435539365184235,confusus,True,True
2216494544559654034,1ec2920b7711c492,WB1_23_0001,data\Bombus\extraction\light\images\test\WB1_23_0001-charlotte1.jpg,pratorum,0.9986086594007619,soroeensis,0.0013845027302097496,pyrenaeus,5.939262731468142e-06,0.05529129876366301,soroeensis,False,True
2229517205840136096,1ef0d61612b907a0,WB1_23_0036,data\Bombus\extraction\light\images\test\WB1_23_0036-guilhem2.jpg,pyrenaeus,0.6968469210321955,wurflenii,0.1367277179991139,monticola,0.09117506946355336,0.03424610429186817,sichelii,False,False
2254750728994807369,1f4a7bd782c9de49,WB1_23_0033,data\Bombus\extraction\light\images\test\WB1_23_0033-guilhem2.jpg,sichelii,0.7469690096333428,lapidarius,0.2524526652440281,pyrenaeus,0.0004402532620155339,0.04098516186989369,sichelii,True,True
2392423293011054682,2133984f344b505a,WB1_23_0023,data\Bombus\extraction\light\images\test\WB1_23_0023-yvan1.jpg,pyrenaeus,0.9948148289612609,monticola,0.0038590929847078905,soroeensis,0.0012923407127932924,0.029947608464675722,pyrenaeus,True,True
2744502267450145946,26166e45709ebc9a,WB1_23_0034,data\Bombus\extraction\light\images\test\WB1_23_0034-guilhem1.jpg,rupestris,0.9999999999998503,lapidarius,1.2727578473888071e-13,sichelii,2.1656386590642753e-14,0.06390376790338438,rupestris,True,True
2745104018102246502,2618918f6e7b5c66,WB1_23_0021,data\Bombus\extraction\light\images\test\WB1_23_0021-yvan3.jpg,ruderarius,0.9996651712631349,sylvarum,0.00017303030307071502,pomorum,0.00011592065083435257,0.030078772546760835,ruderarius,True,True
2773967129637182902,267f1c6844a25db6,WB1_23_0038,data\Bombus\extraction\light\images\test\WB1_23_0038-guilhem3.jpg,wurflenii,0.9999999994326934,sichelii,3.9276810771064576e-10,lapidarius,9.740548408425901e-11,0.04275284752921415,wurflenii,True,True
2887753082637152718,28135c20f1a071ce,WB1_23_0001,data\Bombus\extraction\light\images\test\WB1_23_0001-charlotte2.jpg,pyrenaeus,0.6123100788383082,monticola,0.2976421933748278,soroeensis,0.08176127642769639,0.02914011312290723,soroeensis,False,True
2936029429091973471,28bedf35c31eb95f,WB1_23_0010,data\Bombus\extraction\light\images\test\WB1_23_0010-charlotte3.jpg,ruderarius,0.9997363975044664,sylvarum,0.000253284756667007,wurflenii,9.105014101427525e-06,0.05439677276025097,ruderarius,True,True
3012066928616977217,29cd02e9b7eab341,WB1_23_0091,data\Bombus\extraction\light\images\test\WB1_23_0091-basile1.jpg,sylvarum,0.9682510393302136,ruderarius,0.03174894545603318,pratorum,9.260887422188149e-09,0.03687248238056187,sylvarum,True,True
3211522784427339514,2c919ef501dd6efa,WB1_23_0080,data\Bombus\extraction\light\images\test\WB1_23_0080-tarek2.jpg,lapidarius,0.9499858971689696,soroeensis,0.03820117340785483,pyrenaeus,0.004246277179967828,0.034440884952162805,lapidarius,True,True
3287454046821356133,2d9f6209b4351265,WB1_23_0096,data\Bombus\extraction\light\images\test\WB1_23_0096-basile1.jpg,sichelii,0.486690872712786,lapidarius,0.46582186059267433,pyrenaeus,0.04074283845690689,0.03170241497896291,lapidarius,False,True
3353743090661719896,2e8ae39272cfff58,WB1_23_0121,data\Bombus\extraction\light\images\test\WB1_23_0121-mehdi2.jpg,sylvarum,0.994900896802765,pratorum,0.004112663188304307,soroeensis,0.0008649635826302336,0.02456132814087792,sylvarum,True,True
3369934533547912700,2ec4699a8471edfc,WB1_23_0124,data\Bombus\extraction\light\images\test\WB1_23_0124-mehdi3.jpg,pratorum,0.620040817897498,soroeensis,0.3797713605851842,pyrenaeus,0.00018322815232090149,0.03916915150234229,pratorum,True,True
3382124855889163910,2eefb8a31d4af686,WB1_23_0006,data\Bombus\extraction\light\images\test\WB1_23_0006-charlotte1.jpg,sichelii,0.6525718788190835,wurflenii,0.268311739776437,lapidarius,0.07643061908212614,0.037419734474462486,sichelii,True,True
3494713779158717113,307fb7aa966b12b9,WB1_23_0125,data\Bombus\extraction\light\images\test\WB1_23_0125-mehdi3.jpg,confusus,1.0,monticola,2.1099380816898081e-19,soroeensis,4.0119013395340014e-21,0.06403052630123157,confusus,True,True
3722821809709550434,33aa1eb629d08b62,WB1_23_0069,data\Bombus\extraction\light\images\test\WB1_23_0069-ligia1.jpg,pratorum,0.9935230440247358,soroeensis,0.006324910953129266,pyrenaeus,0.0001434065443248203,0.037256540735277455,pratorum,True,True
3726990103655516311,33b8edc0b9c88897,WB1_23_0113,data\Bombus\extraction\light\images\test\WB1_23_0113-victor2.jpg,lapidarius,0.9996001793635545,sichelii,0.0003896096282063541,soroeensis,6.997090449150524e-06,0.028798071275974637,lapidarius,True,True
3761000958302016189,3431c271e77ed2bd,WB1_23_0084,data\Bombus\extraction\light\images\test\WB1_23_0084-tarek1.jpg,lapidarius,0.8194353844244557,sichelii,0.1784453267016085,soroeensis,0.0009374000655052083,0.023405527172208118,lapidarius,True,True
3812735394934329059,34e98ea4159e8ee3,WB1_23_0091,data\Bombus\extraction\light\images\test\WB1_23_0091-basile2.jpg,sylvarum,0.9198041988954984,ruderarius,0.08019565557822636,pratorum,9.57607972302501e-08,0.03215245679388979,sylvarum,True,True
3865746000770388757,35a5e3818fce5315,WB1_23_0127,data\Bombus\extraction\light\images\test\WB1_23_0127-tonie3.jpg,lapidarius,0.9139021035628966,pyrenaeus,0.04715979499874755,pratorum,0.0213965032485659,0.02527173486498111,lapidarius,True,True
3930910008057182000,368d65d35246b730,WB1_23_0129,data\Bombus\extraction\light\images\test\WB1_23_0129-tonie2.jpg,ruderarius,0.9989854328365501,sylvarum,0.0010005859197676256,pomorum,7.957603836474508e-06,0.02840631297110645,sylvarum,False,True
4015202708073299386,37b8dd96ebe53dba,WB1_23_0119,data\Bombus\extraction\light\images\test\WB1_23_0119-mehdi2.jpg,pratorum,0.9999353489929863,pyrenaeus,5.7912407831624765e-05,soroeensis,5.825519437317069e-06,0.03102665490797598,pratorum,True,True
4015544504353799704,37ba147391c7be18,WB1_23_0086,data\Bombus\extraction\light\images\test\WB1_23_0086-tarek3.jpg,sylvarum,0.994955816416705,ruderarius,0.005028818028466869,pomorum,1.4746246819125014e-05,0.024284948484716386,sylvarum,True,True
4018417183580232085,37c4492352a01995,WB1_23_0110,data\Bombus\extraction\light\images\test\WB1_23_0110-victor1.jpg,sylvarum,0.9894839590750303,ruderarius,0.010513422388410638,pomorum,2.6065079347669326e-06,0.036571310297216914,sylvarum,True,True
4180565669769888018,3a045a53bad3c112,WB1_23_0077,data\Bombus\extraction\light\images\test\WB1_23_0077-tarek3.jpg,lapidarius,0.9891449205943664,sichelii,0.01048794879133485,pyrenaeus,0.00034749626248659,0.020999419949583955,lapidarius,True,True
4284418318388668312,3b754fc2c0bba798,WB1_23_0032,data\Bombus\extraction\light\images\test\WB1_23_0032-guilhem2.jpg,wurflenii,0.999890975949831,pratorum,8.38927507137479e-05,ruderarius,2.005854232033387e-05,0.039072943039093984,wurflenii,True,True
4507119206111541594,3e8c8109c89e795a,WB1_23_0069,data\Bombus\extraction\light\images\test\WB1_23_0069-ligia3.jpg,pratorum,0.9997264478080716,soroeensis,0.0002579341937606941,pyrenaeus,6.340218842926206e-06,0.03583591357194729,pratorum,True,True
4615818592825244876,400eae8df4fdfccc,WB1_23_0037,data\Bombus\extraction\light\images\test\WB1_23_0037-guilhem3.jpg,rupestris,0.9999999999591322,wurflenii,3.9104240539606695e-11,lapidarius,1.3678191677716098e-12,0.06635456989203863,rupestris,True,True
4757620031724985001,420676363f401aa9,WB1_23_0078,data\Bombus\extraction\light\images\test\WB1_23_0078-tarek1.jpg,lapidarius,0.9437417315295528,sichelii,0.054111455207290174,wurflenii,0.0021348277015355668,0.031815927804454025,lapidarius,True,True
4881236487711472388,43bda2b942b7bb04,WB1_23_0069,data\Bombus\extraction\light\images\test\WB1_23_0069-ligia2.jpg,pratorum,0.9968819022163158,soroeensis,0.0030384817244668294,pyrenaeus,6.505590339376657e-05,0.03859546343318499,pratorum,True,True
5043075447518648716,45fc9a6670d7d98c,WB1_23_0130,data\Bombus\extraction\light\images\test\WB1_23_0130-tonie3.jpg,sylvarum,0.9850119198344286,ruderarius,0.014986315276803526,pratorum,1.0464254220863865e-06,0.04040871637482302,sylvarum,True,True
5087860042401587118,469bb5c07e401fae,WB1_23_0067,data\Bombus\extraction\light\images\test\WB1_23_0067-ligia3.jpg,pratorum,0.9952814238167903,wurflenii,0.004475442088526966,soroeensis,0.00010121346744905003,0.029920434365126976,pratorum,True,True
5103306342396225954,46d29614768669a2,WB1_23_0081,data\Bombus\extraction\light\images\test\WB1_23_0081-tarek3.jpg,lapidarius,0.8497020883526071,sichelii,0.1454899284029028,pyrenaeus,0.004554725255489727,0.0364806449404258,lapidarius,True,True
5239157308854049371,48b539d06ca31a5b,WB1_23_0126,data\Bombus\extraction\light\images\test\WB1_23_0126-tonie2.jpg,rupestris,0.9999210143340524,wurflenii,7.419598953201743e-05,ruderarius,4.5136111793927195e-06,0.03979427019537152,rupestris,True,True
5247784665809771063,48d3e0597f555a37,WB1_23_0094,data\Bombus\extraction\light\images\test\WB1_23_0094-basile2.jpg,lapidarius,0.5702343382758311,sichelii,0.428942818831998,soroeensis,0.000654188738178492,0.01845295377963804,lapidarius,True,True
5672787775247879875,4eb9ca6d05d40ec3,WB1_23_0032,data\Bombus\extraction\light\images\test\WB1_23_0032-guilhem3.jpg,wurflenii,0.9999999298961157,sichelii,6.996194261435913e-08,pratorum,1.0086658528966404e-10,0.0432863035010184,wurflenii,True,True
5805626369594653610,5091ba6c72547baa,WB1_23_0035,data\Bombus\extraction\light\images\test\WB1_23_0035-guilhem2.jpg,pyrenaeus,0.6930390473177713,monticola,0.3032216846284848,sichelii,0.0022750637314411072,0.03762768614598523,monticola,False,True
6121933489023625685,54f57a12a7d229d5,WB1_23_0085,data\Bombus\extraction\light\images\test\WB1_23_0085-tarek3.jpg,pyrenaeus,0.6490007391055725,lapidarius,0.29192349711307797,pratorum,0.03570179882300558,0.020608422439647753,lapidarius,False,True
6170699849751298265,55a2bad1cffb80d9,WB1_23_0091,data\Bombus\extraction\light\images\test\WB1_23_0091-basile3.jpg,sylvarum,0.9852134660362929,ruderarius,0.014782176410603302,pratorum,4.270895454973564e-06,0.0324480395936778,sylvarum,True,True
6177015016297499809,55b92a6e1aaa8ca1,WB1_23_0097,data\Bombus\extraction\light\images\test\WB1_23_0097-basile3.jpg,sichelii,0.8231432253329091,lapidarius,0.17670095153355395,wurflenii,7.034618530593128e-05,0.02648209175286276,lapidarius,False,True
6347106581204153274,581573cea437b3ba,WB1_23_0099,data\Bombus\extraction\light\images\test\WB1_23_0099-basile2.jpg,lapidarius,0.799392444664777,sichelii,0.18972907058361416,pratorum,0.010513897128475428,0.040567718995221796,lapidarius,True,True
6358911083090672194,583f63f069e9fa42,WB1_23_0092,data\Bombus\extraction\light\images\test\WB1_23_0092-basile1.jpg,lapidarius,0.9987609389599115,sichelii,0.0006988098157946714,soroeensis,0.0003576947323019297,0.024574990545990567,lapidarius,True,True
6360123777191660844,5843b2e0c3064d2c,WB1_23_0063,data\Bombus\extraction\light\images\test\WB1_23_0063-ligia1.jpg,sichelii,0.6728567138903339,lapidarius,0.2941601253105116,pratorum,0.018564887424180505,0.03261872500979647,lapidarius,False,True
6376682629643696846,587e87110950face,WB1_23_0031,data\Bombus\extraction\light\images\test\WB1_23_0031-guilhem1.jpg,wurflenii,0.9950016140648114,pratorum,0.004951301067836678,sichelii,2.3648627310693823e-05,0.03444509979373184,soroeensis,False,False
6737916465732408784,5d81e3539a3c55d0,WB1_23_0083,data\Bombus\extraction\light\images\test\WB1_23_0083-tarek1.jpg,lapidarius,0.9509921687828762,sichelii,0.046823535773390185,pyrenaeus,0.0018844316417773105,0.035003006786126514,lapidarius,True,True
6778778253155753981,5e130ee7de7ddffd,WB1_23_0024,data\Bombus\extraction\light\images\test\WB1_23_0024-yvan2.jpg,soroeensis,0.9489174881788649,monticola,0.05076026779650873,pyrenaeus,0.0002978751752905973,0.03330514686685684,soroeensis,True,True
6813784133267285439,5e8f6c917796e5bf,WB1_23_0077,data\Bombus\extraction\light\images\test\WB1_23_0077-tarek1.jpg,lapidarius,0.9823698610013166,sichelii,0.015186552395031104,pyrenaeus,0.002303132754480849,0.01828522323981217,lapidarius,True,True
6824730124508906584,5eb64fe3a742c458,WB1_23_0066,data\Bombus\extraction\light\images\test\WB1_23_0066-ligia3.jpg,wurflenii,0.9941292653532269,sichelii,0.0023178096673014863,pratorum,0.0022593652456435686,0.030490281287551855,lapidarius,False,False
6951084902742476464,607736e3ff8bc6b0,WB1_23_0125,data\Bombus\extraction\light\images\test\WB1_23_0125-mehdi1.jpg,confusus,1.0,monticola,1.87961634468535e-21,sichelii,5.553768736628997e-23,0.0607497891162634,confusus,True,True
7057787750136561515,61f24c90a2fe3f6b,WB1_23_0113,data\Bombus\extraction\light\images\test\WB1_23_0113-victor1.jpg,lapidarius,0.9918910194830675,sichelii,0.008090165909129098,soroeensis,1.4272547639331166e-05,0.02882347247987458,lapidarius,True,True
7133130860873163966,62fdf8b99ab8a4be,WB1_23_0117,data\Bombus\extraction\light\images\test\WB1_23_0117-mehdi1.jpg,pratorum,0.970259190395856,soroeensis,0.028854338498517148,sylvarum,0.0005969080711655824,0.028284261424586125,pratorum,True,True
7267617500829011047,64dbc39c8c534c67,WB1_23_0132,data\Bombus\extraction\light\images\test\WB1_23_0132-tonie1.jpg,lapidarius,0.7660770995746891,pratorum,0.08928144480976923,wurflenii,0.06109735655643416,0.024619566072835934,lapidarius,True,True
7396622670923775773,66a6152156033f1d,WB1_23_0064,data\Bombus\extraction\light\images\test\WB1_23_0064-ligia1.jpg,pratorum,0.9996301117816297,pyrenaeus,0.0003612150787769462,soroeensis,5.378318310797712e-06,0.026750448960150892,pratorum,True,True
7594188642167087477,6963fa5595ace175,WB1_23_0129,data\Bombus\extraction\light\images\test\WB1_23_0129-tonie1.jpg,ruderarius,0.9599331837528429,sylvarum,0.04004155847147066,pomorum,1.8740411545962728e-05,0.028417004608451313,sylvarum,False,True
7711179172962023571,6b039c9a2bcab893,WB1_23_0123,data\Bombus\extraction\light\images\test\WB1_23_0123-mehdi3.jpg,pratorum,0.9945137400594252,monticola,0.004299206384677319,soroeensis,0.0007163907862819546,0.04186859841586769,pratorum,True,True
7833242060511117687,6cb54426d86a0177,WB1_23_0032,data\Bombus\extraction\light\images\test\WB1_23_0032-guilhem1.jpg,wurflenii,0.9999999654245298,sichelii,2.9026398296088704e-08,pratorum,3.3099029886726073e-09,0.04348536437449598,wurflenii,True,True
7844372089928770731,6cdccedac23164ab,WB1_23_0131,data\Bombus\extraction\light\images\test\WB1_23_0131-tonie1.jpg,pratorum,0.9999471154720271,lapidarius,3.6547965495059635e-05,sichelii,1.3395935976639851e-05,0.04138210072384995,pratorum,True,True
7868223782890856504,6d318bd7c87d6038,WB1_23_0098,data\Bombus\extraction\light\images\test\WB1_23_0098-basile1.jpg,pratorum,0.9841192182317501,pyrenaeus,0.012761026916972371,monticola,0.0030206360071421256,0.01982276504308981,pratorum,True,True
8109203000891709286,7089ad2a37ae9766,WB1_23_0124,data\Bombus\extraction\light\images\test\WB1_23_0124-mehdi2.jpg,pratorum,0.8363757507745502,soroeensis,0.16362216558546858,pyrenaeus,2.0150457624008473e-06,0.03815889078023432,pratorum,True,True
8113013495547621037,709736ca2410eead,WB1_23_0026,data\Bombus\extraction\light\images\test\WB1_23_0026-yvan1.jpg,wurflenii,0.9720044051267086,sichelii,0.02783285496388958,lapidarius,0.0001468382534110162,0.02923404196775002,wurflenii,True,True
8184367870253448132,7194b7372193bbc4,WB1_23_0022,data\Bombus\extraction\light\images\test\WB1_23_0022-yvan2.jpg,ruderarius,0.9841268654284955,pratorum,0.007172221901386154,soroeensis,0.005826746189930731,0.03308331147735237,ruderarius,True,True
8197168788564109139,71c231952e486753,WB1_23_0083,data\Bombus\extraction\light\images\test\WB1_23_0083-tarek2.jpg,lapidarius,0.6011134234354574,sichelii,0.3986191996245814,pyrenaeus,0.0002603216969006867,0.0342907690911342,lapidarius,True,True
8335848150480410032,73aee1ba46fb55b0,WB1_23_0035,data\Bombus\extraction\light\images\test\WB1_23_0035-guilhem3.jpg,monticola,0.7224282265758226,pyrenaeus,0.26157691750453704,soroeensis,0.014988454151442447,0.04184133338250931,monticola,True,True
8353485163445848184,73ed8a7f5baf8878,WB1_23_0085,data\Bombus\extraction\light\images\test\WB1_23_0085-tarek2.jpg,lapidarius,0.6987365443790163,pyrenaeus,0.13001904243485635,pratorum,0.12237540280458217,0.020640819945457613,lapidarius,True,True
8788411704515602496,79f6b5e1db89a840,WB1_23_0025,data\Bombus\extraction\light\images\test\WB1_23_0025-yvan1.jpg,soroeensis,0.9939282361575966,pratorum,0.005654672535924844,sichelii,0.00020319447808146804,0.03007838138840018,soroeensis,True,True
8840722828850421600,7ab08e929b50df60,WB1_23_0019,data\Bombus\extraction\light\images\test\WB1_23_0019-yvan2.jpg,sichelii,0.9421714154041578,soroeensis,0.04912357899241292,lapidarius,0.005209492447693064,0.03899025035815329,sichelii,True,True
9002001242082855550,7ced886f5df94a7e,WB1_23_0020,data\Bombus\extraction\light\images\test\WB1_23_0020-yvan3.jpg,ruderarius,0.9313555300081434,sylvarum,0.05951067882167326,pratorum,0.0046378238633409535,0.030883431494816857,ruderarius,True,True
9403130662109316607,827ea1846b9c05ff,WB1_23_0062,data\Bombus\extraction\light\images\test\WB1_23_0062-ligia2.jpg,sichelii,0.4407667321249105,wurflenii,0.3712525735821579,lapidarius,0.1318547533953751,0.01967857477309516,lapidarius,False,True
9424671711473510787,82cb28fccf0d2983,WB1_23_0127,data\Bombus\extraction\light\images\test\WB1_23_0127-tonie2.jpg,lapidarius,0.9918966475796426,pratorum,0.006385048081891361,pyrenaeus,0.0010405222418053098,0.025925048820913937,lapidarius,True,True
9522528040495851978,8426d0cce173a9ca,WB1_23_0063,data\Bombus\extraction\light\images\test\WB1_23_0063-ligia3.jpg,sichelii,0.7427460337245009,lapidarius,0.24408978414844176,pratorum,0.005121352308159337,0.030283612115130986,lapidarius,False,True
9632018836790058352,85abce1974be1d70,WB1_23_0039,data\Bombus\extraction\light\images\test\WB1_23_0039-guilhem2.jpg,ruderarius,0.9383905928215373,sylvarum,0.061523475044646274,pomorum,8.592985061889498e-05,0.05044966858851446,ruderarius,True,True
9647041855590598540,85e12d7497cd878c,WB1_23_0023,data\Bombus\extraction\light\images\test\WB1_23_0023-yvan2.jpg,pyrenaeus,0.9519796931050887,monticola,0.04796378827142135,sichelii,4.696645025549786e-05,0.03407808089128157,pyrenaeus,True,True
9657417034056225970,860609a012ba54b2,WB1_23_0004,data\Bombus\extraction\light\images\test\WB1_23_0004-charlotte2.jpg,pyrenaeus,0.6606950324983479,sichelii,0.2317835982396044,monticola,0.1019968619842025,0.028342447710960412,pyrenaeus,True,True
9674395770257979409,86425bb226c4b811,WB1_23_0062,data\Bombus\extraction\light\images\test\WB1_23_0062-ligia3.jpg,sichelii,0.5488498754212128,lapidarius,0.3384903134276562,wurflenii,0.10506034135466874,0.023363402210036417,lapidarius,False,True
9704729620220424486,86ae202bf6733126,WB1_23_0123,data\Bombus\extraction\light\images\test\WB1_23_0123-mehdi1.jpg,pratorum,0.9699633057429412,monticola,0.027318453526758775,pyrenaeus,0.002107231146631292,0.04211709670833837,pratorum,True,True
9733541451360996475,87147c6126e98c7b,WB1_23_0031,data\Bombus\extraction\light\images\test\WB1_23_0031-guilhem2.jpg,wurflenii,0.9995433380663475,pratorum,0.0003099096463789595,ruderarius,7.737748299796129e-05,0.03537838894478487,soroeensis,False,False
9741464931959798585,8730a2be3d637b39,WB1_23_0080,data\Bombus\extraction\light\images\test\WB1_23_0080-tarek1.jpg,lapidarius,0.8551048433972901,pyrenaeus,0.06713777010696152,monticola,0.05474392585685904,0.03618956093204065,lapidarius,True,True
9795372205510526671,87f0271f703086cf,WB1_23_0025,data\Bombus\extraction\light\images\test\WB1_23_0025-yvan3.jpg,soroeensis,0.9961651206335292,pyrenaeus,0.0015945213699291277,monticola,0.0013742018523302958,0.027328664760632136,soroeensis,True,True
9865951204741904981,88eae65941fa7a55,WB1_23_0065,data\Bombus\extraction\light\images\test\WB1_23_0065-ligia2.jpg,wurflenii,0.8283456939966335,lapidarius,0.15270683068906005,sichelii,0.017826563178896103,0.03201867327374337,lapidarius,False,True
9881141393477998229,8920ddbeadaa1695,WB1_23_0133,data\Bombus\extraction\light\images\test\WB1_23_0133-tonie1.jpg,wurflenii,0.8656913084569215,pratorum,0.13382706298485078,sichelii,0.00028442346489068255,0.024926430386539213,pratorum,False,True
9907740502242867130,897f5d7e4aefb7ba,WB1_23_0094,data\Bombus\extraction\light\images\test\WB1_23_0094-basile1.jpg,lapidarius,0.9599940456893634,sichelii,0.039874209499260876,pyrenaeus,7.895085337610438e-05,0.01961298790135164,lapidarius,True,True
9969968694806794007,8a5c71b46bb94f17,WB1_23_0135,data\Bombus\extraction\light\images\test\WB1_23_0135-tonie3.jpg,lapidarius,0.9646789583214902,sichelii,0.02486942555065065,soroeensis,0.008887421093354143,0.024382292714945995,lapidarius,True,True
10011377245732735670,8aef8e8ffc540ab6,WB1_23_0118,data\Bombus\extraction\light\images\test\WB1_23_0118-mehdi2.jpg,sichelii,0.9420848904692768,lapidarius,0.05770203828553742,soroeensis,0.0001221057020273351,0.023117636433825993,lapidarius,False,True
10188983021585950943,8d668a13181de8df,WB1_23_0086,data\Bombus\extraction\light\images\test\WB1_23_0086-tarek2.jpg,sylvarum,0.9998340318366707,ruderarius,0.0001650663734217708,pomorum,8.636615516122364e-07,0.029817366587298978,sylvarum,True,True
10223540028368220292,8de14f7d39dff084,WB1_23_0129,data\Bombus\extraction\light\images\test\WB1_23_0129-tonie3.jpg,ruderarius,0.9926997738274147,sylvarum,0.007288836562428759,pomorum,8.318554916566071e-06,0.0294593725437819,sylvarum,False,True
10223832798055446947,8de259c2fb1539a3,WB1_23_0097,data\Bombus\extraction\light\images\test\WB1_23_0097-basile2.jpg,sichelii,0.9275108779583653,lapidarius,0.07206612869559369,pyrenaeus,0.00026952236901211916,0.026366372714176373,lapidarius,False,True
10224743914206033292,8de5966abd96758c,WB1_23_0093,data\Bombus\extraction\light\images\test\WB1_23_0093-basile3.jpg,lapidarius,0.9313305057515012,sichelii,0.046428177978590585,wurflenii,0.013559117310960687,0.03092893393410351,lapidarius,True,True
10344814479514018686,8f9029f5bec0237e,WB1_23_0022,data\Bombus\extraction\light\images\test\WB1_23_0022-yvan1.jpg,ruderarius,0.9979068752821908,sylvarum,0.0020930600078407223,wurflenii,3.514399811887317e-08,0.03668571459550085,ruderarius,True,True
10388202611711313478,902a4f3c7dd68646,WB1_23_0092,data\Bombus\extraction\light\images\test\WB1_23_0092-basile3.jpg,lapidarius,0.964144707658172,sichelii,0.034825175443566996,pyrenaeus,0.0010065798005639906,0.024707393198607742,lapidarius,True,True
10423530112443321392,90a7d16939c58c30,WB1_23_0084,data\Bombus\extraction\light\images\test\WB1_23_0084-tarek2.jpg,lapidarius,0.8896214038613289,sichelii,0.06227239056368864,soroeensis,0.04603412856084136,0.020866876283001767,lapidarius,True,True
10433245768118482764,90ca55bf970cb74c,WB1_23_0066,data\Bombus\extraction\light\images\test\WB1_23_0066-ligia1.jpg,wurflenii,0.9949036588969159,pratorum,0.001794027931385084,sichelii,0.0013191509649992052,0.028133745752455988,lapidarius,False,False
10532178727196278291,9229d0c02175be13,WB1_23_0112,data\Bombus\extraction\light\images\test\WB1_23_0112-victor2.jpg,lapidarius,0.9951755918621179,sichelii,0.004649661733428793,pyrenaeus,0.00013309542534701758,0.025068996130026437,lapidarius,True,True
10616764235782064865,935652d289dc8ae1,WB1_23_0019,data\Bombus\extraction\light\images\test\WB1_23_0019-yvan1.jpg,sichelii,0.7859206212059745,wurflenii,0.19999874877554039,soroeensis,0.010110140035246367,0.03618519378001739,sichelii,True,True
10742665253479624325,95159d218695ae85,WB1_23_0130,data\Bombus\extraction\light\images\test\WB1_23_0130-tonie1.jpg,sylvarum,0.9733898587052179,ruderarius,0.026548578217166698,pratorum,5.727154582246306e-05,0.038135951741523254,sylvarum,True,True
10809321852650528378,96026cf46a1a1e7a,WB1_23_0002,data\Bombus\extraction\light\images\test\WB1_23_0002-charlotte1.jpg,ruderarius,0.9999119844999994,sylvarum,8.800209467399746e-05,pomorum,1.0829407938929841e-08,0.03566827502947928,ruderarius,True,True
10861071032652913865,96ba468f4d8fdcc9,WB1_23_0002,data\Bombus\extraction\light\images\test\WB1_23_0002-charlotte2.jpg,ruderarius,0.9998755631089783,sylvarum,0.00012441464365704378,wurflenii,1.8386046641121387e-08,0.045303992377154746,ruderarius,True,True
10892937511858615126,972b7cf42adc3356,WB1_23_0082,data\Bombus\extraction\light\images\test\WB1_23_0082-tarek1.jpg,lapidarius,0.9977692801479872,sichelii,0.0022228391550827738,wurflenii,7.781732128168106e-06,0.038348162926615546,lapidarius,True,True
10920679933726231132,978e0c8a1b7d0a5c,WB1_23_0127,data\Bombus\extraction\light\images\test\WB1_23_0127-tonie1.jpg,lapidarius,0.9985213762409124,pratorum,0.0005691557055895977,sichelii,0.0005526158447970589,0.026581574034485664,lapidarius,True,True
11082119433682770607,99cb98e8cb1d5aaf,WB1_23_0133,data\Bombus\extraction\light\images\test\WB1_23_0133-tonie3.jpg,pratorum,0.9865327423620406,wurflenii,0.012790061404798565,ruderarius,0.000558791288992167,0.026868704930605915,pratorum,True,True
11100000187532145426,9a0b1f5c389f7312,WB1_23_0024,data\Bombus\extraction\light\images\test\WB1_23_0024-yvan1.jpg,soroeensis,0.9994643019868136,pyrenaeus,0.000530601579364511,pratorum,3.5682621909574294e-06,0.03179588171630966,soroeensis,True,True
11282753297723245282,9c9464587f2942e2,WB1_23_0070,data\Bombus\extraction\light\images\test\WB1_23_0070-ligia3.jpg,pratorum,0.9896724910645722,sylvarum,0.010217085242344475,pyrenaeus,0.00010952394982390758,0.032266219070346075,pratorum,True,True
11336816390934596543,9d547671497b8bbf,WB1_23_0024,data\Bombus\extraction\light\images\test\WB1_23_0024-yvan3.jpg,soroeensis,0.9996410650819363,monticola,0.00023434453908486861,pyrenaeus,0.00012120034643330479,0.03481834993174075,soroeensis,True,True
11489454753595997388,9f72be3983033ccc,WB1_23_0078,data\Bombus\extraction\light\images\test\WB1_23_0078-tarek3.jpg,lapidarius,0.9421168116424211,wurflenii,0.04689456815376755,sichelii,0.010987287127802736,0.03252137648136848,lapidarius,True,True
11690403489157006282,a23ca808f430c3ca,WB1_23_0068,data\Bombus\extraction\light\images\test\WB1_23_0068-ligia1.jpg,soroeensis,0.9990360333028205,monticola,0.00042033875748140087,pratorum,0.00039605781939863744,0.03191727072370853,soroeensis,True,True
11720474237041795025,a2a77d3889fe5fd1,WB1_23_0033,data\Bombus\extraction\light\images\test\WB1_23_0033-guilhem1.jpg,sichelii,0.9729343257661073,lapidarius,0.027053674331486987,soroeensis,6.619823907922021e-06,0.0437758391176043,sichelii,True,True
11787549891690514980,a395ca2c62684a24,WB1_23_0094,data\Bombus\extraction\light\images\test\WB1_23_0094-basile3.jpg,lapidarius,0.8659609358132815,sichelii,0.13400211452707092,pratorum,1.603233331888054e-05,0.0221445862801058,lapidarius,True,True
11792257620370351514,a3a683d3e211659a,WB1_23_0095,data\Bombus\extraction\light\images\test\WB1_23_0095-basile1.jpg,lapidarius,0.8943237210294092,sichelii,0.10552379851212139,pyrenaeus,0.00010849992801315464,0.025488614449768254,lapidarius,True,True
11829040729185127057,a42931dec8b50a91,WB1_23_0106,data\Bombus\extraction\light\images\test\WB1_23_0106-victor3.jpg,lapidarius,0.9484308883870736,pyrenaeus,0.037116743211497216,sichelii,0.011524047822156958,0.022510982120364374,lapidarius,True,True
11866097493004381652,a4acd8ccf4adedd4,WB1_23_0009,data\Bombus\extraction\light\images\test\WB1_23_0009-charlotte1.jpg,rupestris,0.9999999999992017,sichelii,6.984285181301138e-13,lapidarius,5.1161393695627443e-14,0.06969601625592865,rupestris,True,True
11956972964832982618,a5efb38f8dd1b65a,WB1_23_0037,data\Bombus\extraction\light\images\test\WB1_23_0037-guilhem1.jpg,rupestris,0.9999999332169143,sichelii,6.585230591092358e-08,lapidarius,9.287003579019802e-10,0.06275548611544673,rupestris,True,True
12144210197406943066,a888e6d4ee1e075a,WB1_23_0117,data\Bombus\extraction\light\images\test\WB1_23_0117-mehdi2.jpg,pratorum,0.9943672552022328,soroeensis,0.0036542785322781447,pyrenaeus,0.001153430471346587,0.028054304958937366,pratorum,True,True
12191888807024321088,a9324a464bbee240,WB1_23_0114,data\Bombus\extraction\light\images\test\WB1_23_0114-victor2.jpg,lapidarius,0.999985406888858,wurflenii,1.1949054706754235e-05,pyrenaeus,1.182159895015165e-06,0.047503786393619005,lapidarius,True,True
12198783348486214828,a94ac8d2d27894ac,WB1_23_0066,data\Bombus\extraction\light\images\test\WB1_23_0066-ligia2.jpg,wurflenii,0.9153482699448241,sichelii,0.06778232950023622,lapidarius,0.01581102563400787,0.026524751175488883,lapidarius,False,True
12212378872288923292,a97b15e161444e9c,WB1_23_0086,data\Bombus\extraction\light\images\test\WB1_23_0086-tarek1.jpg,sylvarum,0.9997468033943595,ruderarius,0.0002526707674969035,pratorum,2.799918657649353e-07,0.027457116234328834,sylvarum,True,True
12216176960919829989,a9889438cceffde5,WB1_23_0129,data\Bombus\extraction\light\images\test\WB1_23_0129-tonie4.jpg,ruderarius,0.9900284161781898,sylvarum,0.009959572999559836,pomorum,9.144626137567514e-06,0.03235266604838634,sylvarum,False,True
12236812513927902339,a9d1e425e3ba3483,WB1_23_0020,data\Bombus\extraction\light\images\test\WB1_23_0020-yvan1.jpg,ruderarius,0.9734229854646556,wurflenii,0.02311105607611092,sylvarum,0.002893445409583715,0.03517714208241635,ruderarius,True,True
12262334042219336129,aa2c8fd7bfa9d1c1,WB1_23_0021,data\Bombus\extraction\light\images\test\WB1_23_0021-yvan1.jpg,sichelii,0.8212304359219367,ruderarius,0.13918787604608154,lapidarius,0.02051360594835834,0.026350811709124844,ruderarius,False,True
12368489231941820994,aba5b36ce622e242,WB1_23_0062,data\Bombus\extraction\light\images\test\WB1_23_0062-ligia1.jpg,confusus,0.9999999999989337,soroeensis,1.0484408062454269e-12,pomorum,1.0292165740572835e-14,0.11003832839103707,lapidarius,False,False
12386838241589705158,abe6e3c0a02db9c6,WB1_23_0128,data\Bombus\extraction\light\images\test\WB1_23_0128-tonie2.jpg,lapidarius,0.6785845799632167,pyrenaeus,0.15923618589049396,sichelii,0.13974997963050081,0.022851249489034973,lapidarius,True,True
12427240076130485847,ac766d01c4418657,WB1_23_0119,data\Bombus\extraction\light\images\test\WB1_23_0119-mehdi1.jpg,pratorum,0.9999481606098254,pyrenaeus,4.9089374821058086e-05,soroeensis,2.608560975402151e-06,0.03094952087783325,pratorum,True,True
12572518903053743478,ae7a8f548c66f576,WB1_23_0081,data\Bombus\extraction\light\images\test\WB1_23_0081-tarek1.jpg,lapidarius,0.9571879192469785,sichelii,0.02678435750922727,pyrenaeus,0.01441249801184199,0.03848533430800426,lapidarius,True,True
12781322802292001689,b160615ece370b99,WB1_23_0114,data\Bombus\extraction\light\images\test\WB1_23_0114-victor3.jpg,wurflenii,0.9898782329807668,lapidarius,0.0099348427686916,sichelii,0.00018595458040152778,0.025513387170284483,lapidarius,False,True
12872493368706915554,b2a448847758dce2,WB1_23_0087,data\Bombus\extraction\light\images\test\WB1_23_0087-tarek2.jpg,pomorum,0.849516204292674,sylvarum,0.06244291996478397,pratorum,0.03487696539145222,0.027096904326195173,sylvarum,False,True
12959556987837934674,b3d9986af282ec52,WB1_23_0009,data\Bombus\extraction\light\images\test\WB1_23_0009-charlotte2.jpg,rupestris,0.9999998691139784,sichelii,1.2335311783247937e-07,lapidarius,7.221154424347534e-09,0.06214879564656942,rupestris,True,True
12960913009763142658,b3de69b667abcc02,WB1_23_0111,data\Bombus\extraction\light\images\test\WB1_23_0111-victor3.jpg,sichelii,0.930049017225135,lapidarius,0.06915356982673448,wurflenii,0.0007923372141850755,0.020649403332406887,lapidarius,False,True
13008430366620201592,b4873a7f2fcd3278,WB1_23_0099,data\Bombus\extraction\light\images\test\WB1_23_0099-basile3.jpg,sichelii,0.5217834430677758,lapidarius,0.4604941936840671,pratorum,0.015411462240596497,0.0408543421682695,lapidarius,False,True
13068599454022839889,b55cfdf688e52e51,WB1_23_0067,data\Bombus\extraction\light\images\test\WB1_23_0067-ligia2.jpg,pratorum,0.9975428643785316,ruderarius,0.0011062774306500036,soroeensis,0.0006055824564508505,0.03020896935254222,pratorum,True,True
13088008240846160382,b5a1f226dd0541fe,WB1_23_0115,data\Bombus\extraction\light\images\test\WB1_23_0115-victor2.jpg,sichelii,0.7033918545036586,lapidarius,0.29171786791286036,wurflenii,0.004431839081325895,0.023101285506649815,lapidarius,False,True
13092220857908561762,b5b0e98134998762,WB1_23_0064,data\Bombus\extraction\light\images\test\WB1_23_0064-ligia2.jpg,pratorum,0.9998856015041813,pyrenaeus,0.00010309114256985938,wurflenii,6.158774295703136e-06,0.02748975369994759,pratorum,True,True
13142737731611644821,b66462556cd5d395,WB1_23_0076,data\Bombus\extraction\light\images\test\WB1_23_0076-tarek3.jpg,lapidarius,0.9667983646250572,sichelii,0.03296395201396643,pyrenaeus,0.00023205811601454483,0.025695402759168883,lapidarius,True,True
13317738845265836825,b8d21ceb5b7dbb19,WB1_23_0002,data\Bombus\extraction\light\images\test\WB1_23_0002-charlotte3.jpg,ruderarius,0.9999883618751536,sylvarum,1.016048449607757e-05,wurflenii,1.3817655692814432e-06,0.037482119187762473,ruderarius,True,True
13420728801381136408,ba4001bd212d3818,WB1_23_0108,data\Bombus\extraction\light\images\test\WB1_23_0108-victor2.jpg,lapidarius,0.9993964903324495,soroeensis,0.00042031294825883294,sichelii,0.00016996866112433206,0.036289273681307146,lapidarius,True,True
13425116168909144646,ba4f9806bc2ec246,WB1_23_0131,data\Bombus\extraction\light\images\test\WB1_23_0131-tonie3.jpg,pratorum,0.9992061589527848,sichelii,0.0005856713549997834,lapidarius,0.00020670039114970628,0.040125879013341643,pratorum,True,True
13429490128218912776,ba5f221e7f1a7808,WB1_23_0031,data\Bombus\extraction\light\images\test\WB1_23_0031-guilhem3.jpg,soroeensis,0.9983927493820848,pyrenaeus,0.0011400074654986173,monticola,0.0004001954033335669,0.026750396824191926,soroeensis,True,True
13541351947597760625,bbec8bd9e71bc871,WB1_23_0005,data\Bombus\extraction\light\images\test\WB1_23_0005-charlotte3.jpg,ruderarius,0.999669858651786,sylvarum,0.0003301030705850709,pomorum,2.9392170133751853e-08,0.03707615249450554,ruderarius,True,True
14026000011167103595,c2a65cb27d3d7a6b,WB1_23_0128,data\Bombus\extraction\light\images\test\WB1_23_0128-tonie1.jpg,lapidarius,0.6963973503718467,sichelii,0.26894299378584446,wurflenii,0.028073889409207277,0.020581728720612293,lapidarius,True,True
14057578268800530139,c3168cf48a1b36db,WB1_23_0122,data\Bombus\extraction\light\images\test\WB1_23_0122-mehdi2.jpg,pratorum,0.9981100780929724,pyrenaeus,0.001361085739208783,soroeensis,0.0004098238534521762,0.022222582601925656,pratorum,True,True
14092583417301467201,c392e9f3cbd08041,WB1_23_0079,data\Bombus\extraction\light\images\test\WB1_23_0079-tarek2.jpg,sichelii,0.6591126554557737,lapidarius,0.21238684895582471,pyrenaeus,0.11355585888601437,0.034090909043701406,lapidarius,False,True
14213487099358338082,c5407335e8d9dc22,WB1_23_0023,data\Bombus\extraction\light\images\test\WB1_23_0023-yvan3.jpg,pyrenaeus,0.9085650226753856,monticola,0.0905384749475989,soroeensis,0.0008217940525418846,0.030936710937246387,pyrenaeus,True,True
14247606611358745249,c5b9aab9d98b82a1,WB1_23_0006,data\Bombus\extraction\light\images\test\WB1_23_0006-charlotte3.jpg,lapidarius,0.6404719679056696,sichelii,0.2956088609194421,pratorum,0.03325805059759823,0.032844308804091,sichelii,False,True
14258719532467793892,c5e125de6caaafe4,WB1_23_0113,data\Bombus\extraction\light\images\test\WB1_23_0113-victor3.jpg,lapidarius,0.853534231713957,sichelii,0.14642466374846588,monticola,3.632088581447872e-05,0.029586183219288267,lapidarius,True,True
14364055867221104639,c75760b50b9457ff,WB1_23_0093,data\Bombus\extraction\light\images\test\WB1_23_0093-basile1.jpg,lapidarius,0.8569131399550607,wurflenii,0.09918428549299399,sichelii,0.03735314422379962,0.031607884318905204,lapidarius,True,True
14426597598754284907,c8359214a740a56b,WB1_23_0112,data\Bombus\extraction\light\images\test\WB1_23_0112-victor1.jpg,lapidarius,0.9519339300303195,sichelii,0.047668046776783796,pyrenaeus,0.0003697514209199779,0.026450759661221172,lapidarius,True,True
14461622256407753284,c8b200d23d113244,WB1_23_0005,data\Bombus\extraction\light\images\test\WB1_23_0005-charlotte2.jpg,ruderarius,0.9644167222369314,sylvarum,0.03557146702254817,pomorum,1.1774945855996871e-05,0.0280282881713599,ruderarius,True,True
14480851473744136194,c8f651b149b60802,WB1_23_0095,data\Bombus\extraction\light\images\test\WB1_23_0095-basile2.jpg,sichelii,0.6933282898101993,lapidarius,0.3060505120277075,pyrenaeus,0.0004232903476451038,0.021129778858511944,lapidarius,False,True
14496121440217350161,c92c91a569144011,WB1_23_0040,data\Bombus\extraction\light\images\test\WB1_23_0040-guilhem2.jpg,pyrenaeus,0.9767356507422303,monticola,0.01737670031955359,sichelii,0.0034393487621400386,0.025205494840989925,pyrenaeus,True,True
14534006808050051350,c9b32a2ffceea916,WB1_23_0130,data\Bombus\extraction\light\images\test\WB1_23_0130-tonie2.jpg,sylvarum,0.8051397201443762,ruderarius,0.1568983089720247,pratorum,0.03793024267472962,0.03531543148323595,sylvarum,True,True
14712337570230210779,cc2cb912213490db,WB1_23_0085,data\Bombus\extraction\light\images\test\WB1_23_0085-tarek1.jpg,lapidarius,0.565064512103048,pyrenaeus,0.311965745345746,pratorum,0.09527577961027148,0.018516941573815372,lapidarius,True,True
14719319001199641588,cc4586a5322983f4,WB1_23_0118,data\Bombus\extraction\light\images\test\WB1_23_0118-mehdi3.jpg,lapidarius,0.7195492639001657,sichelii,0.28041149925240727,soroeensis,2.622382432596417e-05,0.024055379597322065,lapidarius,True,True
14893276334382330828,ceaf8beb0c9733cc,WB1_23_0116,data\Bombus\extraction\light\images\test\WB1_23_0116-mehdi3.jpg,lapidarius,0.9470532227489545,sichelii,0.04831979400555591,soroeensis,0.0035036073736854217,0.025596177136574545,soroeensis,False,True
14903460141793259462,ced3ba097bc7afc6,WB1_23_0132,data\Bombus\extraction\light\images\test\WB1_23_0132-tonie3.jpg,lapidarius,0.9285965905836009,sichelii,0.059433101439735174,pratorum,0.009685107651154748,0.026634062496000668,lapidarius,True,True
15080026260995910722,d14703fcaa392c42,WB1_23_0097,data\Bombus\extraction\light\images\test\WB1_23_0097-basile1.jpg,sichelii,0.8596137719067047,lapidarius,0.14034503011745292,wurflenii,3.239241465758453e-05,0.0478102768696748,lapidarius,False,True
15143809682579165162,d2299eabc4408fea,WB1_23_0114,data\Bombus\extraction\light\images\test\WB1_23_0114-victor4.jpg,lapidarius,0.7616360841484521,sichelii,0.23709466023861642,pyrenaeus,0.001104089372112584,0.020609577289216408,lapidarius,True,True
15254114324082335957,d3b18028722020d5,WB1_23_0016,data\Bombus\extraction\light\images\test\WB1_23_0016-yvan2.jpg,ruderarius,0.9941403384026583,sylvarum,0.005663617986103994,wurflenii,0.00016702653225075996,0.039213632750150676,ruderarius,True,True
15278876137184530295,d40978e554138f77,WB1_23_0079,data\Bombus\extraction\light\images\test\WB1_23_0079-tarek1.jpg,sichelii,0.47681515889278214,pyrenaeus,0.45184111874982363,lapidarius,0.060326190138664214,0.03614793195636815,lapidarius,False,True
15317540937541604072,d492d653aeabd2e8,WB1_23_0114,data\Bombus\extraction\light\images\test\WB1_23_0114-victor1.jpg,lapidarius,0.7362206288999814,sichelii,0.2595199471073152,wurflenii,0.002890591568064385,0.021200460518054076,lapidarius,True,True
15319396890789489630,d4996e4e78bb2bde,WB1_23_0133,data\Bombus\extraction\light\images\test\WB1_23_0133-tonie2.jpg,pratorum,0.951841657919765,ruderarius,0.03018448452033603,wurflenii,0.015983771291826234,0.02663882283301372,pratorum,True,True
15333655370687707529,d4cc16518619f989,WB1_23_0084,data\Bombus\extraction\light\images\test\WB1_23_0084-tarek3.jpg,lapidarius,0.7924798650331789,soroeensis,0.15537612657626276,pratorum,0.044797665166605896,0.022890612509515244,lapidarius,True,True
15469283463964521362,d6adef59c76df392,WB1_23_0026,data\Bombus\extraction\light\images\test\WB1_23_0026-yvan3.jpg,wurflenii,0.9289901868726086,sichelii,0.05669924164085879,lapidarius,0.014267173021183896,0.037635872538505685,wurflenii,True,True
15576832671031075269,d82c06c8e281a1c5,WB1_23_0067,data\Bombus\extraction\light\images\test\WB1_23_0067-ligia1.jpg,pratorum,0.9958238529158653,wurflenii,0.004111716486408291,pyrenaeus,3.4403516802191986e-05,0.03260131001088874,pratorum,True,True
15796751385184459971,db3955b0a7145cc3,WB1_23_0121,data\Bombus\extraction\light\images\test\WB1_23_0121-mehdi3.jpg,sylvarum,0.9994187260431384,pratorum,0.00035588231011107367,ruderarius,0.0002206985190912199,0.025917840486852833,sylvarum,True,True
15797273790411702666,db3b30d09914018a,WB1_23_0120,data\Bombus\extraction\light\images\test\WB1_23_0120-mehdi1.jpg,soroeensis,0.9998450921068751,sichelii,8.966094456979873e-05,monticola,6.328490014940072e-05,0.03933445743697259,soroeensis,True,True
15833670436675291992,dbbc7f5f2ca28b58,WB1_23_0135,data\Bombus\extraction\light\images\test\WB1_23_0135-tonie2.jpg,lapidarius,0.9888964930222093,sichelii,0.008758718300650671,pratorum,0.0010022661959175501,0.022381965029312726,lapidarius,True,True
16054923470586043055,dece8bd5785cdaaf,WB1_23_0065,data\Bombus\extraction\light\images\test\WB1_23_0065-ligia3.jpg,lapidarius,0.605882455932111,wurflenii,0.3649125652803497,sichelii,0.028930525267928338,0.033719940310842494,lapidarius,True,True
16071520050478030510,df098255d94f9eae,WB1_23_0122,data\Bombus\extraction\light\images\test\WB1_23_0122-mehdi3.jpg,pratorum,0.9948188133299007,soroeensis,0.004777282061914732,pyrenaeus,0.0003534213711885407,0.019808123454867127,pratorum,True,True
16122278094978265188,dfbdd682053db064,WB1_23_0080,data\Bombus\extraction\light\images\test\WB1_23_0080-tarek3.jpg,lapidarius,0.5387352712675645,monticola,0.39799025136822525,pyrenaeus,0.05491626478177608,0.03792470154813387,lapidarius,True,True
16149785124332475652,e01f90015eb99504,WB1_23_0109,data\Bombus\extraction\light\images\test\WB1_23_0109-victor1.jpg,lapidarius,0.6994904122068569,sichelii,0.30028164977041416,wurflenii,0.00011373684642629906,0.03654119271469742,lapidarius,True,True
16154153635684154371,e02f1524ae09fc03,WB1_23_0122,data\Bombus\extraction\light\images\test\WB1_23_0122-mehdi1.jpg,pratorum,0.9992685195062827,soroeensis,0.00039898861648697683,pomorum,0.0002347374374581848,0.025844055453992057,pratorum,True,True
16224594543343098208,e12956c68cb4d960,WB1_23_0004,data\Bombus\extraction\light\images\test\WB1_23_0004-charlotte3.jpg,pyrenaeus,0.8326500673294279,monticola,0.15820612214142638,sichelii,0.0051056816406079945,0.02367873126425064,pyrenaeus,True,True
16244973264369818775,e171bd1d487b1c97,WB1_23_0126,data\Bombus\extraction\light\images\test\WB1_23_0126-tonie1.jpg,rupestris,0.9999998699152268,ruderarius,6.722434968057774e-08,wurflenii,6.049620231812271e-08,0.03874310147160464,rupestris,True,True
16267111981327111303,e1c064290080d487,WB1_23_0006,data\Bombus\extraction\light\images\test\WB1_23_0006-charlotte2.jpg,wurflenii,0.996645959648468,lapidarius,0.003069251267547523,sichelii,0.0002756430070664493,0.06964033778624748,sichelii,False,True
16275702232179816919,e1dee8f2a31c39d7,WB1_23_0134,data\Bombus\extraction\light\images\test\WB1_23_0134-tonie1.jpg,lapidarius,0.9992322034483705,sichelii,0.0007674720109763287,rupestris,2.1141450134959962e-07,0.03380556296319733,lapidarius,True,True
16391163639829623284,e3791c7c7f57f1f4,WB1_23_0022,data\Bombus\extraction\light\images\test\WB1_23_0022-yvan3.jpg,ruderarius,0.9997837527754891,sylvarum,0.00021445909646191058,pratorum,1.5273443283436292e-06,0.03550050067135764,ruderarius,True,True
16489137830901225066,e4d52f7e7752966a,WB1_23_0021,data\Bombus\extraction\light\images\test\WB1_23_0021-yvan2.jpg,ruderarius,0.991270993891162,pratorum,0.0062381104743995126,wurflenii,0.002005188606311253,0.03223380592603167,ruderarius,True,True
16555033191305319016,e5bf4af9a48e1268,WB1_23_0026,data\Bombus\extraction\light\images\test\WB1_23_0026-yvan2.jpg,wurflenii,0.9918026730467467,sichelii,0.006652185034308738,lapidarius,0.0014649454398634617,0.031042483316077604,wurflenii,True,True
16562907539008944926,e5db44a716447b1e,WB1_23_0039,data\Bombus\extraction\light\images\test\WB1_23_0039-guilhem3.jpg,ruderarius,0.5224315299485022,sylvarum,0.4775322620914697,pomorum,3.517895742130876e-05,0.0385971498553069,ruderarius,True,True
16569533093328007578,e5f2ce8f29e5319a,WB1_23_0096,data\Bombus\extraction\light\images\test\WB1_23_0096-basile2.jpg,lapidarius,0.5994979637398868,sichelii,0.3584130262861461,pyrenaeus,0.0340286693210304,0.032034965233128286,lapidarius,True,True
16613953740326793231,e6909ee6fef3700f,WB1_23_0120,data\Bombus\extraction\light\images\test\WB1_23_0120-mehdi2.jpg,soroeensis,0.9998605962367866,sichelii,0.00010370648103218618,pyrenaeus,2.9327894617338328e-05,0.034545085227187335,soroeensis,True,True
16620610463125757042,e6a845280cc05c72,WB1_23_0135,data\Bombus\extraction\light\images\test\WB1_23_0135-tonie4.jpg,lapidarius,0.957168035865568,soroeensis,0.029935207220929905,sichelii,0.011075228790339797,0.023385807833011363,lapidarius,True,True
16655548952255058801,e7246586f64ad371,WB1_23_0126,data\Bombus\extraction\light\images\test\WB1_23_0126-tonie3.jpg,rupestris,0.9999999913828362,lapidarius,3.886042596243271e-09,ruderarius,3.3608460865696917e-09,0.040742040735040445,rupestris,True,True
16761823587378045279,e89df5bea96ea15f,WB1_23_0064,data\Bombus\extraction\light\images\test\WB1_23_0064-ligia3.jpg,pratorum,0.9999233896172478,pyrenaeus,5.538028543701407e-05,ruderarius,1.4097569015803018e-05,0.026189150253599965,pratorum,True,True
16847719634409686602,e9cf1fbe945d064a,WB1_23_0119,data\Bombus\extraction\light\images\test\WB1_23_0119-mehdi3.jpg,pratorum,0.999867595307126,pyrenaeus,0.00012478344403249846,soroeensis,6.0463782123546955e-06,0.030296425552608607,pratorum,True,True
16930389260563423124,eaf4d354d8f89f94,WB1_23_0008,data\Bombus\extraction\light\images\test\WB1_23_0008-charlotte2.jpg,soroeensis,0.8043133325194401,pyrenaeus,0.15780454061893345,lapidarius,0.01674836035427066,0.041835692084426564,soroeensis,True,True
17102766548017563912,ed593b8fa3054908,WB1_23_0128,data\Bombus\extraction\light\images\test\WB1_23_0128-tonie3.jpg,wurflenii,0.5192253143313876,sichelii,0.24126453969146547,lapidarius,0.19593106583341272,0.022459078826234862,lapidarius,False,True
17156019949842583610,ee166d3f75e1d03a,WB1_23_0079,data\Bombus\extraction\light\images\test\WB1_23_0079-tarek3.jpg,lapidarius,0.40808020902005426,pyrenaeus,0.28380854817944934,sichelii,0.16614610629471432,0.036777553803344576,lapidarius,True,True
17279164230407106240,efcbec51910d2ec0,WB1_23_0068,data\Bombus\extraction\light\images\test\WB1_23_0068-ligia3.jpg,soroeensis,0.9942493842284568,sichelii,0.0032696286596762326,monticola,0.00142317313528698,0.026984537249970672,soroeensis,True,True
17432469483179730413,f1ec92a23ec3e5ed,WB1_23_0007,data\Bombus\extraction\light\images\test\WB1_23_0007-charlotte2.jpg,soroeensis,0.9994648929532576,monticola,0.0005160886702480595,pyrenaeus,1.656722524159358e-05,0.04278482372337003,soroeensis,True,True
17452648743985156320,f234439086e710e0,WB1_23_0116,data\Bombus\extraction\light\images\test\WB1_23_0116-mehdi2.jpg,lapidarius,0.8525496421033104,sichelii,0.1467846761795915,monticola,0.0005816610682444186,0.024543344606107964,soroeensis,False,False
17477814365737875619,f28dab90700678a3,WB1_23_0109,data\Bombus\extraction\light\images\test\WB1_23_0109-victor2.jpg,lapidarius,0.8054166315860161,wurflenii,0.12728125958623593,soroeensis,0.053051605575809825,0.035907621980763464,lapidarius,True,True
17520960269829214759,f326f4890ee71227,WB1_23_0078,data\Bombus\extraction\light\images\test\WB1_23_0078-tarek2.jpg,wurflenii,0.9999670543779693,lapidarius,2.7681964731268716e-05,sichelii,4.093743698367626e-06,0.02885999452409364,lapidarius,False,True
17556625997983720391,f3a5aa53803523c7,WB1_23_0134,data\Bombus\extraction\light\images\test\WB1_23_0134-tonie2.jpg,lapidarius,0.9990967432894328,sichelii,0.0008959486485498198,wurflenii,5.0294197403950194e-06,0.03329316325630313,lapidarius,True,True
17597231049999081799,f435ec67e5ab6147,WB1_23_0087,data\Bombus\extraction\light\images\test\WB1_23_0087-tarek1.jpg,pomorum,0.9558491937385779,ruderarius,0.04140105869499742,sylvarum,0.0026401241059871698,0.030260879487091625,sylvarum,False,True
17635600754217799875,f4be3d72d3c350c3,WB1_23_0108,data\Bombus\extraction\light\images\test\WB1_23_0108-victor1.jpg,lapidarius,0.992090913993587,sichelii,0.007866888243429338,wurflenii,3.71880563776372e-05,0.0318364650633212,lapidarius,True,True
17713047206149097517,f5d16296143e082d,WB1_23_0036,data\Bombus\extraction\light\images\test\WB1_23_0036-guilhem3.jpg,monticola,0.5749053098458565,sichelii,0.26316989844534205,lapidarius,0.05069779519187525,0.03931397618423825,sichelii,False,True
17758979554651254559,f67491d05869af1f,WB1_23_0035,data\Bombus\extraction\light\images\test\WB1_23_0035-guilhem1.jpg,monticola,0.8016259212748377,pyrenaeus,0.15320720734782434,soroeensis,0.043273846763825265,0.036838098237465366,monticola,True,True
17786082502997676983,f6d4dbcd40f793b7,WB1_23_0037,data\Bombus\extraction\light\images\test\WB1_23_0037-guilhem2.jpg,rupestris,0.9999999999999969,sichelii,3.1160382642918486e-15,lapidarius,2.146188950442643e-17,0.06642393715645681,rupestris,True,True
17847836193170141477,f7b04074af443125,WB1_23_0107,data\Bombus\extraction\light\images\test\WB1_23_0107-victor2.jpg,lapidarius,0.5738455877852767,pyrenaeus,0.3727022085314697,sichelii,0.03628670970705362,0.0331367925434656,lapidarius,True,True
17977801949182175041,f97dfb9f4f542741,WB1_23_0107,data\Bombus\extraction\light\images\test\WB1_23_0107-victor1.jpg,lapidarius,0.9236664797480304,sichelii,0.04007508583551381,pyrenaeus,0.033706052609399864,0.034267689848326364,lapidarius,True,True
18036744185673775000,fa4f63462bad7798,WB1_23_0020,data\Bombus\extraction\light\images\test\WB1_23_0020-yvan2.jpg,ruderarius,0.9993683426133882,sylvarum,0.00034581770374942836,pratorum,0.00023629336145010313,0.03723712508165542,ruderarius,True,True
18050314912345965580,fa7f99c73251440c,WB1_23_0065,data\Bombus\extraction\light\images\test\WB1_23_0065-ligia1.jpg,lapidarius,0.5928113203590326,wurflenii,0.37569273341419157,sichelii,0.031059589513191502,0.03267508351970324,lapidarius,True,True
18051333351130583420,fa83380af44cd17c,WB1_23_0007,data\Bombus\extraction\light\images\test\WB1_23_0007-charlotte3.jpg,soroeensis,0.9989915388600852,sichelii,0.0006768040429669596,lapidarius,0.0002494375076681358,0.04763359067887495,soroeensis,True,True
18060595766177367764,faa4202902ed06d4,WB1_23_0025,data\Bombus\extraction\light\images\test\WB1_23_0025-yvan2.jpg,soroeensis,0.9972111546977951,monticola,0.002480378289928891,pratorum,0.0002896589504701701,0.03074316341201963,soroeensis,True,True
18096668824425584094,fb24486a61c5d5de,WB1_23_0038,data\Bombus\extraction\light\images\test\WB1_23_0038-guilhem2.jpg,wurflenii,0.9999999881534375,sichelii,8.89820769082225e-09,lapidarius,2.0376598239361396e-09,0.0435046720149423,wurflenii,True,True
18107647529566331774,fb4b497d5dc7e37e,WB1_23_0098,data\Bombus\extraction\light\images\test\WB1_23_0098-basile2.jpg,pratorum,0.998178040365318,pyrenaeus,0.0009422429403274314,pomorum,0.0007349293172586482,0.020785650538356536,pratorum,True,True
18157512988465558966,fbfc71dc4207f5b6,WB1_23_0001,data\Bombus\extraction\light\images\test\WB1_23_0001-charlotte3.jpg,soroeensis,0.9972911837128744,pyrenaeus,0.002647056887590288,monticola,5.613321927266756e-05,0.029183783134658674,soroeensis,True,True
18219247817389668380,fcd7c55c3652781c,WB1_23_0099,data\Bombus\extraction\light\images\test\WB1_23_0099-basile1.jpg,sichelii,0.5375378983839642,lapidarius,0.46241448672850244,wurflenii,2.607119318188022e-05,0.04310662714196745,lapidarius,False,True
18414631337112519750,ff8de9a2de5e4446,WB1_23_0082,data\Bombus\extraction\light\images\test\WB1_23_0082-tarek2.jpg,lapidarius,0.9898766770426898,sichelii,0.010120530851825774,pyrenaeus,2.14136078114308e-06,0.035614571451929006,lapidarius,True,True
