photo_id,inv_id,status,error_reason,aspect_ratio,output_path,processing_time_s,processed_at
WB1_23_0001_S_1,WB1_23_0001,OK,,2.2418,data/Bombus/terrain/extraction/light/images/WB1_23_0001_S_1.jpg,0.1716,2026-09-08T15:23:48+00:00
WB1_23_0001_S_2,WB1_23_0001,OK,,2.3153,data/Bombus/terrain/extraction/light/images/WB1_23_0001_S_2.jpg,0.1802,2026-09-08T15:23:48+00:00
WB1_23_0001_S_3,WB1_23_0001,OK,,2.2679,data/Bombus/terrain/extraction/light/images/WB1_23_0001_S_3.jpg,0.1679,2026-09-08T15:23:49+00:00
WB1_23_0002_S_1,WB1_23_0002,OK,,2.3062,data/Bombus/terrain/extraction/light/images/WB1_23_0002_S_1.jpg,0.2135,2026-09-08T15:23:49+00:00
WB1_23_0002_S_2,WB1_23_0002,OK,,2.3793,data/Bombus/terrain/extraction/light/images/WB1_23_0002_S_2.jpg,0.108,2026-09-08T15:23:49+00:00
WB1_23_0002_S_3,WB1_23_0002,OK,,2.3273,data/Bombus/terrain/extraction/light/images/WB1_23_0002_S_3.jpg,0.1388,2026-09-08T15:23:49+00:00
WB1_23_0003_S_1,WB1_23_0003,OK,,1.8349,data/Bombus/terrain/extraction/light/images/WB1_23_0003_S_1.jpg,0.1722,2026-09-08T15:23:49+00:00
WB1_23_0003_S_2,WB1_23_0003,OK,,1.8515,data/Bombus/terrain/extraction/light/images/WB1_23_0003_S_2.jpg,0.1584,2026-09-08T15:23:49+00:00
WB1_23_0003_S_3,WB1_23_0003,OK,,1.9022,data/Bombus/terrain/extraction/light/images/WB1_23_0003_S_3.jpg,0.1767,2026-09-08T15:23:50+00:00
WB1_23_0004_S_1,WB1_23_0004,OK,,2.2251,data/Bombus/terrain/extraction/light/images/WB1_23_0004_S_1.jpg,0.1822,2026-09-08T15:23:50+00:00
WB1_23_0004_S_2,WB1_23_0004,OK,,2.2058,data/Bombus/terrain/extraction/light/images/WB1_23_0004_S_2.jpg,0.1604,2026-09-08T15:23:50+00:00
WB1_23_0004_S_3,WB1_23_0004,OK,,2.1647,data/Bombus/terrain/extraction/light/images/WB1_23_0004_S_3.jpg,0.1012,2026-09-08T15:23:50+00:00
WB1_23_0005_S_1,WB1_23_0005,OK,,2.3601,data/Bombus/terrain/extraction/light/images/WB1_23_0005_S_1.jpg,0.1725,2026-09-08T15:23:50+00:00
WB1_23_0005_S_2,WB1_23_0005,OK,,2.2044,data/Bombus/terrain/extraction/light/images/WB1_23_0005_S_2.jpg,0.1602,2026-09-08T15:23:50+00:00
WB1_23_0005_S_3,WB1_23_0005,OK,,2.0992,data/Bombus/terrain/extraction/light/images/WB1_23_0005_S_3.jpg,0.1007,2026-09-08T15:23:50+00:00
WB1_23_0006_S_1,WB1_23_0006,OK,,2.2073,data/Bombus/terrain/extraction/light/images/WB1_23_0006_S_1.jpg,0.1451,2026-09-08T15:23:51+00:00
WB1_23_0006_S_2,WB1_23_0006,OK,,2.0355,data/Bombus/terrain/extraction/light/images/WB1_23_0006_S_2.jpg,0.136,2026-09-08T15:23:51+00:00
WB1_23_0006_S_3,WB1_23_0006,OK,,2.2785,data/Bombus/terrain/extraction/light/images/WB1_23_0006_S_3.jpg,0.1182,2026-09-08T15:23:51+00:00
WB1_23_0007_S_1,WB1_23_0007,OK,,2.1771,data/Bombus/terrain/extraction/light/images/WB1_23_0007_S_1.jpg,0.1947,2026-09-08T15:23:51+00:00
WB1_23_0007_S_2,WB1_23_0007,OK,,2.1601,data/Bombus/terrain/extraction/light/images/WB1_23_0007_S_2.jpg,0.1563,2026-09-08T15:23:51+00:00
WB1_23_0007_S_3,WB1_23_0007,OK,,1.9729,data/Bombus/terrain/extraction/light/images/WB1_23_0007_S_3.jpg,0.1688,2026-09-08T15:23:51+00:00
WB1_23_0008_S_1,WB1_23_0008,OK,,2.3355,data/Bombus/terrain/extraction/light/images/WB1_23_0008_S_1.jpg,0.123,2026-09-08T15:23:51+00:00
WB1_23_0008_S_2,WB1_23_0008,OK,,2.1035,data/Bombus/terrain/extraction/light/images/WB1_23_0008_S_2.jpg,0.1659,2026-09-08T15:23:52+00:00
WB1_23_0008_S_3,WB1_23_0008,OK,,2.4076,data/Bombus/terrain/extraction/light/images/WB1_23_0008_S_3.jpg,0.1029,2026-09-08T15:23:52+00:00
WB1_23_0009_S_1,WB1_23_0009,OK,,2.4045,data/Bombus/terrain/extraction/light/images/WB1_23_0009_S_1.jpg,0.1537,2026-09-08T15:23:52+00:00
WB1_23_0009_S_2,WB1_23_0009,OK,,2.3424,data/Bombus/terrain/extraction/light/images/WB1_23_0009_S_2.jpg,0.1105,2026-09-08T15:23:52+00:00
WB1_23_0009_S_3,WB1_23_0009,OK,,2.3229,data/Bombus/terrain/extraction/light/images/WB1_23_0009_S_3.jpg,0.1074,2026-09-08T15:23:52+00:00
WB1_23_0010_S_1,WB1_23_0010,OK,,2.6956,data/Bombus/terrain/extraction/light/images/WB1_23_0010_S_1.jpg,0.134,2026-09-08T15:23:52+00:00
WB1_23_0010_S_2,WB1_23_0010,OK,,2.5558,data/Bombus/terrain/extraction/light/images/WB1_23_0010_S_2.jpg,0.1251,2026-09-08T15:23:52+00:00
WB1_23_0010_S_3,WB1_23_0010,OK,,2.469,data/Bombus/terrain/extraction/light/images/WB1_23_0010_S_3.jpg,0.131,2026-09-08T15:23:52+00:00
WB1_23_0016_S_1,WB1_23_0016,OK,,1.8935,data/Bombus/terrain/extraction/light/images/WB1_23_0016_S_1.jpg,0.0847,2026-09-08T15:23:53+00:00
WB1_23_0016_S_2,WB1_23_0016,OK,,1.5467,data/Bombus/terrain/extraction/light/images/WB1_23_0016_S_2.jpg,0.0109,2026-09-08T15:23:53+00:00
WB1_23_0016_S_3,WB1_23_0016,OK,,1.8451,data/Bombus/terrain/extraction/light/images/WB1_23_0016_S_3.jpg,0.0713,2026-09-08T15:23:53+00:00
WB1_23_0017_S_1,WB1_23_0017,OK,,1.6328,data/Bombus/terrain/extraction/light/images/WB1_23_0017_S_1.jpg,0.0115,2026-09-08T15:23:53+00:00
WB1_23_0017_S_2,WB1_23_0017,OK,,1.9569,data/Bombus/terrain/extraction/light/images/WB1_23_0017_S_2.jpg,0.1123,2026-09-08T15:23:53+00:00
WB1_23_0017_S_3,WB1_23_0017,OK,,1.9931,data/Bombus/terrain/extraction/light/images/WB1_23_0017_S_3.jpg,0.0992,2026-09-08T15:23:53+00:00
WB1_23_0018_S_1,WB1_23_0018,OK,,2.1522,data/Bombus/terrain/extraction/light/images/WB1_23_0018_S_1.jpg,0.0932,2026-09-08T15:23:53+00:00
WB1_23_0018_S_2,WB1_23_0018,OK,,1.5683,data/Bombus/terrain/extraction/light/images/WB1_23_0018_S_2.jpg,0.013,2026-09-08T15:23:53+00:00
WB1_23_0018_S_3,WB1_23_0018,OK,,2.0641,data/Bombus/terrain/extraction/light/images/WB1_23_0018_S_3.jpg,0.1016,2026-09-08T15:23:53+00:00
WB1_23_0019_S_1,WB1_23_0019,OK,,2.1784,data/Bombus/terrain/extraction/light/images/WB1_23_0019_S_1.jpg,0.097,2026-09-08T15:23:53+00:00
WB1_23_0019_S_2,WB1_23_0019,OK,,2.1665,data/Bombus/terrain/extraction/light/images/WB1_23_0019_S_2.jpg,0.0946,2026-09-08T15:23:53+00:00
WB1_23_0019_S_3,WB1_23_0019,FAILED,detection_not_OK,,,0.0,2026-09-08T15:23:53+00:00
WB1_23_0020_S_1,WB1_23_0020,OK,,2.3605,data/Bombus/terrain/extraction/light/images/WB1_23_0020_S_1.jpg,0.0813,2026-09-08T15:23:53+00:00
WB1_23_0020_S_2,WB1_23_0020,OK,,2.2895,data/Bombus/terrain/extraction/light/images/WB1_23_0020_S_2.jpg,0.0978,2026-09-08T15:23:53+00:00
WB1_23_0020_S_3,WB1_23_0020,OK,,2.3458,data/Bombus/terrain/extraction/light/images/WB1_23_0020_S_3.jpg,0.0751,2026-09-08T15:23:54+00:00
WB1_23_0021_S_1,WB1_23_0021,OK,,2.2174,data/Bombus/terrain/extraction/light/images/WB1_23_0021_S_1.jpg,0.0968,2026-09-08T15:23:54+00:00
WB1_23_0021_S_2,WB1_23_0021,OK,,2.1653,data/Bombus/terrain/extraction/light/images/WB1_23_0021_S_2.jpg,0.1125,2026-09-08T15:23:54+00:00
WB1_23_0021_S_3,WB1_23_0021,OK,,2.3244,data/Bombus/terrain/extraction/light/images/WB1_23_0021_S_3.jpg,0.1,2026-09-08T15:23:54+00:00
WB1_23_0022_S_1,WB1_23_0022,OK,,2.3079,data/Bombus/terrain/extraction/light/images/WB1_23_0022_S_1.jpg,0.0659,2026-09-08T15:23:54+00:00
WB1_23_0022_S_2,WB1_23_0022,OK,,2.2104,data/Bombus/terrain/extraction/light/images/WB1_23_0022_S_2.jpg,0.0912,2026-09-08T15:23:54+00:00
WB1_23_0022_S_3,WB1_23_0022,OK,,2.2618,data/Bombus/terrain/extraction/light/images/WB1_23_0022_S_3.jpg,0.095,2026-09-08T15:23:54+00:00
WB1_23_0023_S_1,WB1_23_0023,OK,,2.2538,data/Bombus/terrain/extraction/light/images/WB1_23_0023_S_1.jpg,0.0847,2026-09-08T15:23:54+00:00
WB1_23_0023_S_2,WB1_23_0023,OK,,1.6297,data/Bombus/terrain/extraction/light/images/WB1_23_0023_S_2.jpg,0.0214,2026-09-08T15:23:54+00:00
WB1_23_0023_S_3,WB1_23_0023,OK,,2.1719,data/Bombus/terrain/extraction/light/images/WB1_23_0023_S_3.jpg,0.0661,2026-09-08T15:23:54+00:00
WB1_23_0024_S_1,WB1_23_0024,OK,,2.3978,data/Bombus/terrain/extraction/light/images/WB1_23_0024_S_1.jpg,0.0686,2026-09-08T15:23:54+00:00
WB1_23_0024_S_2,WB1_23_0024,OK,,2.3071,data/Bombus/terrain/extraction/light/images/WB1_23_0024_S_2.jpg,0.0859,2026-09-08T15:23:54+00:00
WB1_23_0024_S_3,WB1_23_0024,OK,,2.271,data/Bombus/terrain/extraction/light/images/WB1_23_0024_S_3.jpg,0.0757,2026-09-08T15:23:54+00:00
WB1_23_0025_S_1,WB1_23_0025,OK,,2.4566,data/Bombus/terrain/extraction/light/images/WB1_23_0025_S_1.jpg,0.0643,2026-09-08T15:23:55+00:00
WB1_23_0025_S_2,WB1_23_0025,OK,,1.8994,data/Bombus/terrain/extraction/light/images/WB1_23_0025_S_2.jpg,0.0221,2026-09-08T15:23:55+00:00
WB1_23_0025_S_3,WB1_23_0025,OK,,2.3345,data/Bombus/terrain/extraction/light/images/WB1_23_0025_S_3.jpg,0.0738,2026-09-08T15:23:55+00:00
WB1_23_0026_S_1,WB1_23_0026,OK,,2.4281,data/Bombus/terrain/extraction/light/images/WB1_23_0026_S_1.jpg,0.065,2026-09-08T15:23:55+00:00
WB1_23_0026_S_2,WB1_23_0026,OK,,2.4914,data/Bombus/terrain/extraction/light/images/WB1_23_0026_S_2.jpg,0.101,2026-09-08T15:23:55+00:00
WB1_23_0026_S_3,WB1_23_0026,OK,,2.4463,data/Bombus/terrain/extraction/light/images/WB1_23_0026_S_3.jpg,0.0755,2026-09-08T15:23:55+00:00
WB1_23_0031_S_1,WB1_23_0031,OK,,2.3408,data/Bombus/terrain/extraction/light/images/WB1_23_0031_S_1.jpg,0.1038,2026-09-08T15:23:55+00:00
WB1_23_0031_S_2,WB1_23_0031,OK,,2.3314,data/Bombus/terrain/extraction/light/images/WB1_23_0031_S_2.jpg,0.0956,2026-09-08T15:23:55+00:00
WB1_23_0031_S_3,WB1_23_0031,OK,,1.9434,data/Bombus/terrain/extraction/light/images/WB1_23_0031_S_3.jpg,0.1347,2026-09-08T15:23:55+00:00
WB1_23_0032_S_1,WB1_23_0032,OK,,2.3153,data/Bombus/terrain/extraction/light/images/WB1_23_0032_S_1.jpg,0.1015,2026-09-08T15:23:55+00:00
WB1_23_0032_S_2,WB1_23_0032,OK,,2.1728,data/Bombus/terrain/extraction/light/images/WB1_23_0032_S_2.jpg,0.0881,2026-09-08T15:23:55+00:00
WB1_23_0032_S_3,WB1_23_0032,OK,,2.164,data/Bombus/terrain/extraction/light/images/WB1_23_0032_S_3.jpg,0.0886,2026-09-08T15:23:55+00:00
WB1_23_0033_S_1,WB1_23_0033,OK,,2.2542,data/Bombus/terrain/extraction/light/images/WB1_23_0033_S_1.jpg,0.1338,2026-09-08T15:23:56+00:00
WB1_23_0033_S_2,WB1_23_0033,OK,,2.0827,data/Bombus/terrain/extraction/light/images/WB1_23_0033_S_2.jpg,0.141,2026-09-08T15:23:56+00:00
WB1_23_0033_S_3,WB1_23_0033,OK,,2.2304,data/Bombus/terrain/extraction/light/images/WB1_23_0033_S_3.jpg,0.1297,2026-09-08T15:23:56+00:00
WB1_23_0034_S_1,WB1_23_0034,OK,,2.0076,data/Bombus/terrain/extraction/light/images/WB1_23_0034_S_1.jpg,0.1383,2026-09-08T15:23:56+00:00
WB1_23_0034_S_2,WB1_23_0034,OK,,2.0615,data/Bombus/terrain/extraction/light/images/WB1_23_0034_S_2.jpg,0.1207,2026-09-08T15:23:56+00:00
WB1_23_0034_S_3,WB1_23_0034,OK,,2.2423,data/Bombus/terrain/extraction/light/images/WB1_23_0034_S_3.jpg,0.1373,2026-09-08T15:23:56+00:00
WB1_23_0035_S_1,WB1_23_0035,OK,,2.1046,data/Bombus/terrain/extraction/light/images/WB1_23_0035_S_1.jpg,0.1444,2026-09-08T15:23:56+00:00
WB1_23_0035_S_2,WB1_23_0035,OK,,2.1458,data/Bombus/terrain/extraction/light/images/WB1_23_0035_S_2.jpg,0.1143,2026-09-08T15:23:57+00:00
WB1_23_0035_S_3,WB1_23_0035,OK,,2.1247,data/Bombus/terrain/extraction/light/images/WB1_23_0035_S_3.jpg,0.0914,2026-09-08T15:23:57+00:00
WB1_23_0036_S_1,WB1_23_0036,OK,,2.1694,data/Bombus/terrain/extraction/light/images/WB1_23_0036_S_1.jpg,0.1153,2026-09-08T15:23:57+00:00
WB1_23_0036_S_2,WB1_23_0036,OK,,2.1792,data/Bombus/terrain/extraction/light/images/WB1_23_0036_S_2.jpg,0.0996,2026-09-08T15:23:57+00:00
WB1_23_0036_S_3,WB1_23_0036,OK,,2.1677,data/Bombus/terrain/extraction/light/images/WB1_23_0036_S_3.jpg,0.093,2026-09-08T15:23:57+00:00
WB1_23_0037_S_1,WB1_23_0037,OK,,2.2936,data/Bombus/terrain/extraction/light/images/WB1_23_0037_S_1.jpg,0.1022,2026-09-08T15:23:57+00:00
WB1_23_0037_S_2,WB1_23_0037,OK,,2.4438,data/Bombus/terrain/extraction/light/images/WB1_23_0037_S_2.jpg,0.0939,2026-09-08T15:23:57+00:00
WB1_23_0037_S_3,WB1_23_0037,OK,,2.4347,data/Bombus/terrain/extraction/light/images/WB1_23_0037_S_3.jpg,0.1071,2026-09-08T15:23:57+00:00
WB1_23_0038_S_1,WB1_23_0038,OK,,2.1825,data/Bombus/terrain/extraction/light/images/WB1_23_0038_S_1.jpg,0.1135,2026-09-08T15:23:57+00:00
WB1_23_0038_S_2,WB1_23_0038,OK,,2.2252,data/Bombus/terrain/extraction/light/images/WB1_23_0038_S_2.jpg,0.1051,2026-09-08T15:23:57+00:00
WB1_23_0038_S_3,WB1_23_0038,OK,,2.1842,data/Bombus/terrain/extraction/light/images/WB1_23_0038_S_3.jpg,0.1155,2026-09-08T15:23:58+00:00
WB1_23_0039_S_1,WB1_23_0039,OK,,2.3,data/Bombus/terrain/extraction/light/images/WB1_23_0039_S_1.jpg,0.0999,2026-09-08T15:23:58+00:00
WB1_23_0039_S_2,WB1_23_0039,OK,,2.3383,data/Bombus/terrain/extraction/light/images/WB1_23_0039_S_2.jpg,0.0962,2026-09-08T15:23:58+00:00
WB1_23_0039_S_3,WB1_23_0039,OK,,2.395,data/Bombus/terrain/extraction/light/images/WB1_23_0039_S_3.jpg,0.1068,2026-09-08T15:23:58+00:00
WB1_23_0040_S_1,WB1_23_0040,OK,,2.4587,data/Bombus/terrain/extraction/light/images/WB1_23_0040_S_1.jpg,0.1131,2026-09-08T15:23:58+00:00
WB1_23_0040_S_2,WB1_23_0040,OK,,2.5794,data/Bombus/terrain/extraction/light/images/WB1_23_0040_S_2.jpg,0.1242,2026-09-08T15:23:58+00:00
WB1_23_0040_S_3,WB1_23_0040,OK,,2.5918,data/Bombus/terrain/extraction/light/images/WB1_23_0040_S_3.jpg,0.1279,2026-09-08T15:23:58+00:00
WB1_23_0061_S_1,WB1_23_0061,FAILED,detection_not_OK,,,0.0,2026-09-08T15:23:58+00:00
WB1_23_0062_S_1,WB1_23_0062,OK,,1.9787,data/Bombus/terrain/extraction/light/images/WB1_23_0062_S_1.jpg,0.0925,2026-09-08T15:23:58+00:00
WB1_23_0062_S_2,WB1_23_0062,OK,,1.9671,data/Bombus/terrain/extraction/light/images/WB1_23_0062_S_2.jpg,0.083,2026-09-08T15:23:58+00:00
WB1_23_0062_S_3,WB1_23_0062,OK,,2.019,data/Bombus/terrain/extraction/light/images/WB1_23_0062_S_3.jpg,0.0833,2026-09-08T15:23:59+00:00
WB1_23_0063_S_1,WB1_23_0063,OK,,2.2035,data/Bombus/terrain/extraction/light/images/WB1_23_0063_S_1.jpg,0.084,2026-09-08T15:23:59+00:00
WB1_23_0063_S_2,WB1_23_0063,OK,,2.242,data/Bombus/terrain/extraction/light/images/WB1_23_0063_S_2.jpg,0.0926,2026-09-08T15:23:59+00:00
WB1_23_0063_S_3,WB1_23_0063,OK,,2.2368,data/Bombus/terrain/extraction/light/images/WB1_23_0063_S_3.jpg,0.095,2026-09-08T15:23:59+00:00
WB1_23_0064_S_1,WB1_23_0064,OK,,2.0759,data/Bombus/terrain/extraction/light/images/WB1_23_0064_S_1.jpg,0.1144,2026-09-08T15:23:59+00:00
WB1_23_0064_S_2,WB1_23_0064,OK,,2.0807,data/Bombus/terrain/extraction/light/images/WB1_23_0064_S_2.jpg,0.1112,2026-09-08T15:23:59+00:00
WB1_23_0064_S_3,WB1_23_0064,OK,,2.0932,data/Bombus/terrain/extraction/light/images/WB1_23_0064_S_3.jpg,0.1076,2026-09-08T15:23:59+00:00
WB1_23_0065_S_1,WB1_23_0065,OK,,2.2193,data/Bombus/terrain/extraction/light/images/WB1_23_0065_S_1.jpg,0.0859,2026-09-08T15:23:59+00:00
WB1_23_0065_S_2,WB1_23_0065,OK,,2.1681,data/Bombus/terrain/extraction/light/images/WB1_23_0065_S_2.jpg,0.0815,2026-09-08T15:23:59+00:00
WB1_23_0065_S_3,WB1_23_0065,OK,,2.1687,data/Bombus/terrain/extraction/light/images/WB1_23_0065_S_3.jpg,0.0828,2026-09-08T15:23:59+00:00
WB1_23_0066_S_1,WB1_23_0066,OK,,2.7299,data/Bombus/terrain/extraction/light/images/WB1_23_0066_S_1.jpg,0.0831,2026-09-08T15:23:59+00:00
WB1_23_0066_S_2,WB1_23_0066,OK,,2.6509,data/Bombus/terrain/extraction/light/images/WB1_23_0066_S_2.jpg,0.0876,2026-09-08T15:24:00+00:00
WB1_23_0066_S_3,WB1_23_0066,OK,,2.6641,data/Bombus/terrain/extraction/light/images/WB1_23_0066_S_3.jpg,0.0836,2026-09-08T15:24:00+00:00
WB1_23_0067_S_1,WB1_23_0067,OK,,2.3149,data/Bombus/terrain/extraction/light/images/WB1_23_0067_S_1.jpg,0.0873,2026-09-08T15:24:00+00:00
WB1_23_0067_S_2,WB1_23_0067,OK,,2.3004,data/Bombus/terrain/extraction/light/images/WB1_23_0067_S_2.jpg,0.0877,2026-09-08T15:24:00+00:00
WB1_23_0067_S_3,WB1_23_0067,OK,,2.2827,data/Bombus/terrain/extraction/light/images/WB1_23_0067_S_3.jpg,0.0855,2026-09-08T15:24:00+00:00
WB1_23_0068_S_1,WB1_23_0068,OK,,2.3179,data/Bombus/terrain/extraction/light/images/WB1_23_0068_S_1.jpg,0.0903,2026-09-08T15:24:00+00:00
WB1_23_0068_S_2,WB1_23_0068,OK,,2.2869,data/Bombus/terrain/extraction/light/images/WB1_23_0068_S_2.jpg,0.116,2026-09-08T15:24:00+00:00
WB1_23_0068_S_3,WB1_23_0068,OK,,2.3073,data/Bombus/terrain/extraction/light/images/WB1_23_0068_S_3.jpg,0.0883,2026-09-08T15:24:00+00:00
WB1_23_0069_S_1,WB1_23_0069,OK,,2.3951,data/Bombus/terrain/extraction/light/images/WB1_23_0069_S_1.jpg,0.0918,2026-09-08T15:24:00+00:00
WB1_23_0069_S_2,WB1_23_0069,OK,,2.4005,data/Bombus/terrain/extraction/light/images/WB1_23_0069_S_2.jpg,0.0885,2026-09-08T15:24:00+00:00
WB1_23_0069_S_3,WB1_23_0069,OK,,2.4069,data/Bombus/terrain/extraction/light/images/WB1_23_0069_S_3.jpg,0.0876,2026-09-08T15:24:00+00:00
WB1_23_0070_S_1,WB1_23_0070,OK,,2.4207,data/Bombus/terrain/extraction/light/images/WB1_23_0070_S_1.jpg,0.0989,2026-09-08T15:24:01+00:00
WB1_23_0070_S_2,WB1_23_0070,OK,,2.3943,data/Bombus/terrain/extraction/light/images/WB1_23_0070_S_2.jpg,0.0927,2026-09-08T15:24:01+00:00
WB1_23_0070_S_3,WB1_23_0070,OK,,2.4045,data/Bombus/terrain/extraction/light/images/WB1_23_0070_S_3.jpg,0.0936,2026-09-08T15:24:01+00:00
WB1_23_0076_S_1,WB1_23_0076,OK,,2.1805,data/Bombus/terrain/extraction/light/images/WB1_23_0076_S_1.jpg,0.0775,2026-09-08T15:24:01+00:00
WB1_23_0076_S_2,WB1_23_0076,OK,,2.2384,data/Bombus/terrain/extraction/light/images/WB1_23_0076_S_2.jpg,0.0754,2026-09-08T15:24:01+00:00
WB1_23_0076_S_3,WB1_23_0076,OK,,2.2419,data/Bombus/terrain/extraction/light/images/WB1_23_0076_S_3.jpg,0.0689,2026-09-08T15:24:01+00:00
WB1_23_0077_S_1,WB1_23_0077,OK,,2.5556,data/Bombus/terrain/extraction/light/images/WB1_23_0077_S_1.jpg,0.086,2026-09-08T15:24:01+00:00
WB1_23_0077_S_2,WB1_23_0077,OK,,2.5835,data/Bombus/terrain/extraction/light/images/WB1_23_0077_S_2.jpg,0.0922,2026-09-08T15:24:01+00:00
WB1_23_0077_S_3,WB1_23_0077,OK,,2.4495,data/Bombus/terrain/extraction/light/images/WB1_23_0077_S_3.jpg,0.1043,2026-09-08T15:24:01+00:00
WB1_23_0078_S_1,WB1_23_0078,OK,,2.5556,data/Bombus/terrain/extraction/light/images/WB1_23_0078_S_1.jpg,0.0756,2026-09-08T15:24:01+00:00
WB1_23_0078_S_2,WB1_23_0078,OK,,2.57,data/Bombus/terrain/extraction/light/images/WB1_23_0078_S_2.jpg,0.0811,2026-09-08T15:24:01+00:00
WB1_23_0078_S_3,WB1_23_0078,OK,,2.6039,data/Bombus/terrain/extraction/light/images/WB1_23_0078_S_3.jpg,0.0747,2026-09-08T15:24:01+00:00
WB1_23_0079_S_1,WB1_23_0079,OK,,2.3899,data/Bombus/terrain/extraction/light/images/WB1_23_0079_S_1.jpg,0.0847,2026-09-08T15:24:02+00:00
WB1_23_0079_S_2,WB1_23_0079,OK,,2.3931,data/Bombus/terrain/extraction/light/images/WB1_23_0079_S_2.jpg,0.0842,2026-09-08T15:24:02+00:00
WB1_23_0079_S_3,WB1_23_0079,OK,,2.3277,data/Bombus/terrain/extraction/light/images/WB1_23_0079_S_3.jpg,0.0778,2026-09-08T15:24:02+00:00
WB1_23_0080_S_1,WB1_23_0080,OK,,2.4151,data/Bombus/terrain/extraction/light/images/WB1_23_0080_S_1.jpg,0.0749,2026-09-08T15:24:02+00:00
WB1_23_0080_S_2,WB1_23_0080,OK,,2.3582,data/Bombus/terrain/extraction/light/images/WB1_23_0080_S_2.jpg,0.0785,2026-09-08T15:24:02+00:00
WB1_23_0080_S_3,WB1_23_0080,OK,,2.3927,data/Bombus/terrain/extraction/light/images/WB1_23_0080_S_3.jpg,0.0752,2026-09-08T15:24:02+00:00
WB1_23_0081_S_1,WB1_23_0081,OK,,2.7447,data/Bombus/terrain/extraction/light/images/WB1_23_0081_S_1.jpg,0.1077,2026-09-08T15:24:02+00:00
WB1_23_0081_S_2,WB1_23_0081,OK,,2.6606,data/Bombus/terrain/extraction/light/images/WB1_23_0081_S_2.jpg,0.1111,2026-09-08T15:24:02+00:00
WB1_23_0081_S_3,WB1_23_0081,OK,,2.733,data/Bombus/terrain/extraction/light/images/WB1_23_0081_S_3.jpg,0.1133,2026-09-08T15:24:02+00:00
WB1_23_0082_S_1,WB1_23_0082,OK,,2.5232,data/Bombus/terrain/extraction/light/images/WB1_23_0082_S_1.jpg,0.0864,2026-09-08T15:24:02+00:00
WB1_23_0082_S_2,WB1_23_0082,OK,,2.6097,data/Bombus/terrain/extraction/light/images/WB1_23_0082_S_2.jpg,0.0812,2026-09-08T15:24:02+00:00
WB1_23_0082_S_3,WB1_23_0082,OK,,2.559,data/Bombus/terrain/extraction/light/images/WB1_23_0082_S_3.jpg,0.0765,2026-09-08T15:24:03+00:00
WB1_23_0083_S_1,WB1_23_0083,OK,,2.5357,data/Bombus/terrain/extraction/light/images/WB1_23_0083_S_1.jpg,0.1159,2026-09-08T15:24:03+00:00
WB1_23_0083_S_2,WB1_23_0083,OK,,2.6333,data/Bombus/terrain/extraction/light/images/WB1_23_0083_S_2.jpg,0.1225,2026-09-08T15:24:03+00:00
WB1_23_0083_S_3,WB1_23_0083,OK,,2.6982,data/Bombus/terrain/extraction/light/images/WB1_23_0083_S_3.jpg,0.1245,2026-09-08T15:24:03+00:00
WB1_23_0084_S_1,WB1_23_0084,OK,,2.3966,data/Bombus/terrain/extraction/light/images/WB1_23_0084_S_1.jpg,0.0768,2026-09-08T15:24:03+00:00
WB1_23_0084_S_2,WB1_23_0084,OK,,2.3691,data/Bombus/terrain/extraction/light/images/WB1_23_0084_S_2.jpg,0.0791,2026-09-08T15:24:03+00:00
WB1_23_0084_S_3,WB1_23_0084,OK,,2.4106,data/Bombus/terrain/extraction/light/images/WB1_23_0084_S_3.jpg,0.0731,2026-09-08T15:24:03+00:00
WB1_23_0085_S_1,WB1_23_0085,OK,,2.1086,data/Bombus/terrain/extraction/light/images/WB1_23_0085_S_1.jpg,0.1029,2026-09-08T15:24:03+00:00
WB1_23_0085_S_2,WB1_23_0085,OK,,2.0353,data/Bombus/terrain/extraction/light/images/WB1_23_0085_S_2.jpg,0.1159,2026-09-08T15:24:03+00:00
WB1_23_0085_S_3,WB1_23_0085,OK,,2.1185,data/Bombus/terrain/extraction/light/images/WB1_23_0085_S_3.jpg,0.116,2026-09-08T15:24:03+00:00
WB1_23_0086_S_1,WB1_23_0086,OK,,2.5323,data/Bombus/terrain/extraction/light/images/WB1_23_0086_S_1.jpg,0.097,2026-09-08T15:24:04+00:00
WB1_23_0086_S_2,WB1_23_0086,OK,,2.4755,data/Bombus/terrain/extraction/light/images/WB1_23_0086_S_2.jpg,0.1062,2026-09-08T15:24:04+00:00
WB1_23_0086_S_3,WB1_23_0086,OK,,2.3499,data/Bombus/terrain/extraction/light/images/WB1_23_0086_S_3.jpg,0.1086,2026-09-08T15:24:04+00:00
WB1_23_0087_S_1,WB1_23_0087,OK,,2.3255,data/Bombus/terrain/extraction/light/images/WB1_23_0087_S_1.jpg,0.1056,2026-09-08T15:24:04+00:00
WB1_23_0087_S_2,WB1_23_0087,OK,,2.3879,data/Bombus/terrain/extraction/light/images/WB1_23_0087_S_2.jpg,0.1037,2026-09-08T15:24:04+00:00
WB1_23_0087_S_3,WB1_23_0087,OK,,2.2792,data/Bombus/terrain/extraction/light/images/WB1_23_0087_S_3.jpg,0.1037,2026-09-08T15:24:04+00:00
WB1_23_0091_S_1,WB1_23_0091,OK,,2.4529,data/Bombus/terrain/extraction/light/images/WB1_23_0091_S_1.jpg,0.1136,2026-09-08T15:24:04+00:00
WB1_23_0091_S_2,WB1_23_0091,OK,,2.4836,data/Bombus/terrain/extraction/light/images/WB1_23_0091_S_2.jpg,0.1087,2026-09-08T15:24:04+00:00
WB1_23_0091_S_3,WB1_23_0091,OK,,2.4115,data/Bombus/terrain/extraction/light/images/WB1_23_0091_S_3.jpg,0.1086,2026-09-08T15:24:04+00:00
WB1_23_0092_S_1,WB1_23_0092,OK,,2.2708,data/Bombus/terrain/extraction/light/images/WB1_23_0092_S_1.jpg,0.0939,2026-09-08T15:24:04+00:00
WB1_23_0092_S_2,WB1_23_0092,FAILED,detection_not_OK,,,0.0,2026-09-08T15:24:04+00:00
WB1_23_0092_S_3,WB1_23_0092,OK,,2.2963,data/Bombus/terrain/extraction/light/images/WB1_23_0092_S_3.jpg,0.0943,2026-09-08T15:24:05+00:00
WB1_23_0093_S_1,WB1_23_0093,OK,,2.2729,data/Bombus/terrain/extraction/light/images/WB1_23_0093_S_1.jpg,0.0902,2026-09-08T15:24:05+00:00
WB1_23_0093_S_2,WB1_23_0093,OK,,2.265,data/Bombus/terrain/extraction/light/images/WB1_23_0093_S_2.jpg,0.09,2026-09-08T15:24:05+00:00
WB1_23_0093_S_3,WB1_23_0093,OK,,2.2553,data/Bombus/terrain/extraction/light/images/WB1_23_0093_S_3.jpg,0.103,2026-09-08T15:24:05+00:00
WB1_23_0094_S_1,WB1_23_0094,OK,,2.4836,data/Bombus/terrain/extraction/light/images/WB1_23_0094_S_1.jpg,0.0978,2026-09-08T15:24:05+00:00
WB1_23_0094_S_2,WB1_23_0094,OK,,2.6066,data/Bombus/terrain/extraction/light/images/WB1_23_0094_S_2.jpg,0.1038,2026-09-08T15:24:05+00:00
WB1_23_0094_S_3,WB1_23_0094,OK,,2.5234,data/Bombus/terrain/extraction/light/images/WB1_23_0094_S_3.jpg,0.0984,2026-09-08T15:24:05+00:00
WB1_23_0095_S_1,WB1_23_0095,OK,,2.3909,data/Bombus/terrain/extraction/light/images/WB1_23_0095_S_1.jpg,0.1063,2026-09-08T15:24:05+00:00
WB1_23_0095_S_2,WB1_23_0095,OK,,2.3867,data/Bombus/terrain/extraction/light/images/WB1_23_0095_S_2.jpg,0.1286,2026-09-08T15:24:05+00:00
WB1_23_0095_S_3,WB1_23_0095,OK,,2.3369,data/Bombus/terrain/extraction/light/images/WB1_23_0095_S_3.jpg,0.0975,2026-09-08T15:24:06+00:00
WB1_23_0096_S_1,WB1_23_0096,OK,,2.3285,data/Bombus/terrain/extraction/light/images/WB1_23_0096_S_1.jpg,0.0911,2026-09-08T15:24:06+00:00
WB1_23_0096_S_2,WB1_23_0096,OK,,2.3121,data/Bombus/terrain/extraction/light/images/WB1_23_0096_S_2.jpg,0.1008,2026-09-08T15:24:06+00:00
WB1_23_0096_S_3,WB1_23_0096,OK,,2.2989,data/Bombus/terrain/extraction/light/images/WB1_23_0096_S_3.jpg,0.0962,2026-09-08T15:24:06+00:00
WB1_23_0097_S_1,WB1_23_0097,OK,,2.2892,data/Bombus/terrain/extraction/light/images/WB1_23_0097_S_1.jpg,0.1414,2026-09-08T15:24:06+00:00
WB1_23_0097_S_2,WB1_23_0097,OK,,2.3336,data/Bombus/terrain/extraction/light/images/WB1_23_0097_S_2.jpg,0.0923,2026-09-08T15:24:06+00:00
WB1_23_0097_S_3,WB1_23_0097,OK,,2.342,data/Bombus/terrain/extraction/light/images/WB1_23_0097_S_3.jpg,0.095,2026-09-08T15:24:06+00:00
WB1_23_0098_S_1,WB1_23_0098,OK,,2.4292,data/Bombus/terrain/extraction/light/images/WB1_23_0098_S_1.jpg,0.109,2026-09-08T15:24:06+00:00
WB1_23_0098_S_2,WB1_23_0098,OK,,2.2658,data/Bombus/terrain/extraction/light/images/WB1_23_0098_S_2.jpg,0.1024,2026-09-08T15:24:06+00:00
WB1_23_0098_S_3,WB1_23_0098,OK,,2.3213,data/Bombus/terrain/extraction/light/images/WB1_23_0098_S_3.jpg,0.0941,2026-09-08T15:24:06+00:00
WB1_23_0099_S_1,WB1_23_0099,OK,,2.4975,data/Bombus/terrain/extraction/light/images/WB1_23_0099_S_1.jpg,0.0878,2026-09-08T15:24:07+00:00
WB1_23_0099_S_2,WB1_23_0099,OK,,2.4643,data/Bombus/terrain/extraction/light/images/WB1_23_0099_S_2.jpg,0.0951,2026-09-08T15:24:07+00:00
WB1_23_0099_S_3,WB1_23_0099,OK,,2.4691,data/Bombus/terrain/extraction/light/images/WB1_23_0099_S_3.jpg,0.0896,2026-09-08T15:24:07+00:00
WB1_23_0106_S_1,WB1_23_0106,OK,,2.4823,data/Bombus/terrain/extraction/light/images/WB1_23_0106_S_1.jpg,0.1183,2026-09-08T15:24:07+00:00
WB1_23_0106_S_2,WB1_23_0106,OK,,2.4813,data/Bombus/terrain/extraction/light/images/WB1_23_0106_S_2.jpg,0.1122,2026-09-08T15:24:07+00:00
WB1_23_0106_S_3,WB1_23_0106,OK,,2.4609,data/Bombus/terrain/extraction/light/images/WB1_23_0106_S_3.jpg,0.1207,2026-09-08T15:24:07+00:00
WB1_23_0107_S_1,WB1_23_0107,OK,,2.2981,data/Bombus/terrain/extraction/light/images/WB1_23_0107_S_1.jpg,0.1222,2026-09-08T15:24:07+00:00
WB1_23_0107_S_2,WB1_23_0107,OK,,2.3504,data/Bombus/terrain/extraction/light/images/WB1_23_0107_S_2.jpg,0.1139,2026-09-08T15:24:07+00:00
WB1_23_0107_S_3,WB1_23_0107,OK,,2.323,data/Bombus/terrain/extraction/light/images/WB1_23_0107_S_3.jpg,0.122,2026-09-08T15:24:07+00:00
WB1_23_0108_S_1,WB1_23_0108,OK,,2.3723,data/Bombus/terrain/extraction/light/images/WB1_23_0108_S_1.jpg,0.127,2026-09-08T15:24:08+00:00
WB1_23_0108_S_2,WB1_23_0108,OK,,2.3868,data/Bombus/terrain/extraction/light/images/WB1_23_0108_S_2.jpg,0.1315,2026-09-08T15:24:08+00:00
WB1_23_0108_S_3,WB1_23_0108,OK,,2.4615,data/Bombus/terrain/extraction/light/images/WB1_23_0108_S_3.jpg,0.1419,2026-09-08T15:24:08+00:00
WB1_23_0109_S_1,WB1_23_0109,OK,,2.5176,data/Bombus/terrain/extraction/light/images/WB1_23_0109_S_1.jpg,0.1179,2026-09-08T15:24:08+00:00
WB1_23_0109_S_2,WB1_23_0109,OK,,2.5862,data/Bombus/terrain/extraction/light/images/WB1_23_0109_S_2.jpg,0.1213,2026-09-08T15:24:08+00:00
WB1_23_0110_S_1,WB1_23_0110,OK,,2.3584,data/Bombus/terrain/extraction/light/images/WB1_23_0110_S_1.jpg,0.143,2026-09-08T15:24:08+00:00
WB1_23_0110_S_2,WB1_23_0110,OK,,2.4352,data/Bombus/terrain/extraction/light/images/WB1_23_0110_S_2.jpg,0.1347,2026-09-08T15:24:08+00:00
WB1_23_0111_S_1,WB1_23_0111,OK,,2.5545,data/Bombus/terrain/extraction/light/images/WB1_23_0111_S_1.jpg,0.1438,2026-09-08T15:24:08+00:00
WB1_23_0111_S_2,WB1_23_0111,OK,,2.5741,data/Bombus/terrain/extraction/light/images/WB1_23_0111_S_2.jpg,0.1434,2026-09-08T15:24:09+00:00
WB1_23_0111_S_3,WB1_23_0111,OK,,2.5202,data/Bombus/terrain/extraction/light/images/WB1_23_0111_S_3.jpg,0.1523,2026-09-08T15:24:09+00:00
WB1_23_0112_S_1,WB1_23_0112,OK,,2.6489,data/Bombus/terrain/extraction/light/images/WB1_23_0112_S_1.jpg,0.1081,2026-09-08T15:24:09+00:00
WB1_23_0112_S_2,WB1_23_0112,OK,,2.5786,data/Bombus/terrain/extraction/light/images/WB1_23_0112_S_2.jpg,0.1254,2026-09-08T15:24:09+00:00
WB1_23_0113_S_1,WB1_23_0113,OK,,2.772,data/Bombus/terrain/extraction/light/images/WB1_23_0113_S_1.jpg,0.1484,2026-09-08T15:24:09+00:00
WB1_23_0113_S_2,WB1_23_0113,OK,,2.7513,data/Bombus/terrain/extraction/light/images/WB1_23_0113_S_2.jpg,0.1419,2026-09-08T15:24:09+00:00
WB1_23_0113_S_3,WB1_23_0113,OK,,2.7827,data/Bombus/terrain/extraction/light/images/WB1_23_0113_S_3.jpg,0.1488,2026-09-08T15:24:09+00:00
WB1_23_0114_S_1,WB1_23_0114,OK,,2.5341,data/Bombus/terrain/extraction/light/images/WB1_23_0114_S_1.jpg,0.196,2026-09-08T15:24:10+00:00
WB1_23_0114_S_2,WB1_23_0114,OK,,2.6729,data/Bombus/terrain/extraction/light/images/WB1_23_0114_S_2.jpg,0.2136,2026-09-08T15:24:10+00:00
WB1_23_0114_S_3,WB1_23_0114,OK,,2.5639,data/Bombus/terrain/extraction/light/images/WB1_23_0114_S_3.jpg,0.1811,2026-09-08T15:24:10+00:00
WB1_23_0114_S_4,WB1_23_0114,OK,,2.6128,data/Bombus/terrain/extraction/light/images/WB1_23_0114_S_4.jpg,0.1947,2026-09-08T15:24:10+00:00
WB1_23_0115_S_1,WB1_23_0115,OK,,2.5348,data/Bombus/terrain/extraction/light/images/WB1_23_0115_S_1.jpg,0.1534,2026-09-08T15:24:10+00:00
WB1_23_0115_S_2,WB1_23_0115,OK,,2.4922,data/Bombus/terrain/extraction/light/images/WB1_23_0115_S_2.jpg,0.154,2026-09-08T15:24:11+00:00
WB1_23_0115_S_3,WB1_23_0115,OK,,2.537,data/Bombus/terrain/extraction/light/images/WB1_23_0115_S_3.jpg,0.1606,2026-09-08T15:24:11+00:00
WB1_23_0116_S_1,WB1_23_0116,OK,,2.7213,data/Bombus/terrain/extraction/light/images/WB1_23_0116_S_1.jpg,0.1134,2026-09-08T15:24:11+00:00
WB1_23_0116_S_2,WB1_23_0116,OK,,2.4834,data/Bombus/terrain/extraction/light/images/WB1_23_0116_S_2.jpg,0.0941,2026-09-08T15:24:11+00:00
WB1_23_0116_S_3,WB1_23_0116,OK,,2.4791,data/Bombus/terrain/extraction/light/images/WB1_23_0116_S_3.jpg,0.0914,2026-09-08T15:24:11+00:00
WB1_23_0117_S_1,WB1_23_0117,OK,,2.3671,data/Bombus/terrain/extraction/light/images/WB1_23_0117_S_1.jpg,0.1066,2026-09-08T15:24:11+00:00
WB1_23_0117_S_2,WB1_23_0117,OK,,2.4024,data/Bombus/terrain/extraction/light/images/WB1_23_0117_S_2.jpg,0.1104,2026-09-08T15:24:11+00:00
WB1_23_0117_S_3,WB1_23_0117,OK,,2.4056,data/Bombus/terrain/extraction/light/images/WB1_23_0117_S_3.jpg,0.1159,2026-09-08T15:24:11+00:00
WB1_23_0118_S_1,WB1_23_0118,OK,,2.5245,data/Bombus/terrain/extraction/light/images/WB1_23_0118_S_1.jpg,0.1123,2026-09-08T15:24:11+00:00
WB1_23_0118_S_2,WB1_23_0118,OK,,2.4897,data/Bombus/terrain/extraction/light/images/WB1_23_0118_S_2.jpg,0.1414,2026-09-08T15:24:12+00:00
WB1_23_0118_S_3,WB1_23_0118,OK,,2.4743,data/Bombus/terrain/extraction/light/images/WB1_23_0118_S_3.jpg,0.1146,2026-09-08T15:24:12+00:00
WB1_23_0119_S_1,WB1_23_0119,OK,,2.363,data/Bombus/terrain/extraction/light/images/WB1_23_0119_S_1.jpg,0.0992,2026-09-08T15:24:12+00:00
WB1_23_0119_S_2,WB1_23_0119,OK,,2.3602,data/Bombus/terrain/extraction/light/images/WB1_23_0119_S_2.jpg,0.0936,2026-09-08T15:24:12+00:00
WB1_23_0119_S_3,WB1_23_0119,OK,,2.3615,data/Bombus/terrain/extraction/light/images/WB1_23_0119_S_3.jpg,0.0931,2026-09-08T15:24:12+00:00
WB1_23_0120_S_1,WB1_23_0120,OK,,2.0398,data/Bombus/terrain/extraction/light/images/WB1_23_0120_S_1.jpg,0.116,2026-09-08T15:24:12+00:00
WB1_23_0120_S_2,WB1_23_0120,OK,,2.0661,data/Bombus/terrain/extraction/light/images/WB1_23_0120_S_2.jpg,0.1185,2026-09-08T15:24:12+00:00
WB1_23_0120_S_3,WB1_23_0120,OK,,2.6623,data/Bombus/terrain/extraction/light/images/WB1_23_0120_S_3.jpg,0.1031,2026-09-08T15:24:12+00:00
WB1_23_0121_S_1,WB1_23_0121,OK,,2.8085,data/Bombus/terrain/extraction/light/images/WB1_23_0121_S_1.jpg,0.1209,2026-09-08T15:24:12+00:00
WB1_23_0121_S_2,WB1_23_0121,OK,,2.5376,data/Bombus/terrain/extraction/light/images/WB1_23_0121_S_2.jpg,0.1172,2026-09-08T15:24:13+00:00
WB1_23_0121_S_3,WB1_23_0121,OK,,2.5264,data/Bombus/terrain/extraction/light/images/WB1_23_0121_S_3.jpg,0.1065,2026-09-08T15:24:13+00:00
WB1_23_0122_S_1,WB1_23_0122,OK,,2.3294,data/Bombus/terrain/extraction/light/images/WB1_23_0122_S_1.jpg,0.0878,2026-09-08T15:24:13+00:00
WB1_23_0122_S_2,WB1_23_0122,OK,,2.3281,data/Bombus/terrain/extraction/light/images/WB1_23_0122_S_2.jpg,0.0934,2026-09-08T15:24:13+00:00
WB1_23_0122_S_3,WB1_23_0122,OK,,2.3354,data/Bombus/terrain/extraction/light/images/WB1_23_0122_S_3.jpg,0.0938,2026-09-08T15:24:13+00:00
WB1_23_0123_S_1,WB1_23_0123,OK,,1.7534,data/Bombus/terrain/extraction/light/images/WB1_23_0123_S_1.jpg,0.1181,2026-09-08T15:24:13+00:00
WB1_23_0123_S_2,WB1_23_0123,OK,,1.7122,data/Bombus/terrain/extraction/light/images/WB1_23_0123_S_2.jpg,0.1132,2026-09-08T15:24:13+00:00
WB1_23_0123_S_3,WB1_23_0123,OK,,1.7136,data/Bombus/terrain/extraction/light/images/WB1_23_0123_S_3.jpg,0.1117,2026-09-08T15:24:13+00:00
WB1_23_0124_S_1,WB1_23_0124,OK,,1.6522,data/Bombus/terrain/extraction/light/images/WB1_23_0124_S_1.jpg,0.1109,2026-09-08T15:24:13+00:00
WB1_23_0124_S_2,WB1_23_0124,OK,,1.6255,data/Bombus/terrain/extraction/light/images/WB1_23_0124_S_2.jpg,0.1044,2026-09-08T15:24:13+00:00
WB1_23_0124_S_3,WB1_23_0124,OK,,1.6019,data/Bombus/terrain/extraction/light/images/WB1_23_0124_S_3.jpg,0.1111,2026-09-08T15:24:14+00:00
WB1_23_0125_S_1,WB1_23_0125,OK,,2.3478,data/Bombus/terrain/extraction/light/images/WB1_23_0125_S_1.jpg,0.088,2026-09-08T15:24:14+00:00
WB1_23_0125_S_2,WB1_23_0125,OK,,2.3456,data/Bombus/terrain/extraction/light/images/WB1_23_0125_S_2.jpg,0.0904,2026-09-08T15:24:14+00:00
WB1_23_0125_S_3,WB1_23_0125,OK,,2.3088,data/Bombus/terrain/extraction/light/images/WB1_23_0125_S_3.jpg,0.0904,2026-09-08T15:24:14+00:00
WB1_23_0126_S_1,WB1_23_0126,OK,,2.4711,data/Bombus/terrain/extraction/light/images/WB1_23_0126_S_1.jpg,0.1066,2026-09-08T15:24:14+00:00
WB1_23_0126_S_2,WB1_23_0126,OK,,2.4686,data/Bombus/terrain/extraction/light/images/WB1_23_0126_S_2.jpg,0.1051,2026-09-08T15:24:14+00:00
WB1_23_0126_S_3,WB1_23_0126,OK,,2.3873,data/Bombus/terrain/extraction/light/images/WB1_23_0126_S_3.jpg,0.1087,2026-09-08T15:24:14+00:00
WB1_23_0127_S_1,WB1_23_0127,OK,,2.2379,data/Bombus/terrain/extraction/light/images/WB1_23_0127_S_1.jpg,0.146,2026-09-08T15:24:14+00:00
WB1_23_0127_S_2,WB1_23_0127,OK,,2.1348,data/Bombus/terrain/extraction/light/images/WB1_23_0127_S_2.jpg,0.1385,2026-09-08T15:24:14+00:00
WB1_23_0127_S_3,WB1_23_0127,OK,,2.1985,data/Bombus/terrain/extraction/light/images/WB1_23_0127_S_3.jpg,0.1374,2026-09-08T15:24:15+00:00
WB1_23_0128_S_1,WB1_23_0128,OK,,2.0915,data/Bombus/terrain/extraction/light/images/WB1_23_0128_S_1.jpg,0.1649,2026-09-08T15:24:15+00:00
WB1_23_0128_S_2,WB1_23_0128,OK,,2.0992,data/Bombus/terrain/extraction/light/images/WB1_23_0128_S_2.jpg,0.1561,2026-09-08T15:24:15+00:00
WB1_23_0128_S_3,WB1_23_0128,OK,,2.0802,data/Bombus/terrain/extraction/light/images/WB1_23_0128_S_3.jpg,0.163,2026-09-08T15:24:15+00:00
WB1_23_0129_S_1,WB1_23_0129,OK,,2.112,data/Bombus/terrain/extraction/light/images/WB1_23_0129_S_1.jpg,0.131,2026-09-08T15:24:15+00:00
WB1_23_0129_S_2,WB1_23_0129,OK,,2.1126,data/Bombus/terrain/extraction/light/images/WB1_23_0129_S_2.jpg,0.1245,2026-09-08T15:24:15+00:00
WB1_23_0129_S_3,WB1_23_0129,OK,,2.055,data/Bombus/terrain/extraction/light/images/WB1_23_0129_S_3.jpg,0.1239,2026-09-08T15:24:15+00:00
WB1_23_0129_S_4,WB1_23_0129,OK,,2.0686,data/Bombus/terrain/extraction/light/images/WB1_23_0129_S_4.jpg,0.126,2026-09-08T15:24:16+00:00
WB1_23_0130_S_1,WB1_23_0130,OK,,2.418,data/Bombus/terrain/extraction/light/images/WB1_23_0130_S_1.jpg,0.1215,2026-09-08T15:24:16+00:00
WB1_23_0130_S_2,WB1_23_0130,OK,,2.6143,data/Bombus/terrain/extraction/light/images/WB1_23_0130_S_2.jpg,0.1353,2026-09-08T15:24:16+00:00
WB1_23_0130_S_3,WB1_23_0130,OK,,2.4211,data/Bombus/terrain/extraction/light/images/WB1_23_0130_S_3.jpg,0.1187,2026-09-08T15:24:16+00:00
WB1_23_0131_S_1,WB1_23_0131,OK,,2.4935,data/Bombus/terrain/extraction/light/images/WB1_23_0131_S_1.jpg,0.1043,2026-09-08T15:24:16+00:00
WB1_23_0131_S_2,WB1_23_0131,OK,,2.5254,data/Bombus/terrain/extraction/light/images/WB1_23_0131_S_2.jpg,0.1052,2026-09-08T15:24:16+00:00
WB1_23_0131_S_3,WB1_23_0131,OK,,2.4429,data/Bombus/terrain/extraction/light/images/WB1_23_0131_S_3.jpg,0.1093,2026-09-08T15:24:16+00:00
WB1_23_0132_S_1,WB1_23_0132,OK,,2.4044,data/Bombus/terrain/extraction/light/images/WB1_23_0132_S_1.jpg,0.1107,2026-09-08T15:24:16+00:00
WB1_23_0132_S_2,WB1_23_0132,OK,,2.3985,data/Bombus/terrain/extraction/light/images/WB1_23_0132_S_2.jpg,0.1071,2026-09-08T15:24:17+00:00
WB1_23_0132_S_3,WB1_23_0132,OK,,2.3952,data/Bombus/terrain/extraction/light/images/WB1_23_0132_S_3.jpg,0.1048,2026-09-08T15:24:17+00:00
WB1_23_0133_S_1,WB1_23_0133,OK,,2.2486,data/Bombus/terrain/extraction/light/images/WB1_23_0133_S_1.jpg,0.1017,2026-09-08T15:24:17+00:00
WB1_23_0133_S_2,WB1_23_0133,OK,,2.202,data/Bombus/terrain/extraction/light/images/WB1_23_0133_S_2.jpg,0.1041,2026-09-08T15:24:17+00:00
WB1_23_0133_S_3,WB1_23_0133,OK,,2.2544,data/Bombus/terrain/extraction/light/images/WB1_23_0133_S_3.jpg,0.1037,2026-09-08T15:24:17+00:00
WB1_23_0134_S_1,WB1_23_0134,OK,,2.3898,data/Bombus/terrain/extraction/light/images/WB1_23_0134_S_1.jpg,0.1174,2026-09-08T15:24:17+00:00
WB1_23_0134_S_2,WB1_23_0134,OK,,2.3926,data/Bombus/terrain/extraction/light/images/WB1_23_0134_S_2.jpg,0.1035,2026-09-08T15:24:17+00:00
WB1_23_0134_S_3,WB1_23_0134,OK,,2.4025,data/Bombus/terrain/extraction/light/images/WB1_23_0134_S_3.jpg,0.1282,2026-09-08T15:24:17+00:00
WB1_23_0135_S_1,WB1_23_0135,OK,,2.212,data/Bombus/terrain/extraction/light/images/WB1_23_0135_S_1.jpg,0.1082,2026-09-08T15:24:17+00:00
WB1_23_0135_S_2,WB1_23_0135,OK,,2.2004,data/Bombus/terrain/extraction/light/images/WB1_23_0135_S_2.jpg,0.1024,2026-09-08T15:24:17+00:00
WB1_23_0135_S_3,WB1_23_0135,OK,,2.2176,data/Bombus/terrain/extraction/light/images/WB1_23_0135_S_3.jpg,0.1056,2026-09-08T15:24:18+00:00
WB1_23_0135_S_4,WB1_23_0135,OK,,2.2548,data/Bombus/terrain/extraction/light/images/WB1_23_0135_S_4.jpg,0.1038,2026-09-08T15:24:18+00:00
WB1_23_0136_S_1,WB1_23_0136,OK,,2.1377,data/Bombus/terrain/extraction/light/images/WB1_23_0136_S_1.jpg,0.1113,2026-09-08T15:24:18+00:00
WB1_23_0137_S_1,WB1_23_0137,OK,,2.5514,data/Bombus/terrain/extraction/light/images/WB1_23_0137_S_1.jpg,0.1144,2026-09-08T15:24:18+00:00
WB1_23_0138_S_1,WB1_23_0138,OK,,2.3152,data/Bombus/terrain/extraction/light/images/WB1_23_0138_S_1.jpg,0.1159,2026-09-08T15:24:18+00:00
WB1_23_0139_S_1,WB1_23_0139,OK,,1.9168,data/Bombus/terrain/extraction/light/images/WB1_23_0139_S_1.jpg,0.0821,2026-09-08T15:24:18+00:00
WB1_23_0140_S_1,WB1_23_0140,OK,,2.0812,data/Bombus/terrain/extraction/light/images/WB1_23_0140_S_1.jpg,0.0863,2026-09-08T15:24:18+00:00
WB1_23_0141_S_1,WB1_23_0141,OK,,2.351,data/Bombus/terrain/extraction/light/images/WB1_23_0141_S_1.jpg,0.1048,2026-09-08T15:24:18+00:00
WB1_23_0142_S_1,WB1_23_0142,OK,,2.4556,data/Bombus/terrain/extraction/light/images/WB1_23_0142_S_1.jpg,0.0805,2026-09-08T15:24:18+00:00
WB1_23_0143_S_1,WB1_23_0143,OK,,2.2161,data/Bombus/terrain/extraction/light/images/WB1_23_0143_S_1.jpg,0.1342,2026-09-08T15:24:19+00:00
WB1_23_0144_S_1,WB1_23_0144,OK,,1.8182,data/Bombus/terrain/extraction/light/images/WB1_23_0144_S_1.jpg,0.1158,2026-09-08T15:24:19+00:00
WB1_23_0145_S_1,WB1_23_0145,OK,,2.5696,data/Bombus/terrain/extraction/light/images/WB1_23_0145_S_1.jpg,0.1036,2026-09-08T15:24:19+00:00
WB1_23_0146_S_1,WB1_23_0146,OK,,2.1885,data/Bombus/terrain/extraction/light/images/WB1_23_0146_S_1.jpg,0.116,2026-09-08T15:24:19+00:00
WB1_23_0147_S_1,WB1_23_0147,OK,,1.8351,data/Bombus/terrain/extraction/light/images/WB1_23_0147_S_1.jpg,0.0986,2026-09-08T15:24:19+00:00
WB1_23_0148_S_1,WB1_23_0148,OK,,2.4761,data/Bombus/terrain/extraction/light/images/WB1_23_0148_S_1.jpg,0.1029,2026-09-08T15:24:19+00:00
WB1_23_0149_S_1,WB1_23_0149,OK,,2.5222,data/Bombus/terrain/extraction/light/images/WB1_23_0149_S_1.jpg,0.0878,2026-09-08T15:24:19+00:00
WB1_23_0150_S_1,WB1_23_0150,OK,,2.3047,data/Bombus/terrain/extraction/light/images/WB1_23_0150_S_1.jpg,0.0887,2026-09-08T15:24:19+00:00
WB1_23_0151_S_1,WB1_23_0151,OK,,2.447,data/Bombus/terrain/extraction/light/images/WB1_23_0151_S_1.jpg,0.0902,2026-09-08T15:24:19+00:00
WB1_23_0152_S_1,WB1_23_0152,OK,,2.2789,data/Bombus/terrain/extraction/light/images/WB1_23_0152_S_1.jpg,0.0856,2026-09-08T15:24:19+00:00
WB1_23_0153_S_1,WB1_23_0153,OK,,2.4265,data/Bombus/terrain/extraction/light/images/WB1_23_0153_S_1.jpg,0.0966,2026-09-08T15:24:20+00:00
WB1_23_0154_S_1,WB1_23_0154,OK,,2.3216,data/Bombus/terrain/extraction/light/images/WB1_23_0154_S_1.jpg,0.0951,2026-09-08T15:24:20+00:00
