photo_id,inv_id,status,error_reason,aspect_ratio,output_path,processing_time_s,processed_at
WB1_23_0001_S_1,WB1_23_0001,OK,,2.2418,data/Bombus/terrain/extraction/light/images/WB1_23_0001_S_1.jpg,0.2186,2026-09-11T09:26:45+00:00
WB1_23_0001_S_2,WB1_23_0001,OK,,2.3153,data/Bombus/terrain/extraction/light/images/WB1_23_0001_S_2.jpg,0.2385,2026-09-11T09:26:45+00:00
WB1_23_0001_S_3,WB1_23_0001,OK,,2.2679,data/Bombus/terrain/extraction/light/images/WB1_23_0001_S_3.jpg,0.2301,2026-09-11T09:26:46+00:00
WB1_23_0002_S_1,WB1_23_0002,OK,,2.3062,data/Bombus/terrain/extraction/light/images/WB1_23_0002_S_1.jpg,0.2370,2026-09-11T09:26:46+00:00
WB1_23_0002_S_2,WB1_23_0002,OK,,2.3793,data/Bombus/terrain/extraction/light/images/WB1_23_0002_S_2.jpg,0.1879,2026-09-11T09:26:46+00:00
WB1_23_0002_S_3,WB1_23_0002,OK,,2.3273,data/Bombus/terrain/extraction/light/images/WB1_23_0002_S_3.jpg,0.1901,2026-09-11T09:26:46+00:00
WB1_23_0003_S_1,WB1_23_0003,OK,,1.8349,data/Bombus/terrain/extraction/light/images/WB1_23_0003_S_1.jpg,0.2266,2026-09-11T09:26:47+00:00
WB1_23_0003_S_2,WB1_23_0003,OK,,1.8515,data/Bombus/terrain/extraction/light/images/WB1_23_0003_S_2.jpg,0.2121,2026-09-11T09:26:47+00:00
WB1_23_0003_S_3,WB1_23_0003,OK,,1.9022,data/Bombus/terrain/extraction/light/images/WB1_23_0003_S_3.jpg,0.2355,2026-09-11T09:26:47+00:00
WB1_23_0004_S_1,WB1_23_0004,OK,,2.2251,data/Bombus/terrain/extraction/light/images/WB1_23_0004_S_1.jpg,0.2407,2026-09-11T09:26:47+00:00
WB1_23_0004_S_2,WB1_23_0004,OK,,2.2058,data/Bombus/terrain/extraction/light/images/WB1_23_0004_S_2.jpg,0.2271,2026-09-11T09:26:47+00:00
WB1_23_0004_S_3,WB1_23_0004,OK,,2.1647,data/Bombus/terrain/extraction/light/images/WB1_23_0004_S_3.jpg,0.1617,2026-09-11T09:26:48+00:00
WB1_23_0005_S_1,WB1_23_0005,OK,,2.3601,data/Bombus/terrain/extraction/light/images/WB1_23_0005_S_1.jpg,0.2307,2026-09-11T09:26:48+00:00
WB1_23_0005_S_2,WB1_23_0005,OK,,2.2044,data/Bombus/terrain/extraction/light/images/WB1_23_0005_S_2.jpg,0.2181,2026-09-11T09:26:48+00:00
WB1_23_0005_S_3,WB1_23_0005,OK,,2.0992,data/Bombus/terrain/extraction/light/images/WB1_23_0005_S_3.jpg,0.1608,2026-09-11T09:26:48+00:00
WB1_23_0006_S_1,WB1_23_0006,OK,,2.2073,data/Bombus/terrain/extraction/light/images/WB1_23_0006_S_1.jpg,0.2034,2026-09-11T09:26:48+00:00
WB1_23_0006_S_2,WB1_23_0006,OK,,2.0355,data/Bombus/terrain/extraction/light/images/WB1_23_0006_S_2.jpg,0.1971,2026-09-11T09:26:49+00:00
WB1_23_0006_S_3,WB1_23_0006,OK,,2.2785,data/Bombus/terrain/extraction/light/images/WB1_23_0006_S_3.jpg,0.1711,2026-09-11T09:26:49+00:00
WB1_23_0007_S_1,WB1_23_0007,OK,,2.1771,data/Bombus/terrain/extraction/light/images/WB1_23_0007_S_1.jpg,0.2663,2026-09-11T09:26:49+00:00
WB1_23_0007_S_2,WB1_23_0007,OK,,2.1601,data/Bombus/terrain/extraction/light/images/WB1_23_0007_S_2.jpg,0.2127,2026-09-11T09:26:49+00:00
WB1_23_0007_S_3,WB1_23_0007,OK,,1.9729,data/Bombus/terrain/extraction/light/images/WB1_23_0007_S_3.jpg,0.2171,2026-09-11T09:26:49+00:00
WB1_23_0008_S_1,WB1_23_0008,OK,,2.3355,data/Bombus/terrain/extraction/light/images/WB1_23_0008_S_1.jpg,0.1812,2026-09-11T09:26:50+00:00
WB1_23_0008_S_2,WB1_23_0008,OK,,2.1035,data/Bombus/terrain/extraction/light/images/WB1_23_0008_S_2.jpg,0.2152,2026-09-11T09:26:50+00:00
WB1_23_0008_S_3,WB1_23_0008,OK,,2.4076,data/Bombus/terrain/extraction/light/images/WB1_23_0008_S_3.jpg,0.1518,2026-09-11T09:26:50+00:00
WB1_23_0009_S_1,WB1_23_0009,OK,,2.4045,data/Bombus/terrain/extraction/light/images/WB1_23_0009_S_1.jpg,0.2118,2026-09-11T09:26:50+00:00
WB1_23_0009_S_2,WB1_23_0009,OK,,2.3424,data/Bombus/terrain/extraction/light/images/WB1_23_0009_S_2.jpg,0.1670,2026-09-11T09:26:50+00:00
WB1_23_0009_S_3,WB1_23_0009,OK,,2.3229,data/Bombus/terrain/extraction/light/images/WB1_23_0009_S_3.jpg,0.1686,2026-09-11T09:26:51+00:00
WB1_23_0010_S_1,WB1_23_0010,OK,,2.6956,data/Bombus/terrain/extraction/light/images/WB1_23_0010_S_1.jpg,0.2014,2026-09-11T09:26:51+00:00
WB1_23_0010_S_2,WB1_23_0010,OK,,2.5558,data/Bombus/terrain/extraction/light/images/WB1_23_0010_S_2.jpg,0.1854,2026-09-11T09:26:51+00:00
WB1_23_0010_S_3,WB1_23_0010,OK,,2.4690,data/Bombus/terrain/extraction/light/images/WB1_23_0010_S_3.jpg,0.1834,2026-09-11T09:26:51+00:00
WB1_23_0016_S_1,WB1_23_0016,OK,,1.8935,data/Bombus/terrain/extraction/light/images/WB1_23_0016_S_1.jpg,0.0925,2026-09-11T09:26:51+00:00
WB1_23_0016_S_2,WB1_23_0016,OK,,1.5467,data/Bombus/terrain/extraction/light/images/WB1_23_0016_S_2.jpg,0.0123,2026-09-11T09:26:51+00:00
WB1_23_0016_S_3,WB1_23_0016,OK,,1.8451,data/Bombus/terrain/extraction/light/images/WB1_23_0016_S_3.jpg,0.0773,2026-09-11T09:26:51+00:00
WB1_23_0017_S_1,WB1_23_0017,OK,,1.6328,data/Bombus/terrain/extraction/light/images/WB1_23_0017_S_1.jpg,0.0124,2026-09-11T09:26:51+00:00
WB1_23_0017_S_2,WB1_23_0017,OK,,1.9569,data/Bombus/terrain/extraction/light/images/WB1_23_0017_S_2.jpg,0.1186,2026-09-11T09:26:51+00:00
WB1_23_0017_S_3,WB1_23_0017,OK,,1.9931,data/Bombus/terrain/extraction/light/images/WB1_23_0017_S_3.jpg,0.1064,2026-09-11T09:26:52+00:00
WB1_23_0018_S_1,WB1_23_0018,OK,,2.1522,data/Bombus/terrain/extraction/light/images/WB1_23_0018_S_1.jpg,0.1036,2026-09-11T09:26:52+00:00
WB1_23_0018_S_2,WB1_23_0018,OK,,1.5683,data/Bombus/terrain/extraction/light/images/WB1_23_0018_S_2.jpg,0.0141,2026-09-11T09:26:52+00:00
WB1_23_0018_S_3,WB1_23_0018,OK,,2.0641,data/Bombus/terrain/extraction/light/images/WB1_23_0018_S_3.jpg,0.1139,2026-09-11T09:26:52+00:00
WB1_23_0019_S_1,WB1_23_0019,OK,,2.1784,data/Bombus/terrain/extraction/light/images/WB1_23_0019_S_1.jpg,0.1074,2026-09-11T09:26:52+00:00
WB1_23_0019_S_2,WB1_23_0019,OK,,2.1665,data/Bombus/terrain/extraction/light/images/WB1_23_0019_S_2.jpg,0.1018,2026-09-11T09:26:52+00:00
WB1_23_0019_S_3,WB1_23_0019,FAILED,detection_not_OK,,,0.0000,2026-09-11T09:26:52+00:00
WB1_23_0020_S_1,WB1_23_0020,OK,,2.3605,data/Bombus/terrain/extraction/light/images/WB1_23_0020_S_1.jpg,0.0898,2026-09-11T09:26:52+00:00
WB1_23_0020_S_2,WB1_23_0020,OK,,2.2895,data/Bombus/terrain/extraction/light/images/WB1_23_0020_S_2.jpg,0.1043,2026-09-11T09:26:52+00:00
WB1_23_0020_S_3,WB1_23_0020,OK,,2.3458,data/Bombus/terrain/extraction/light/images/WB1_23_0020_S_3.jpg,0.0804,2026-09-11T09:26:52+00:00
WB1_23_0021_S_1,WB1_23_0021,OK,,2.2174,data/Bombus/terrain/extraction/light/images/WB1_23_0021_S_1.jpg,0.1037,2026-09-11T09:26:52+00:00
WB1_23_0021_S_2,WB1_23_0021,OK,,2.1653,data/Bombus/terrain/extraction/light/images/WB1_23_0021_S_2.jpg,0.1190,2026-09-11T09:26:52+00:00
WB1_23_0021_S_3,WB1_23_0021,OK,,2.3244,data/Bombus/terrain/extraction/light/images/WB1_23_0021_S_3.jpg,0.1100,2026-09-11T09:26:53+00:00
WB1_23_0022_S_1,WB1_23_0022,OK,,2.3079,data/Bombus/terrain/extraction/light/images/WB1_23_0022_S_1.jpg,0.0730,2026-09-11T09:26:53+00:00
WB1_23_0022_S_2,WB1_23_0022,OK,,2.2104,data/Bombus/terrain/extraction/light/images/WB1_23_0022_S_2.jpg,0.0979,2026-09-11T09:26:53+00:00
WB1_23_0022_S_3,WB1_23_0022,OK,,2.2618,data/Bombus/terrain/extraction/light/images/WB1_23_0022_S_3.jpg,0.1022,2026-09-11T09:26:53+00:00
WB1_23_0023_S_1,WB1_23_0023,OK,,2.2538,data/Bombus/terrain/extraction/light/images/WB1_23_0023_S_1.jpg,0.0952,2026-09-11T09:26:53+00:00
WB1_23_0023_S_2,WB1_23_0023,OK,,1.6297,data/Bombus/terrain/extraction/light/images/WB1_23_0023_S_2.jpg,0.0273,2026-09-11T09:26:53+00:00
WB1_23_0023_S_3,WB1_23_0023,OK,,2.1719,data/Bombus/terrain/extraction/light/images/WB1_23_0023_S_3.jpg,0.0732,2026-09-11T09:26:53+00:00
WB1_23_0024_S_1,WB1_23_0024,OK,,2.3978,data/Bombus/terrain/extraction/light/images/WB1_23_0024_S_1.jpg,0.0758,2026-09-11T09:26:53+00:00
WB1_23_0024_S_2,WB1_23_0024,OK,,2.3071,data/Bombus/terrain/extraction/light/images/WB1_23_0024_S_2.jpg,0.0932,2026-09-11T09:26:53+00:00
WB1_23_0024_S_3,WB1_23_0024,OK,,2.2710,data/Bombus/terrain/extraction/light/images/WB1_23_0024_S_3.jpg,0.0878,2026-09-11T09:26:53+00:00
WB1_23_0025_S_1,WB1_23_0025,OK,,2.4566,data/Bombus/terrain/extraction/light/images/WB1_23_0025_S_1.jpg,0.0739,2026-09-11T09:26:53+00:00
WB1_23_0025_S_2,WB1_23_0025,OK,,1.8994,data/Bombus/terrain/extraction/light/images/WB1_23_0025_S_2.jpg,0.0276,2026-09-11T09:26:53+00:00
WB1_23_0025_S_3,WB1_23_0025,OK,,2.3345,data/Bombus/terrain/extraction/light/images/WB1_23_0025_S_3.jpg,0.0831,2026-09-11T09:26:54+00:00
WB1_23_0026_S_1,WB1_23_0026,OK,,2.4281,data/Bombus/terrain/extraction/light/images/WB1_23_0026_S_1.jpg,0.0734,2026-09-11T09:26:54+00:00
WB1_23_0026_S_2,WB1_23_0026,OK,,2.4914,data/Bombus/terrain/extraction/light/images/WB1_23_0026_S_2.jpg,0.0816,2026-09-11T09:26:54+00:00
WB1_23_0026_S_3,WB1_23_0026,OK,,2.4463,data/Bombus/terrain/extraction/light/images/WB1_23_0026_S_3.jpg,0.0823,2026-09-11T09:26:54+00:00
WB1_23_0031_S_1,WB1_23_0031,OK,,2.3408,data/Bombus/terrain/extraction/light/images/WB1_23_0031_S_1.jpg,0.1690,2026-09-11T09:26:54+00:00
WB1_23_0031_S_2,WB1_23_0031,OK,,2.3314,data/Bombus/terrain/extraction/light/images/WB1_23_0031_S_2.jpg,0.1418,2026-09-11T09:26:54+00:00
WB1_23_0031_S_3,WB1_23_0031,OK,,1.9434,data/Bombus/terrain/extraction/light/images/WB1_23_0031_S_3.jpg,0.1752,2026-09-11T09:26:54+00:00
WB1_23_0032_S_1,WB1_23_0032,OK,,2.3153,data/Bombus/terrain/extraction/light/images/WB1_23_0032_S_1.jpg,0.1339,2026-09-11T09:26:54+00:00
WB1_23_0032_S_2,WB1_23_0032,OK,,2.1728,data/Bombus/terrain/extraction/light/images/WB1_23_0032_S_2.jpg,0.1210,2026-09-11T09:26:54+00:00
WB1_23_0032_S_3,WB1_23_0032,OK,,2.1640,data/Bombus/terrain/extraction/light/images/WB1_23_0032_S_3.jpg,0.1257,2026-09-11T09:26:55+00:00
WB1_23_0033_S_1,WB1_23_0033,OK,,2.2542,data/Bombus/terrain/extraction/light/images/WB1_23_0033_S_1.jpg,0.1703,2026-09-11T09:26:55+00:00
WB1_23_0033_S_2,WB1_23_0033,OK,,2.0827,data/Bombus/terrain/extraction/light/images/WB1_23_0033_S_2.jpg,0.1790,2026-09-11T09:26:55+00:00
WB1_23_0033_S_3,WB1_23_0033,OK,,2.2304,data/Bombus/terrain/extraction/light/images/WB1_23_0033_S_3.jpg,0.1643,2026-09-11T09:26:55+00:00
WB1_23_0034_S_1,WB1_23_0034,OK,,2.0076,data/Bombus/terrain/extraction/light/images/WB1_23_0034_S_1.jpg,0.1749,2026-09-11T09:26:55+00:00
WB1_23_0034_S_2,WB1_23_0034,OK,,2.0615,data/Bombus/terrain/extraction/light/images/WB1_23_0034_S_2.jpg,0.1562,2026-09-11T09:26:55+00:00
WB1_23_0034_S_3,WB1_23_0034,OK,,2.2423,data/Bombus/terrain/extraction/light/images/WB1_23_0034_S_3.jpg,0.1723,2026-09-11T09:26:56+00:00
WB1_23_0035_S_1,WB1_23_0035,OK,,2.1046,data/Bombus/terrain/extraction/light/images/WB1_23_0035_S_1.jpg,0.1765,2026-09-11T09:26:56+00:00
WB1_23_0035_S_2,WB1_23_0035,OK,,2.1458,data/Bombus/terrain/extraction/light/images/WB1_23_0035_S_2.jpg,0.1466,2026-09-11T09:26:56+00:00
WB1_23_0035_S_3,WB1_23_0035,OK,,2.1247,data/Bombus/terrain/extraction/light/images/WB1_23_0035_S_3.jpg,0.1194,2026-09-11T09:26:56+00:00
WB1_23_0036_S_1,WB1_23_0036,OK,,2.1694,data/Bombus/terrain/extraction/light/images/WB1_23_0036_S_1.jpg,0.1488,2026-09-11T09:26:56+00:00
WB1_23_0036_S_2,WB1_23_0036,OK,,2.1792,data/Bombus/terrain/extraction/light/images/WB1_23_0036_S_2.jpg,0.1299,2026-09-11T09:26:56+00:00
WB1_23_0036_S_3,WB1_23_0036,OK,,2.1677,data/Bombus/terrain/extraction/light/images/WB1_23_0036_S_3.jpg,0.1283,2026-09-11T09:26:56+00:00
WB1_23_0037_S_1,WB1_23_0037,OK,,2.2936,data/Bombus/terrain/extraction/light/images/WB1_23_0037_S_1.jpg,0.1418,2026-09-11T09:26:57+00:00
WB1_23_0037_S_2,WB1_23_0037,OK,,2.4438,data/Bombus/terrain/extraction/light/images/WB1_23_0037_S_2.jpg,0.1304,2026-09-11T09:26:57+00:00
WB1_23_0037_S_3,WB1_23_0037,OK,,2.4347,data/Bombus/terrain/extraction/light/images/WB1_23_0037_S_3.jpg,0.1462,2026-09-11T09:26:57+00:00
WB1_23_0038_S_1,WB1_23_0038,OK,,2.1825,data/Bombus/terrain/extraction/light/images/WB1_23_0038_S_1.jpg,0.1480,2026-09-11T09:26:57+00:00
WB1_23_0038_S_2,WB1_23_0038,OK,,2.2252,data/Bombus/terrain/extraction/light/images/WB1_23_0038_S_2.jpg,0.1446,2026-09-11T09:26:57+00:00
WB1_23_0038_S_3,WB1_23_0038,OK,,2.1842,data/Bombus/terrain/extraction/light/images/WB1_23_0038_S_3.jpg,0.1485,2026-09-11T09:26:57+00:00
WB1_23_0039_S_1,WB1_23_0039,OK,,2.3000,data/Bombus/terrain/extraction/light/images/WB1_23_0039_S_1.jpg,0.1358,2026-09-11T09:26:57+00:00
WB1_23_0039_S_2,WB1_23_0039,OK,,2.3383,data/Bombus/terrain/extraction/light/images/WB1_23_0039_S_2.jpg,0.1366,2026-09-11T09:26:58+00:00
WB1_23_0039_S_3,WB1_23_0039,OK,,2.3950,data/Bombus/terrain/extraction/light/images/WB1_23_0039_S_3.jpg,0.1530,2026-09-11T09:26:58+00:00
WB1_23_0040_S_1,WB1_23_0040,OK,,2.4587,data/Bombus/terrain/extraction/light/images/WB1_23_0040_S_1.jpg,0.1762,2026-09-11T09:26:58+00:00
WB1_23_0040_S_2,WB1_23_0040,OK,,2.5794,data/Bombus/terrain/extraction/light/images/WB1_23_0040_S_2.jpg,0.1651,2026-09-11T09:26:58+00:00
WB1_23_0040_S_3,WB1_23_0040,OK,,2.5918,data/Bombus/terrain/extraction/light/images/WB1_23_0040_S_3.jpg,0.1649,2026-09-11T09:26:58+00:00
WB1_23_0061_S_1,WB1_23_0061,FAILED,detection_not_OK,,,0.0000,2026-09-11T09:26:58+00:00
WB1_23_0062_S_1,WB1_23_0062,OK,,1.9787,data/Bombus/terrain/extraction/light/images/WB1_23_0062_S_1.jpg,0.1275,2026-09-11T09:26:58+00:00
WB1_23_0062_S_2,WB1_23_0062,OK,,1.9671,data/Bombus/terrain/extraction/light/images/WB1_23_0062_S_2.jpg,0.1224,2026-09-11T09:26:59+00:00
WB1_23_0062_S_3,WB1_23_0062,OK,,2.0190,data/Bombus/terrain/extraction/light/images/WB1_23_0062_S_3.jpg,0.1250,2026-09-11T09:26:59+00:00
WB1_23_0063_S_1,WB1_23_0063,OK,,2.2035,data/Bombus/terrain/extraction/light/images/WB1_23_0063_S_1.jpg,0.1301,2026-09-11T09:26:59+00:00
WB1_23_0063_S_2,WB1_23_0063,OK,,2.2420,data/Bombus/terrain/extraction/light/images/WB1_23_0063_S_2.jpg,0.1356,2026-09-11T09:26:59+00:00
WB1_23_0063_S_3,WB1_23_0063,OK,,2.2368,data/Bombus/terrain/extraction/light/images/WB1_23_0063_S_3.jpg,0.1433,2026-09-11T09:26:59+00:00
WB1_23_0064_S_1,WB1_23_0064,OK,,2.0759,data/Bombus/terrain/extraction/light/images/WB1_23_0064_S_1.jpg,0.1575,2026-09-11T09:26:59+00:00
WB1_23_0064_S_2,WB1_23_0064,OK,,2.0807,data/Bombus/terrain/extraction/light/images/WB1_23_0064_S_2.jpg,0.1519,2026-09-11T09:26:59+00:00
WB1_23_0064_S_3,WB1_23_0064,OK,,2.0932,data/Bombus/terrain/extraction/light/images/WB1_23_0064_S_3.jpg,0.1469,2026-09-11T09:27:00+00:00
WB1_23_0065_S_1,WB1_23_0065,OK,,2.2193,data/Bombus/terrain/extraction/light/images/WB1_23_0065_S_1.jpg,0.1284,2026-09-11T09:27:00+00:00
WB1_23_0065_S_2,WB1_23_0065,OK,,2.1681,data/Bombus/terrain/extraction/light/images/WB1_23_0065_S_2.jpg,0.1235,2026-09-11T09:27:00+00:00
WB1_23_0065_S_3,WB1_23_0065,OK,,2.1687,data/Bombus/terrain/extraction/light/images/WB1_23_0065_S_3.jpg,0.1244,2026-09-11T09:27:00+00:00
WB1_23_0066_S_1,WB1_23_0066,OK,,2.7299,data/Bombus/terrain/extraction/light/images/WB1_23_0066_S_1.jpg,0.1181,2026-09-11T09:27:00+00:00
WB1_23_0066_S_2,WB1_23_0066,OK,,2.6509,data/Bombus/terrain/extraction/light/images/WB1_23_0066_S_2.jpg,0.1233,2026-09-11T09:27:00+00:00
WB1_23_0066_S_3,WB1_23_0066,OK,,2.6641,data/Bombus/terrain/extraction/light/images/WB1_23_0066_S_3.jpg,0.1202,2026-09-11T09:27:00+00:00
WB1_23_0067_S_1,WB1_23_0067,OK,,2.3149,data/Bombus/terrain/extraction/light/images/WB1_23_0067_S_1.jpg,0.1269,2026-09-11T09:27:00+00:00
WB1_23_0067_S_2,WB1_23_0067,OK,,2.3004,data/Bombus/terrain/extraction/light/images/WB1_23_0067_S_2.jpg,0.1260,2026-09-11T09:27:01+00:00
WB1_23_0067_S_3,WB1_23_0067,OK,,2.2827,data/Bombus/terrain/extraction/light/images/WB1_23_0067_S_3.jpg,0.1875,2026-09-11T09:27:01+00:00
WB1_23_0068_S_1,WB1_23_0068,OK,,2.3179,data/Bombus/terrain/extraction/light/images/WB1_23_0068_S_1.jpg,0.1268,2026-09-11T09:27:01+00:00
WB1_23_0068_S_2,WB1_23_0068,OK,,2.2869,data/Bombus/terrain/extraction/light/images/WB1_23_0068_S_2.jpg,0.1253,2026-09-11T09:27:01+00:00
WB1_23_0068_S_3,WB1_23_0068,OK,,2.3073,data/Bombus/terrain/extraction/light/images/WB1_23_0068_S_3.jpg,0.1240,2026-09-11T09:27:01+00:00
WB1_23_0069_S_1,WB1_23_0069,OK,,2.3951,data/Bombus/terrain/extraction/light/images/WB1_23_0069_S_1.jpg,0.1323,2026-09-11T09:27:01+00:00
WB1_23_0069_S_2,WB1_23_0069,OK,,2.4005,data/Bombus/terrain/extraction/light/images/WB1_23_0069_S_2.jpg,0.1312,2026-09-11T09:27:01+00:00
WB1_23_0069_S_3,WB1_23_0069,OK,,2.4069,data/Bombus/terrain/extraction/light/images/WB1_23_0069_S_3.jpg,0.1281,2026-09-11T09:27:01+00:00
WB1_23_0070_S_1,WB1_23_0070,OK,,2.4207,data/Bombus/terrain/extraction/light/images/WB1_23_0070_S_1.jpg,0.1413,2026-09-11T09:27:02+00:00
WB1_23_0070_S_2,WB1_23_0070,OK,,2.3943,data/Bombus/terrain/extraction/light/images/WB1_23_0070_S_2.jpg,0.1379,2026-09-11T09:27:02+00:00
WB1_23_0070_S_3,WB1_23_0070,OK,,2.4045,data/Bombus/terrain/extraction/light/images/WB1_23_0070_S_3.jpg,0.1348,2026-09-11T09:27:02+00:00
WB1_23_0076_S_1,WB1_23_0076,OK,,2.1805,data/Bombus/terrain/extraction/light/images/WB1_23_0076_S_1.jpg,0.1199,2026-09-11T09:27:02+00:00
WB1_23_0076_S_2,WB1_23_0076,OK,,2.2384,data/Bombus/terrain/extraction/light/images/WB1_23_0076_S_2.jpg,0.1141,2026-09-11T09:27:02+00:00
WB1_23_0076_S_3,WB1_23_0076,OK,,2.2419,data/Bombus/terrain/extraction/light/images/WB1_23_0076_S_3.jpg,0.1067,2026-09-11T09:27:02+00:00
WB1_23_0077_S_1,WB1_23_0077,OK,,2.5556,data/Bombus/terrain/extraction/light/images/WB1_23_0077_S_1.jpg,0.1245,2026-09-11T09:27:02+00:00
WB1_23_0077_S_2,WB1_23_0077,OK,,2.5835,data/Bombus/terrain/extraction/light/images/WB1_23_0077_S_2.jpg,0.1333,2026-09-11T09:27:02+00:00
WB1_23_0077_S_3,WB1_23_0077,OK,,2.4495,data/Bombus/terrain/extraction/light/images/WB1_23_0077_S_3.jpg,0.1465,2026-09-11T09:27:03+00:00
WB1_23_0078_S_1,WB1_23_0078,OK,,2.5556,data/Bombus/terrain/extraction/light/images/WB1_23_0078_S_1.jpg,0.1125,2026-09-11T09:27:03+00:00
WB1_23_0078_S_2,WB1_23_0078,OK,,2.5700,data/Bombus/terrain/extraction/light/images/WB1_23_0078_S_2.jpg,0.1196,2026-09-11T09:27:03+00:00
WB1_23_0078_S_3,WB1_23_0078,OK,,2.6039,data/Bombus/terrain/extraction/light/images/WB1_23_0078_S_3.jpg,0.1158,2026-09-11T09:27:03+00:00
WB1_23_0079_S_1,WB1_23_0079,OK,,2.3899,data/Bombus/terrain/extraction/light/images/WB1_23_0079_S_1.jpg,0.1227,2026-09-11T09:27:03+00:00
WB1_23_0079_S_2,WB1_23_0079,OK,,2.3931,data/Bombus/terrain/extraction/light/images/WB1_23_0079_S_2.jpg,0.1229,2026-09-11T09:27:03+00:00
WB1_23_0079_S_3,WB1_23_0079,OK,,2.3277,data/Bombus/terrain/extraction/light/images/WB1_23_0079_S_3.jpg,0.1209,2026-09-11T09:27:03+00:00
WB1_23_0080_S_1,WB1_23_0080,OK,,2.4151,data/Bombus/terrain/extraction/light/images/WB1_23_0080_S_1.jpg,0.1087,2026-09-11T09:27:03+00:00
WB1_23_0080_S_2,WB1_23_0080,OK,,2.3582,data/Bombus/terrain/extraction/light/images/WB1_23_0080_S_2.jpg,0.1140,2026-09-11T09:27:04+00:00
WB1_23_0080_S_3,WB1_23_0080,OK,,2.3927,data/Bombus/terrain/extraction/light/images/WB1_23_0080_S_3.jpg,0.1067,2026-09-11T09:27:04+00:00
WB1_23_0081_S_1,WB1_23_0081,OK,,2.7447,data/Bombus/terrain/extraction/light/images/WB1_23_0081_S_1.jpg,0.1419,2026-09-11T09:27:04+00:00
WB1_23_0081_S_2,WB1_23_0081,OK,,2.6606,data/Bombus/terrain/extraction/light/images/WB1_23_0081_S_2.jpg,0.1434,2026-09-11T09:27:04+00:00
WB1_23_0081_S_3,WB1_23_0081,OK,,2.7330,data/Bombus/terrain/extraction/light/images/WB1_23_0081_S_3.jpg,0.1469,2026-09-11T09:27:04+00:00
WB1_23_0082_S_1,WB1_23_0082,OK,,2.5232,data/Bombus/terrain/extraction/light/images/WB1_23_0082_S_1.jpg,0.1222,2026-09-11T09:27:04+00:00
WB1_23_0082_S_2,WB1_23_0082,OK,,2.6097,data/Bombus/terrain/extraction/light/images/WB1_23_0082_S_2.jpg,0.1183,2026-09-11T09:27:04+00:00
WB1_23_0082_S_3,WB1_23_0082,OK,,2.5590,data/Bombus/terrain/extraction/light/images/WB1_23_0082_S_3.jpg,0.1130,2026-09-11T09:27:04+00:00
WB1_23_0083_S_1,WB1_23_0083,OK,,2.5357,data/Bombus/terrain/extraction/light/images/WB1_23_0083_S_1.jpg,0.1582,2026-09-11T09:27:05+00:00
WB1_23_0083_S_2,WB1_23_0083,OK,,2.6333,data/Bombus/terrain/extraction/light/images/WB1_23_0083_S_2.jpg,0.1637,2026-09-11T09:27:05+00:00
WB1_23_0083_S_3,WB1_23_0083,OK,,2.6982,data/Bombus/terrain/extraction/light/images/WB1_23_0083_S_3.jpg,0.1624,2026-09-11T09:27:05+00:00
WB1_23_0084_S_1,WB1_23_0084,OK,,2.3966,data/Bombus/terrain/extraction/light/images/WB1_23_0084_S_1.jpg,0.1131,2026-09-11T09:27:05+00:00
WB1_23_0084_S_2,WB1_23_0084,OK,,2.3691,data/Bombus/terrain/extraction/light/images/WB1_23_0084_S_2.jpg,0.1137,2026-09-11T09:27:05+00:00
WB1_23_0084_S_3,WB1_23_0084,OK,,2.4106,data/Bombus/terrain/extraction/light/images/WB1_23_0084_S_3.jpg,0.1104,2026-09-11T09:27:05+00:00
WB1_23_0085_S_1,WB1_23_0085,OK,,2.1086,data/Bombus/terrain/extraction/light/images/WB1_23_0085_S_1.jpg,0.1369,2026-09-11T09:27:05+00:00
WB1_23_0085_S_2,WB1_23_0085,OK,,2.0353,data/Bombus/terrain/extraction/light/images/WB1_23_0085_S_2.jpg,0.1537,2026-09-11T09:27:06+00:00
WB1_23_0085_S_3,WB1_23_0085,OK,,2.1185,data/Bombus/terrain/extraction/light/images/WB1_23_0085_S_3.jpg,0.1593,2026-09-11T09:27:06+00:00
WB1_23_0086_S_1,WB1_23_0086,OK,,2.5323,data/Bombus/terrain/extraction/light/images/WB1_23_0086_S_1.jpg,0.1377,2026-09-11T09:27:06+00:00
WB1_23_0086_S_2,WB1_23_0086,OK,,2.4755,data/Bombus/terrain/extraction/light/images/WB1_23_0086_S_2.jpg,0.1483,2026-09-11T09:27:06+00:00
WB1_23_0086_S_3,WB1_23_0086,OK,,2.3499,data/Bombus/terrain/extraction/light/images/WB1_23_0086_S_3.jpg,0.1536,2026-09-11T09:27:06+00:00
WB1_23_0087_S_1,WB1_23_0087,OK,,2.3255,data/Bombus/terrain/extraction/light/images/WB1_23_0087_S_1.jpg,0.1416,2026-09-11T09:27:06+00:00
WB1_23_0087_S_2,WB1_23_0087,OK,,2.3879,data/Bombus/terrain/extraction/light/images/WB1_23_0087_S_2.jpg,0.1418,2026-09-11T09:27:06+00:00
WB1_23_0087_S_3,WB1_23_0087,OK,,2.2792,data/Bombus/terrain/extraction/light/images/WB1_23_0087_S_3.jpg,0.1488,2026-09-11T09:27:07+00:00
WB1_23_0091_S_1,WB1_23_0091,OK,,2.4529,data/Bombus/terrain/extraction/light/images/WB1_23_0091_S_1.jpg,0.1399,2026-09-11T09:27:07+00:00
WB1_23_0091_S_2,WB1_23_0091,OK,,2.4836,data/Bombus/terrain/extraction/light/images/WB1_23_0091_S_2.jpg,0.1469,2026-09-11T09:27:07+00:00
WB1_23_0091_S_3,WB1_23_0091,OK,,2.4115,data/Bombus/terrain/extraction/light/images/WB1_23_0091_S_3.jpg,0.1405,2026-09-11T09:27:07+00:00
WB1_23_0092_S_1,WB1_23_0092,OK,,2.2708,data/Bombus/terrain/extraction/light/images/WB1_23_0092_S_1.jpg,0.1209,2026-09-11T09:27:07+00:00
WB1_23_0092_S_2,WB1_23_0092,FAILED,detection_not_OK,,,0.0000,2026-09-11T09:27:07+00:00
WB1_23_0092_S_3,WB1_23_0092,OK,,2.2963,data/Bombus/terrain/extraction/light/images/WB1_23_0092_S_3.jpg,0.1249,2026-09-11T09:27:07+00:00
WB1_23_0093_S_1,WB1_23_0093,OK,,2.2729,data/Bombus/terrain/extraction/light/images/WB1_23_0093_S_1.jpg,0.1220,2026-09-11T09:27:07+00:00
WB1_23_0093_S_2,WB1_23_0093,OK,,2.2650,data/Bombus/terrain/extraction/light/images/WB1_23_0093_S_2.jpg,0.1243,2026-09-11T09:27:08+00:00
WB1_23_0093_S_3,WB1_23_0093,OK,,2.2553,data/Bombus/terrain/extraction/light/images/WB1_23_0093_S_3.jpg,0.1338,2026-09-11T09:27:08+00:00
WB1_23_0094_S_1,WB1_23_0094,OK,,2.4836,data/Bombus/terrain/extraction/light/images/WB1_23_0094_S_1.jpg,0.1310,2026-09-11T09:27:08+00:00
WB1_23_0094_S_2,WB1_23_0094,OK,,2.6066,data/Bombus/terrain/extraction/light/images/WB1_23_0094_S_2.jpg,0.1390,2026-09-11T09:27:08+00:00
WB1_23_0094_S_3,WB1_23_0094,OK,,2.5234,data/Bombus/terrain/extraction/light/images/WB1_23_0094_S_3.jpg,0.1294,2026-09-11T09:27:08+00:00
WB1_23_0095_S_1,WB1_23_0095,OK,,2.3909,data/Bombus/terrain/extraction/light/images/WB1_23_0095_S_1.jpg,0.1460,2026-09-11T09:27:08+00:00
WB1_23_0095_S_2,WB1_23_0095,OK,,2.3867,data/Bombus/terrain/extraction/light/images/WB1_23_0095_S_2.jpg,0.1376,2026-09-11T09:27:08+00:00
WB1_23_0095_S_3,WB1_23_0095,OK,,2.3369,data/Bombus/terrain/extraction/light/images/WB1_23_0095_S_3.jpg,0.1353,2026-09-11T09:27:08+00:00
WB1_23_0096_S_1,WB1_23_0096,OK,,2.3285,data/Bombus/terrain/extraction/light/images/WB1_23_0096_S_1.jpg,0.1245,2026-09-11T09:27:09+00:00
WB1_23_0096_S_2,WB1_23_0096,OK,,2.3121,data/Bombus/terrain/extraction/light/images/WB1_23_0096_S_2.jpg,0.1432,2026-09-11T09:27:09+00:00
WB1_23_0096_S_3,WB1_23_0096,OK,,2.2989,data/Bombus/terrain/extraction/light/images/WB1_23_0096_S_3.jpg,0.1350,2026-09-11T09:27:09+00:00
WB1_23_0097_S_1,WB1_23_0097,OK,,2.2892,data/Bombus/terrain/extraction/light/images/WB1_23_0097_S_1.jpg,0.1739,2026-09-11T09:27:09+00:00
WB1_23_0097_S_2,WB1_23_0097,OK,,2.3336,data/Bombus/terrain/extraction/light/images/WB1_23_0097_S_2.jpg,0.1208,2026-09-11T09:27:09+00:00
WB1_23_0097_S_3,WB1_23_0097,OK,,2.3420,data/Bombus/terrain/extraction/light/images/WB1_23_0097_S_3.jpg,0.1251,2026-09-11T09:27:09+00:00
WB1_23_0098_S_1,WB1_23_0098,OK,,2.4292,data/Bombus/terrain/extraction/light/images/WB1_23_0098_S_1.jpg,0.1385,2026-09-11T09:27:09+00:00
WB1_23_0098_S_2,WB1_23_0098,OK,,2.2658,data/Bombus/terrain/extraction/light/images/WB1_23_0098_S_2.jpg,0.1291,2026-09-11T09:27:10+00:00
WB1_23_0098_S_3,WB1_23_0098,OK,,2.3213,data/Bombus/terrain/extraction/light/images/WB1_23_0098_S_3.jpg,0.1284,2026-09-11T09:27:10+00:00
WB1_23_0099_S_1,WB1_23_0099,OK,,2.4975,data/Bombus/terrain/extraction/light/images/WB1_23_0099_S_1.jpg,0.1157,2026-09-11T09:27:10+00:00
WB1_23_0099_S_2,WB1_23_0099,OK,,2.4643,data/Bombus/terrain/extraction/light/images/WB1_23_0099_S_2.jpg,0.1309,2026-09-11T09:27:10+00:00
WB1_23_0099_S_3,WB1_23_0099,OK,,2.4691,data/Bombus/terrain/extraction/light/images/WB1_23_0099_S_3.jpg,0.1228,2026-09-11T09:27:10+00:00
WB1_23_0106_S_1,WB1_23_0106,OK,,2.4823,data/Bombus/terrain/extraction/light/images/WB1_23_0106_S_1.jpg,0.2101,2026-09-11T09:27:10+00:00
WB1_23_0106_S_2,WB1_23_0106,OK,,2.4813,data/Bombus/terrain/extraction/light/images/WB1_23_0106_S_2.jpg,0.2056,2026-09-11T09:27:10+00:00
WB1_23_0106_S_3,WB1_23_0106,OK,,2.4609,data/Bombus/terrain/extraction/light/images/WB1_23_0106_S_3.jpg,0.2151,2026-09-11T09:27:11+00:00
WB1_23_0107_S_1,WB1_23_0107,OK,,2.2981,data/Bombus/terrain/extraction/light/images/WB1_23_0107_S_1.jpg,0.2156,2026-09-11T09:27:11+00:00
WB1_23_0107_S_2,WB1_23_0107,OK,,2.3504,data/Bombus/terrain/extraction/light/images/WB1_23_0107_S_2.jpg,0.2082,2026-09-11T09:27:11+00:00
WB1_23_0107_S_3,WB1_23_0107,OK,,2.3230,data/Bombus/terrain/extraction/light/images/WB1_23_0107_S_3.jpg,0.2094,2026-09-11T09:27:11+00:00
WB1_23_0108_S_1,WB1_23_0108,OK,,2.3723,data/Bombus/terrain/extraction/light/images/WB1_23_0108_S_1.jpg,0.2106,2026-09-11T09:27:12+00:00
WB1_23_0108_S_2,WB1_23_0108,OK,,2.3868,data/Bombus/terrain/extraction/light/images/WB1_23_0108_S_2.jpg,0.2144,2026-09-11T09:27:12+00:00
WB1_23_0108_S_3,WB1_23_0108,OK,,2.4615,data/Bombus/terrain/extraction/light/images/WB1_23_0108_S_3.jpg,0.2246,2026-09-11T09:27:12+00:00
WB1_23_0109_S_1,WB1_23_0109,OK,,2.5176,data/Bombus/terrain/extraction/light/images/WB1_23_0109_S_1.jpg,0.2108,2026-09-11T09:27:12+00:00
WB1_23_0109_S_2,WB1_23_0109,OK,,2.5862,data/Bombus/terrain/extraction/light/images/WB1_23_0109_S_2.jpg,0.2135,2026-09-11T09:27:12+00:00
WB1_23_0110_S_1,WB1_23_0110,OK,,2.3584,data/Bombus/terrain/extraction/light/images/WB1_23_0110_S_1.jpg,0.2235,2026-09-11T09:27:13+00:00
WB1_23_0110_S_2,WB1_23_0110,OK,,2.4352,data/Bombus/terrain/extraction/light/images/WB1_23_0110_S_2.jpg,0.2101,2026-09-11T09:27:13+00:00
WB1_23_0111_S_1,WB1_23_0111,OK,,2.5545,data/Bombus/terrain/extraction/light/images/WB1_23_0111_S_1.jpg,0.2376,2026-09-11T09:27:13+00:00
WB1_23_0111_S_2,WB1_23_0111,OK,,2.5741,data/Bombus/terrain/extraction/light/images/WB1_23_0111_S_2.jpg,0.2392,2026-09-11T09:27:13+00:00
WB1_23_0111_S_3,WB1_23_0111,OK,,2.5202,data/Bombus/terrain/extraction/light/images/WB1_23_0111_S_3.jpg,0.2475,2026-09-11T09:27:14+00:00
WB1_23_0112_S_1,WB1_23_0112,OK,,2.6489,data/Bombus/terrain/extraction/light/images/WB1_23_0112_S_1.jpg,0.1780,2026-09-11T09:27:14+00:00
WB1_23_0112_S_2,WB1_23_0112,OK,,2.5786,data/Bombus/terrain/extraction/light/images/WB1_23_0112_S_2.jpg,0.2034,2026-09-11T09:27:14+00:00
WB1_23_0113_S_1,WB1_23_0113,OK,,2.7720,data/Bombus/terrain/extraction/light/images/WB1_23_0113_S_1.jpg,0.2162,2026-09-11T09:27:14+00:00
WB1_23_0113_S_2,WB1_23_0113,OK,,2.7513,data/Bombus/terrain/extraction/light/images/WB1_23_0113_S_2.jpg,0.2140,2026-09-11T09:27:14+00:00
WB1_23_0113_S_3,WB1_23_0113,OK,,2.7827,data/Bombus/terrain/extraction/light/images/WB1_23_0113_S_3.jpg,0.2238,2026-09-11T09:27:15+00:00
WB1_23_0114_S_1,WB1_23_0114,OK,,2.5341,data/Bombus/terrain/extraction/light/images/WB1_23_0114_S_1.jpg,0.3011,2026-09-11T09:27:15+00:00
WB1_23_0114_S_2,WB1_23_0114,OK,,2.6729,data/Bombus/terrain/extraction/light/images/WB1_23_0114_S_2.jpg,0.3106,2026-09-11T09:27:15+00:00
WB1_23_0114_S_3,WB1_23_0114,OK,,2.5639,data/Bombus/terrain/extraction/light/images/WB1_23_0114_S_3.jpg,0.2828,2026-09-11T09:27:15+00:00
WB1_23_0114_S_4,WB1_23_0114,OK,,2.6128,data/Bombus/terrain/extraction/light/images/WB1_23_0114_S_4.jpg,0.2919,2026-09-11T09:27:16+00:00
WB1_23_0115_S_1,WB1_23_0115,OK,,2.5348,data/Bombus/terrain/extraction/light/images/WB1_23_0115_S_1.jpg,0.2407,2026-09-11T09:27:16+00:00
WB1_23_0115_S_2,WB1_23_0115,OK,,2.4922,data/Bombus/terrain/extraction/light/images/WB1_23_0115_S_2.jpg,0.2462,2026-09-11T09:27:16+00:00
WB1_23_0115_S_3,WB1_23_0115,OK,,2.5370,data/Bombus/terrain/extraction/light/images/WB1_23_0115_S_3.jpg,0.2494,2026-09-11T09:27:17+00:00
WB1_23_0116_S_1,WB1_23_0116,OK,,2.7213,data/Bombus/terrain/extraction/light/images/WB1_23_0116_S_1.jpg,0.1423,2026-09-11T09:27:17+00:00
WB1_23_0116_S_2,WB1_23_0116,OK,,2.4834,data/Bombus/terrain/extraction/light/images/WB1_23_0116_S_2.jpg,0.1248,2026-09-11T09:27:17+00:00
WB1_23_0116_S_3,WB1_23_0116,OK,,2.4791,data/Bombus/terrain/extraction/light/images/WB1_23_0116_S_3.jpg,0.1242,2026-09-11T09:27:17+00:00
WB1_23_0117_S_1,WB1_23_0117,OK,,2.3671,data/Bombus/terrain/extraction/light/images/WB1_23_0117_S_1.jpg,0.1393,2026-09-11T09:27:17+00:00
WB1_23_0117_S_2,WB1_23_0117,OK,,2.4024,data/Bombus/terrain/extraction/light/images/WB1_23_0117_S_2.jpg,0.1428,2026-09-11T09:27:17+00:00
WB1_23_0117_S_3,WB1_23_0117,OK,,2.4056,data/Bombus/terrain/extraction/light/images/WB1_23_0117_S_3.jpg,0.1482,2026-09-11T09:27:17+00:00
WB1_23_0118_S_1,WB1_23_0118,OK,,2.5245,data/Bombus/terrain/extraction/light/images/WB1_23_0118_S_1.jpg,0.1398,2026-09-11T09:27:17+00:00
WB1_23_0118_S_2,WB1_23_0118,OK,,2.4897,data/Bombus/terrain/extraction/light/images/WB1_23_0118_S_2.jpg,0.1421,2026-09-11T09:27:18+00:00
WB1_23_0118_S_3,WB1_23_0118,OK,,2.4743,data/Bombus/terrain/extraction/light/images/WB1_23_0118_S_3.jpg,0.1436,2026-09-11T09:27:18+00:00
WB1_23_0119_S_1,WB1_23_0119,OK,,2.3630,data/Bombus/terrain/extraction/light/images/WB1_23_0119_S_1.jpg,0.1277,2026-09-11T09:27:18+00:00
WB1_23_0119_S_2,WB1_23_0119,OK,,2.3602,data/Bombus/terrain/extraction/light/images/WB1_23_0119_S_2.jpg,0.1222,2026-09-11T09:27:18+00:00
WB1_23_0119_S_3,WB1_23_0119,OK,,2.3615,data/Bombus/terrain/extraction/light/images/WB1_23_0119_S_3.jpg,0.1224,2026-09-11T09:27:18+00:00
WB1_23_0120_S_1,WB1_23_0120,OK,,2.0398,data/Bombus/terrain/extraction/light/images/WB1_23_0120_S_1.jpg,0.1424,2026-09-11T09:27:18+00:00
WB1_23_0120_S_2,WB1_23_0120,OK,,2.0661,data/Bombus/terrain/extraction/light/images/WB1_23_0120_S_2.jpg,0.1452,2026-09-11T09:27:18+00:00
WB1_23_0120_S_3,WB1_23_0120,OK,,2.6623,data/Bombus/terrain/extraction/light/images/WB1_23_0120_S_3.jpg,0.1279,2026-09-11T09:27:19+00:00
WB1_23_0121_S_1,WB1_23_0121,OK,,2.8085,data/Bombus/terrain/extraction/light/images/WB1_23_0121_S_1.jpg,0.1490,2026-09-11T09:27:19+00:00
WB1_23_0121_S_2,WB1_23_0121,OK,,2.5376,data/Bombus/terrain/extraction/light/images/WB1_23_0121_S_2.jpg,0.1434,2026-09-11T09:27:19+00:00
WB1_23_0121_S_3,WB1_23_0121,OK,,2.5264,data/Bombus/terrain/extraction/light/images/WB1_23_0121_S_3.jpg,0.1360,2026-09-11T09:27:19+00:00
WB1_23_0122_S_1,WB1_23_0122,OK,,2.3294,data/Bombus/terrain/extraction/light/images/WB1_23_0122_S_1.jpg,0.1146,2026-09-11T09:27:19+00:00
WB1_23_0122_S_2,WB1_23_0122,OK,,2.3281,data/Bombus/terrain/extraction/light/images/WB1_23_0122_S_2.jpg,0.1258,2026-09-11T09:27:19+00:00
WB1_23_0122_S_3,WB1_23_0122,OK,,2.3354,data/Bombus/terrain/extraction/light/images/WB1_23_0122_S_3.jpg,0.1259,2026-09-11T09:27:19+00:00
WB1_23_0123_S_1,WB1_23_0123,OK,,1.7534,data/Bombus/terrain/extraction/light/images/WB1_23_0123_S_1.jpg,0.1482,2026-09-11T09:27:19+00:00
WB1_23_0123_S_2,WB1_23_0123,OK,,1.7122,data/Bombus/terrain/extraction/light/images/WB1_23_0123_S_2.jpg,0.1442,2026-09-11T09:27:20+00:00
WB1_23_0123_S_3,WB1_23_0123,OK,,1.7136,data/Bombus/terrain/extraction/light/images/WB1_23_0123_S_3.jpg,0.1418,2026-09-11T09:27:20+00:00
WB1_23_0124_S_1,WB1_23_0124,OK,,1.6522,data/Bombus/terrain/extraction/light/images/WB1_23_0124_S_1.jpg,0.1400,2026-09-11T09:27:20+00:00
WB1_23_0124_S_2,WB1_23_0124,OK,,1.6255,data/Bombus/terrain/extraction/light/images/WB1_23_0124_S_2.jpg,0.1328,2026-09-11T09:27:20+00:00
WB1_23_0124_S_3,WB1_23_0124,OK,,1.6019,data/Bombus/terrain/extraction/light/images/WB1_23_0124_S_3.jpg,0.1389,2026-09-11T09:27:20+00:00
WB1_23_0125_S_1,WB1_23_0125,OK,,2.3478,data/Bombus/terrain/extraction/light/images/WB1_23_0125_S_1.jpg,0.1161,2026-09-11T09:27:20+00:00
WB1_23_0125_S_2,WB1_23_0125,OK,,2.3456,data/Bombus/terrain/extraction/light/images/WB1_23_0125_S_2.jpg,0.1190,2026-09-11T09:27:20+00:00
WB1_23_0125_S_3,WB1_23_0125,OK,,2.3088,data/Bombus/terrain/extraction/light/images/WB1_23_0125_S_3.jpg,0.1185,2026-09-11T09:27:21+00:00
WB1_23_0126_S_1,WB1_23_0126,OK,,2.4711,data/Bombus/terrain/extraction/light/images/WB1_23_0126_S_1.jpg,0.1635,2026-09-11T09:27:21+00:00
WB1_23_0126_S_2,WB1_23_0126,OK,,2.4686,data/Bombus/terrain/extraction/light/images/WB1_23_0126_S_2.jpg,0.1625,2026-09-11T09:27:21+00:00
WB1_23_0126_S_3,WB1_23_0126,OK,,2.3873,data/Bombus/terrain/extraction/light/images/WB1_23_0126_S_3.jpg,0.1607,2026-09-11T09:27:21+00:00
WB1_23_0127_S_1,WB1_23_0127,OK,,2.2379,data/Bombus/terrain/extraction/light/images/WB1_23_0127_S_1.jpg,0.2016,2026-09-11T09:27:21+00:00
WB1_23_0127_S_2,WB1_23_0127,OK,,2.1348,data/Bombus/terrain/extraction/light/images/WB1_23_0127_S_2.jpg,0.1916,2026-09-11T09:27:21+00:00
WB1_23_0127_S_3,WB1_23_0127,OK,,2.1985,data/Bombus/terrain/extraction/light/images/WB1_23_0127_S_3.jpg,0.1893,2026-09-11T09:27:22+00:00
WB1_23_0128_S_1,WB1_23_0128,OK,,2.0915,data/Bombus/terrain/extraction/light/images/WB1_23_0128_S_1.jpg,0.2224,2026-09-11T09:27:22+00:00
WB1_23_0128_S_2,WB1_23_0128,OK,,2.0992,data/Bombus/terrain/extraction/light/images/WB1_23_0128_S_2.jpg,0.2139,2026-09-11T09:27:22+00:00
WB1_23_0128_S_3,WB1_23_0128,OK,,2.0802,data/Bombus/terrain/extraction/light/images/WB1_23_0128_S_3.jpg,0.2226,2026-09-11T09:27:22+00:00
WB1_23_0129_S_1,WB1_23_0129,OK,,2.1120,data/Bombus/terrain/extraction/light/images/WB1_23_0129_S_1.jpg,0.1864,2026-09-11T09:27:22+00:00
WB1_23_0129_S_2,WB1_23_0129,OK,,2.1126,data/Bombus/terrain/extraction/light/images/WB1_23_0129_S_2.jpg,0.1798,2026-09-11T09:27:23+00:00
WB1_23_0129_S_3,WB1_23_0129,OK,,2.0550,data/Bombus/terrain/extraction/light/images/WB1_23_0129_S_3.jpg,0.1789,2026-09-11T09:27:23+00:00
WB1_23_0129_S_4,WB1_23_0129,OK,,2.0686,data/Bombus/terrain/extraction/light/images/WB1_23_0129_S_4.jpg,0.1823,2026-09-11T09:27:23+00:00
WB1_23_0130_S_1,WB1_23_0130,OK,,2.4180,data/Bombus/terrain/extraction/light/images/WB1_23_0130_S_1.jpg,0.1817,2026-09-11T09:27:23+00:00
WB1_23_0130_S_2,WB1_23_0130,OK,,2.6143,data/Bombus/terrain/extraction/light/images/WB1_23_0130_S_2.jpg,0.1937,2026-09-11T09:27:23+00:00
WB1_23_0130_S_3,WB1_23_0130,OK,,2.4211,data/Bombus/terrain/extraction/light/images/WB1_23_0130_S_3.jpg,0.1758,2026-09-11T09:27:24+00:00
WB1_23_0131_S_1,WB1_23_0131,OK,,2.4935,data/Bombus/terrain/extraction/light/images/WB1_23_0131_S_1.jpg,0.1623,2026-09-11T09:27:24+00:00
WB1_23_0131_S_2,WB1_23_0131,OK,,2.5254,data/Bombus/terrain/extraction/light/images/WB1_23_0131_S_2.jpg,0.1563,2026-09-11T09:27:24+00:00
WB1_23_0131_S_3,WB1_23_0131,OK,,2.4429,data/Bombus/terrain/extraction/light/images/WB1_23_0131_S_3.jpg,0.1596,2026-09-11T09:27:24+00:00
WB1_23_0132_S_1,WB1_23_0132,OK,,2.4044,data/Bombus/terrain/extraction/light/images/WB1_23_0132_S_1.jpg,0.1693,2026-09-11T09:27:24+00:00
WB1_23_0132_S_2,WB1_23_0132,OK,,2.3985,data/Bombus/terrain/extraction/light/images/WB1_23_0132_S_2.jpg,0.1648,2026-09-11T09:27:24+00:00
WB1_23_0132_S_3,WB1_23_0132,OK,,2.3952,data/Bombus/terrain/extraction/light/images/WB1_23_0132_S_3.jpg,0.1566,2026-09-11T09:27:25+00:00
WB1_23_0133_S_1,WB1_23_0133,OK,,2.2486,data/Bombus/terrain/extraction/light/images/WB1_23_0133_S_1.jpg,0.1600,2026-09-11T09:27:25+00:00
WB1_23_0133_S_2,WB1_23_0133,OK,,2.2020,data/Bombus/terrain/extraction/light/images/WB1_23_0133_S_2.jpg,0.1618,2026-09-11T09:27:25+00:00
WB1_23_0133_S_3,WB1_23_0133,OK,,2.2544,data/Bombus/terrain/extraction/light/images/WB1_23_0133_S_3.jpg,0.1616,2026-09-11T09:27:25+00:00
WB1_23_0134_S_1,WB1_23_0134,OK,,2.3898,data/Bombus/terrain/extraction/light/images/WB1_23_0134_S_1.jpg,0.1767,2026-09-11T09:27:25+00:00
WB1_23_0134_S_2,WB1_23_0134,OK,,2.3926,data/Bombus/terrain/extraction/light/images/WB1_23_0134_S_2.jpg,0.1634,2026-09-11T09:27:25+00:00
WB1_23_0134_S_3,WB1_23_0134,OK,,2.4025,data/Bombus/terrain/extraction/light/images/WB1_23_0134_S_3.jpg,0.1520,2026-09-11T09:27:25+00:00
WB1_23_0135_S_1,WB1_23_0135,OK,,2.2120,data/Bombus/terrain/extraction/light/images/WB1_23_0135_S_1.jpg,0.1642,2026-09-11T09:27:26+00:00
WB1_23_0135_S_2,WB1_23_0135,OK,,2.2004,data/Bombus/terrain/extraction/light/images/WB1_23_0135_S_2.jpg,0.1589,2026-09-11T09:27:26+00:00
WB1_23_0135_S_3,WB1_23_0135,OK,,2.2176,data/Bombus/terrain/extraction/light/images/WB1_23_0135_S_3.jpg,0.1626,2026-09-11T09:27:26+00:00
WB1_23_0135_S_4,WB1_23_0135,OK,,2.2548,data/Bombus/terrain/extraction/light/images/WB1_23_0135_S_4.jpg,0.1583,2026-09-11T09:27:26+00:00
WB1_23_0136_S_1,WB1_23_0136,OK,,2.1377,data/Bombus/terrain/extraction/light/images/WB1_23_0136_S_1.jpg,0.1555,2026-09-11T09:27:26+00:00
WB1_23_0137_S_1,WB1_23_0137,OK,,2.5514,data/Bombus/terrain/extraction/light/images/WB1_23_0137_S_1.jpg,0.1561,2026-09-11T09:27:26+00:00
WB1_23_0138_S_1,WB1_23_0138,OK,,2.3152,data/Bombus/terrain/extraction/light/images/WB1_23_0138_S_1.jpg,0.1616,2026-09-11T09:27:27+00:00
WB1_23_0139_S_1,WB1_23_0139,OK,,1.9168,data/Bombus/terrain/extraction/light/images/WB1_23_0139_S_1.jpg,0.1225,2026-09-11T09:27:27+00:00
WB1_23_0140_S_1,WB1_23_0140,OK,,2.0812,data/Bombus/terrain/extraction/light/images/WB1_23_0140_S_1.jpg,0.1268,2026-09-11T09:27:27+00:00
WB1_23_0141_S_1,WB1_23_0141,OK,,2.3510,data/Bombus/terrain/extraction/light/images/WB1_23_0141_S_1.jpg,0.1466,2026-09-11T09:27:27+00:00
WB1_23_0142_S_1,WB1_23_0142,OK,,2.4556,data/Bombus/terrain/extraction/light/images/WB1_23_0142_S_1.jpg,0.1122,2026-09-11T09:27:27+00:00
WB1_23_0143_S_1,WB1_23_0143,OK,,2.2161,data/Bombus/terrain/extraction/light/images/WB1_23_0143_S_1.jpg,0.1611,2026-09-11T09:27:27+00:00
WB1_23_0144_S_1,WB1_23_0144,OK,,1.8182,data/Bombus/terrain/extraction/light/images/WB1_23_0144_S_1.jpg,0.1596,2026-09-11T09:27:27+00:00
WB1_23_0145_S_1,WB1_23_0145,OK,,2.5696,data/Bombus/terrain/extraction/light/images/WB1_23_0145_S_1.jpg,0.1470,2026-09-11T09:27:28+00:00
WB1_23_0146_S_1,WB1_23_0146,OK,,2.1885,data/Bombus/terrain/extraction/light/images/WB1_23_0146_S_1.jpg,0.1555,2026-09-11T09:27:28+00:00
WB1_23_0147_S_1,WB1_23_0147,OK,,1.8351,data/Bombus/terrain/extraction/light/images/WB1_23_0147_S_1.jpg,0.1460,2026-09-11T09:27:28+00:00
WB1_23_0148_S_1,WB1_23_0148,OK,,2.4761,data/Bombus/terrain/extraction/light/images/WB1_23_0148_S_1.jpg,0.1460,2026-09-11T09:27:28+00:00
WB1_23_0149_S_1,WB1_23_0149,OK,,2.5222,data/Bombus/terrain/extraction/light/images/WB1_23_0149_S_1.jpg,0.1293,2026-09-11T09:27:28+00:00
WB1_23_0150_S_1,WB1_23_0150,OK,,2.3047,data/Bombus/terrain/extraction/light/images/WB1_23_0150_S_1.jpg,0.1330,2026-09-11T09:27:28+00:00
WB1_23_0151_S_1,WB1_23_0151,OK,,2.4470,data/Bombus/terrain/extraction/light/images/WB1_23_0151_S_1.jpg,0.1344,2026-09-11T09:27:28+00:00
WB1_23_0152_S_1,WB1_23_0152,OK,,2.2789,data/Bombus/terrain/extraction/light/images/WB1_23_0152_S_1.jpg,0.1280,2026-09-11T09:27:29+00:00
WB1_23_0153_S_1,WB1_23_0153,OK,,2.4265,data/Bombus/terrain/extraction/light/images/WB1_23_0153_S_1.jpg,0.1375,2026-09-11T09:27:29+00:00
WB1_23_0154_S_1,WB1_23_0154,OK,,2.3216,data/Bombus/terrain/extraction/light/images/WB1_23_0154_S_1.jpg,0.1365,2026-09-11T09:27:29+00:00
