photo_id,inv_id,status,error_reason,confidence,n_detections,x1,y1,x2,y2,x3,y3,x4,y4,processing_time_s,processed_at
WB1_23_0001_S_1,WB1_23_0001,OK,,0.8727,1,0.61869246,0.75008887,0.63001859,0.71957088,0.50830084,0.70529968,0.49697468,0.73581767,0.1581,2026-09-08T15:23:14+00:00
WB1_23_0001_S_2,WB1_23_0001,OK,,0.9051,1,0.50969052,0.77555549,0.52746016,0.73771495,0.37158361,0.71458995,0.35381395,0.75243050,0.1165,2026-09-08T15:23:14+00:00
WB1_23_0001_S_3,WB1_23_0001,OK,,0.8949,1,0.49591833,0.70582694,0.51000637,0.66996568,0.36531019,0.65200746,0.35122216,0.68786865,0.1132,2026-09-08T15:23:14+00:00
WB1_23_0002_S_1,WB1_23_0002,OK,,0.9312,1,0.56604332,0.68264747,0.54820740,0.64670527,0.40073314,0.66982514,0.41856909,0.70576739,0.1115,2026-09-08T15:23:14+00:00
WB1_23_0002_S_2,WB1_23_0002,OK,,0.9174,1,0.47752231,0.62823594,0.47540677,0.59208268,0.32236654,0.59491187,0.32448208,0.63106513,0.1099,2026-09-08T15:23:14+00:00
WB1_23_0002_S_3,WB1_23_0002,OK,,0.9281,1,0.60331023,0.66569275,0.59495938,0.63129884,0.45255077,0.64222246,0.46090165,0.67661637,0.1111,2026-09-08T15:23:14+00:00
WB1_23_0003_S_1,WB1_23_0003,OK,,0.9314,1,0.56173027,0.66114420,0.54226166,0.61572772,0.39399949,0.63580614,0.41346812,0.68122262,0.1122,2026-09-08T15:23:14+00:00
WB1_23_0003_S_2,WB1_23_0003,OK,,0.9417,1,0.53043252,0.64709967,0.51445693,0.60260010,0.36787051,0.61922556,0.38384613,0.66372514,0.1104,2026-09-08T15:23:15+00:00
WB1_23_0003_S_3,WB1_23_0003,OK,,0.9163,1,0.55487049,0.72712523,0.54084724,0.69835317,0.44347471,0.71334642,0.45749801,0.74211854,0.1104,2026-09-08T15:23:15+00:00
WB1_23_0004_S_1,WB1_23_0004,OK,,0.4589,2,0.69201100,0.58126581,0.67307866,0.54473287,0.52845186,0.56841105,0.54738414,0.60494393,0.1089,2026-09-08T15:23:15+00:00
WB1_23_0004_S_2,WB1_23_0004,OK,,0.8882,1,0.65849185,0.63879728,0.64530969,0.60351318,0.50683767,0.61985683,0.52001983,0.65514094,0.1098,2026-09-08T15:23:15+00:00
WB1_23_0004_S_3,WB1_23_0004,OK,,0.9223,1,0.54800874,0.71130925,0.54823643,0.67473298,0.40736988,0.67445600,0.40714222,0.71103227,0.1101,2026-09-08T15:23:15+00:00
WB1_23_0005_S_1,WB1_23_0005,OK,,0.9272,1,0.63703328,0.65967166,0.62152249,0.62531424,0.47725683,0.64589000,0.49276760,0.68024743,0.1122,2026-09-08T15:23:15+00:00
WB1_23_0005_S_2,WB1_23_0005,OK,,0.9409,2,0.70723563,0.69029725,0.69121933,0.64810658,0.52575040,0.66795111,0.54176670,0.71014178,0.1102,2026-09-08T15:23:15+00:00
WB1_23_0005_S_3,WB1_23_0005,OK,,0.9378,1,0.61052555,0.78190637,0.61068106,0.73985815,0.45364103,0.73967475,0.45348555,0.78172290,0.1121,2026-09-08T15:23:15+00:00
WB1_23_0006_S_1,WB1_23_0006,OK,,0.9439,1,0.63015538,0.77083743,0.64110303,0.72967845,0.47947013,0.71609634,0.46852249,0.75725532,0.1110,2026-09-08T15:23:15+00:00
WB1_23_0006_S_2,WB1_23_0006,OK,,0.9268,1,0.54851204,0.69523817,0.55530274,0.66350758,0.44039434,0.65573841,0.43360361,0.68746901,0.1113,2026-09-08T15:23:16+00:00
WB1_23_0006_S_3,WB1_23_0006,OK,,0.9231,1,0.58690703,0.56516176,0.59004855,0.53619576,0.47262648,0.53217250,0.46948496,0.56113851,0.1088,2026-09-08T15:23:16+00:00
WB1_23_0007_S_1,WB1_23_0007,OK,,0.3157,1,0.54087001,0.67568719,0.56016004,0.64018542,0.42264754,0.61658043,0.40335754,0.65208215,0.1153,2026-09-08T15:23:16+00:00
WB1_23_0007_S_2,WB1_23_0007,OK,,0.9275,1,0.50165612,0.68834639,0.51497269,0.64863431,0.36235073,0.63246596,0.34903416,0.67217809,0.1097,2026-09-08T15:23:16+00:00
WB1_23_0007_S_3,WB1_23_0007,OK,,0.9213,1,0.50313973,0.76003420,0.52043557,0.71892411,0.37613258,0.69974422,0.35883683,0.74085438,0.1087,2026-09-08T15:23:16+00:00
WB1_23_0008_S_1,WB1_23_0008,OK,,0.9208,1,0.52459991,0.71291524,0.52000105,0.68031174,0.38452694,0.68634874,0.38912582,0.71895224,0.1099,2026-09-08T15:23:16+00:00
WB1_23_0008_S_2,WB1_23_0008,OK,,0.9324,1,0.47278109,0.74925566,0.49174008,0.70303106,0.31875026,0.68061590,0.29979125,0.72684050,0.1101,2026-09-08T15:23:16+00:00
WB1_23_0008_S_3,WB1_23_0008,OK,,0.9220,1,0.57980663,0.62922060,0.58124256,0.58734977,0.40189412,0.58540666,0.40045822,0.62727749,0.1069,2026-09-08T15:23:16+00:00
WB1_23_0009_S_1,WB1_23_0009,OK,,0.9459,1,0.62665093,0.59874523,0.64164668,0.55005318,0.43334287,0.52978635,0.41834712,0.57847840,0.1115,2026-09-08T15:23:16+00:00
WB1_23_0009_S_2,WB1_23_0009,OK,,0.9371,1,0.64313596,0.71090496,0.63941151,0.63769716,0.33431935,0.64260072,0.33804381,0.71580845,0.1112,2026-09-08T15:23:17+00:00
WB1_23_0009_S_3,WB1_23_0009,OK,,0.9526,1,0.57117432,0.72185004,0.57288009,0.66397023,0.33367258,0.66174293,0.33196673,0.71962279,0.1119,2026-09-08T15:23:17+00:00
WB1_23_0010_S_1,WB1_23_0010,OK,,0.5851,1,0.57081562,0.60248554,0.57741040,0.56382179,0.39198712,0.55383009,0.38539234,0.59249389,0.1147,2026-09-08T15:23:17+00:00
WB1_23_0010_S_2,WB1_23_0010,OK,,0.7756,1,0.48347065,0.62963033,0.48886451,0.58687496,0.29445270,0.57912654,0.28905880,0.62188190,0.1133,2026-09-08T15:23:17+00:00
WB1_23_0010_S_3,WB1_23_0010,OK,,0.8637,2,0.47873825,0.66355747,0.48751962,0.61376870,0.26881072,0.60158217,0.26002932,0.65137100,0.1112,2026-09-08T15:23:17+00:00
WB1_23_0016_S_1,WB1_23_0016,OK,,0.9427,1,0.49353668,0.73996425,0.48705965,0.66138470,0.33826563,0.67364925,0.34474263,0.75222880,0.1273,2026-09-08T15:23:17+00:00
WB1_23_0016_S_2,WB1_23_0016,OK,,0.2234,1,0.39006695,0.48524609,0.38783160,0.14861441,0.00000000,0.15330450,0.00000000,0.48993617,0.0810,2026-09-08T15:23:17+00:00
WB1_23_0016_S_3,WB1_23_0016,OK,,0.9629,1,0.48557815,0.69585413,0.48730075,0.62149745,0.35010237,0.61831897,0.34837973,0.69267565,0.1237,2026-09-08T15:23:17+00:00
WB1_23_0017_S_1,WB1_23_0017,OK,,0.9524,1,0.35957569,0.53305829,0.34452921,0.24248271,0.00000000,0.27528319,0.00419740,0.56585878,0.0820,2026-09-08T15:23:17+00:00
WB1_23_0017_S_2,WB1_23_0017,OK,,0.9533,1,0.44578388,0.81508803,0.43293035,0.75470185,0.31476119,0.77985483,0.32761475,0.84024101,0.1224,2026-09-08T15:23:18+00:00
WB1_23_0017_S_3,WB1_23_0017,OK,,0.9359,1,0.53898650,0.70000803,0.52958977,0.63712585,0.40425858,0.65585464,0.41365531,0.71873677,0.1240,2026-09-08T15:23:18+00:00
WB1_23_0018_S_1,WB1_23_0018,OK,,0.9550,1,0.42538750,0.81326216,0.41815695,0.75777680,0.29874215,0.77333826,0.30597270,0.82882357,0.1232,2026-09-08T15:23:18+00:00
WB1_23_0018_S_2,WB1_23_0018,OK,,0.8571,1,0.37995479,0.48328403,0.35316372,0.17346449,0.00000000,0.22954059,0.01589116,0.53936011,0.0826,2026-09-08T15:23:18+00:00
WB1_23_0018_S_3,WB1_23_0018,OK,,0.9598,1,0.40559348,0.84628111,0.39537525,0.78486735,0.26861197,0.80595863,0.27883017,0.86737245,0.1232,2026-09-08T15:23:18+00:00
WB1_23_0019_S_1,WB1_23_0019,OK,,0.9602,1,0.49193403,0.73007816,0.48432639,0.67833644,0.37161374,0.69490862,0.37922138,0.74665034,0.1235,2026-09-08T15:23:18+00:00
WB1_23_0019_S_2,WB1_23_0019,OK,,0.9575,1,0.32844263,0.64667082,0.32043770,0.58665627,0.19041593,0.60399890,0.19842082,0.66401339,0.1255,2026-09-08T15:23:18+00:00
WB1_23_0019_S_3,WB1_23_0019,FAILED,no_detection,,0,,,,,,,,,0.0815,2026-09-08T15:23:18+00:00
WB1_23_0020_S_1,WB1_23_0020,OK,,0.9622,1,0.41240484,0.83463931,0.40823925,0.77606350,0.26997259,0.78589624,0.27413818,0.84447205,0.1256,2026-09-08T15:23:18+00:00
WB1_23_0020_S_2,WB1_23_0020,OK,,0.9585,1,0.37652686,0.82541925,0.36820397,0.76536024,0.23069805,0.78441566,0.23902094,0.84447467,0.1243,2026-09-08T15:23:19+00:00
WB1_23_0020_S_3,WB1_23_0020,OK,,0.9640,1,0.35228011,0.87863570,0.34887707,0.81775182,0.20605646,0.82573462,0.20945948,0.88661844,0.1235,2026-09-08T15:23:19+00:00
WB1_23_0021_S_1,WB1_23_0021,OK,,0.9607,1,0.36826959,0.78958672,0.36069277,0.73769879,0.24563853,0.75449944,0.25321537,0.80638736,0.1243,2026-09-08T15:23:19+00:00
WB1_23_0021_S_2,WB1_23_0021,OK,,0.9359,2,0.37394696,0.82216430,0.36445719,0.77618802,0.26490369,0.79673642,0.27439347,0.84271270,0.1242,2026-09-08T15:23:19+00:00
WB1_23_0021_S_3,WB1_23_0021,OK,,0.9524,1,0.42915809,0.81228828,0.41733077,0.73226935,0.23133476,0.75976074,0.24316208,0.83977968,0.1239,2026-09-08T15:23:19+00:00
WB1_23_0022_S_1,WB1_23_0022,OK,,0.9686,1,0.36065403,0.65732092,0.36113551,0.58380455,0.19147027,0.58269316,0.19098873,0.65620959,0.1240,2026-09-08T15:23:19+00:00
WB1_23_0022_S_2,WB1_23_0022,OK,,0.9760,2,0.31339461,0.81596762,0.30427310,0.73354656,0.12209245,0.75370836,0.13121396,0.83612943,0.1253,2026-09-08T15:23:19+00:00
WB1_23_0022_S_3,WB1_23_0022,OK,,0.9548,1,0.31287357,0.66854948,0.30390492,0.59799951,0.14433457,0.61828476,0.15330318,0.68883479,0.1285,2026-09-08T15:23:19+00:00
WB1_23_0023_S_1,WB1_23_0023,OK,,0.4237,1,0.46281675,0.75800234,0.45511252,0.66382027,0.24284266,0.68118405,0.25054681,0.77536613,0.1257,2026-09-08T15:23:20+00:00
WB1_23_0023_S_2,WB1_23_0023,OK,,0.9214,1,0.38125303,0.39658698,0.39533040,0.07310031,0.00000000,0.04237373,0.00000000,0.36586043,0.0875,2026-09-08T15:23:20+00:00
WB1_23_0023_S_3,WB1_23_0023,OK,,0.3891,2,0.41935879,0.62830877,0.41798782,0.52385068,0.19111712,0.52682817,0.19248806,0.63128632,0.1242,2026-09-08T15:23:20+00:00
WB1_23_0024_S_1,WB1_23_0024,OK,,0.9617,1,0.44393921,0.62076861,0.44200939,0.54101759,0.25078329,0.54564488,0.25271308,0.62539589,0.1270,2026-09-08T15:23:20+00:00
WB1_23_0024_S_2,WB1_23_0024,OK,,0.9719,1,0.44306034,0.81868184,0.43584195,0.73598826,0.24506016,0.75264180,0.25227860,0.83533543,0.1392,2026-09-08T15:23:20+00:00
WB1_23_0024_S_3,WB1_23_0024,OK,,0.6197,2,0.32234406,0.71122617,0.31765503,0.60843688,0.08422036,0.61908567,0.08890940,0.72187495,0.1306,2026-09-08T15:23:20+00:00
WB1_23_0025_S_1,WB1_23_0025,OK,,0.9702,1,0.44101894,0.60921913,0.44070742,0.53664351,0.26242080,0.53740883,0.26273239,0.60998452,0.1288,2026-09-08T15:23:20+00:00
WB1_23_0025_S_2,WB1_23_0025,OK,,0.9232,2,0.39523235,0.42929551,0.41101614,0.14335841,0.00377587,0.10337864,0.00000000,0.38931572,0.0888,2026-09-08T15:23:20+00:00
WB1_23_0025_S_3,WB1_23_0025,OK,,0.4774,1,0.45719483,0.76470530,0.46055719,0.64252096,0.17532128,0.63467163,0.17195891,0.75685591,0.1318,2026-09-08T15:23:21+00:00
WB1_23_0026_S_1,WB1_23_0026,OK,,0.9618,1,0.46653754,0.54977584,0.46638623,0.45658383,0.24010998,0.45695117,0.24026129,0.55014318,0.1340,2026-09-08T15:23:21+00:00
WB1_23_0026_S_2,WB1_23_0026,OK,,0.1137,1,0.41108707,0.48341992,0.40695739,0.38487619,0.16144946,0.39516470,0.16557913,0.49370843,0.1292,2026-09-08T15:23:21+00:00
WB1_23_0026_S_3,WB1_23_0026,OK,,0.9763,1,0.47442630,0.69041800,0.47854611,0.56124163,0.16254053,0.55116338,0.15842073,0.68033975,0.1272,2026-09-08T15:23:21+00:00
WB1_23_0031_S_1,WB1_23_0031,OK,,0.9684,1,0.55542272,0.55370450,0.55752885,0.49551940,0.37593180,0.49182191,0.37382567,0.55000705,0.1346,2026-09-08T15:23:21+00:00
WB1_23_0031_S_2,WB1_23_0031,OK,,0.9744,1,0.59095734,0.55094182,0.59090191,0.49419633,0.41450918,0.49429333,0.41456464,0.55103886,0.1376,2026-09-08T15:23:21+00:00
WB1_23_0031_S_3,WB1_23_0031,OK,,0.9416,1,0.40591776,0.58909506,0.39335665,0.53373533,0.24990609,0.55204415,0.26246721,0.60740387,0.1295,2026-09-08T15:23:21+00:00
WB1_23_0032_S_1,WB1_23_0032,OK,,0.8474,1,0.53727126,0.47015026,0.53966731,0.42897448,0.41255507,0.42481393,0.41015902,0.46598971,0.1249,2026-09-08T15:23:21+00:00
WB1_23_0032_S_2,WB1_23_0032,OK,,0.9402,1,0.58347988,0.51461720,0.58319360,0.47382262,0.46501070,0.47428909,0.46529698,0.51508367,0.1237,2026-09-08T15:23:22+00:00
WB1_23_0032_S_3,WB1_23_0032,OK,,0.8994,1,0.58731991,0.47816595,0.58706349,0.43733320,0.46924731,0.43774930,0.46950373,0.47858205,0.1243,2026-09-08T15:23:22+00:00
WB1_23_0033_S_1,WB1_23_0033,OK,,0.8820,1,0.51008594,0.55120045,0.50150687,0.51467079,0.39171284,0.52917498,0.40029192,0.56570464,0.1257,2026-09-08T15:23:22+00:00
WB1_23_0033_S_2,WB1_23_0033,OK,,0.7512,1,0.54438770,0.53077799,0.53433859,0.49392003,0.43198574,0.50961709,0.44203481,0.54647505,0.1246,2026-09-08T15:23:22+00:00
WB1_23_0033_S_3,WB1_23_0033,OK,,0.6450,1,0.50850052,0.52525133,0.50146782,0.49303278,0.40565419,0.50479710,0.41268685,0.53701562,0.1238,2026-09-08T15:23:22+00:00
WB1_23_0034_S_1,WB1_23_0034,OK,,0.5518,1,0.62312651,0.44575983,0.60056204,0.35143730,0.34807470,0.38541320,0.37063915,0.47973570,0.1242,2026-09-08T15:23:22+00:00
WB1_23_0034_S_2,WB1_23_0034,OK,,0.8318,2,0.56443453,0.55804664,0.54856533,0.45482925,0.26484841,0.47936571,0.28071767,0.58258307,0.1263,2026-09-08T15:23:22+00:00
WB1_23_0034_S_3,WB1_23_0034,OK,,0.8988,1,0.55949003,0.59077632,0.53949171,0.50880891,0.29443169,0.54244053,0.31443000,0.62440795,0.1254,2026-09-08T15:23:22+00:00
WB1_23_0035_S_1,WB1_23_0035,OK,,0.8076,1,0.54721045,0.62491727,0.56243122,0.57052284,0.40979481,0.54649788,0.39457405,0.60089231,0.1229,2026-09-08T15:23:23+00:00
WB1_23_0035_S_2,WB1_23_0035,OK,,0.4548,2,0.58589911,0.56425780,0.59242445,0.51588559,0.45402902,0.50538403,0.44750366,0.55375624,0.1227,2026-09-08T15:23:23+00:00
WB1_23_0035_S_3,WB1_23_0035,OK,,0.9156,1,0.60446364,0.58023065,0.60292488,0.52887708,0.45744088,0.53132915,0.45897961,0.58268273,0.1206,2026-09-08T15:23:23+00:00
WB1_23_0036_S_1,WB1_23_0036,OK,,0.9428,3,0.60989153,0.63031071,0.60233384,0.57463419,0.44128475,0.58693117,0.44884244,0.64260775,0.1235,2026-09-08T15:23:23+00:00
WB1_23_0036_S_2,WB1_23_0036,OK,,0.9412,1,0.57771266,0.63358074,0.57454431,0.57589310,0.40692505,0.58107150,0.41009340,0.63875920,0.1230,2026-09-08T15:23:23+00:00
WB1_23_0036_S_3,WB1_23_0036,OK,,0.9558,1,0.51798427,0.55881900,0.51694936,0.50638121,0.36538988,0.50806379,0.36642480,0.56050158,0.1253,2026-09-08T15:23:23+00:00
WB1_23_0037_S_1,WB1_23_0037,OK,,0.9050,1,0.71078783,0.71087348,0.70686203,0.61832577,0.42383978,0.62507880,0.42776549,0.71762645,0.1271,2026-09-08T15:23:23+00:00
WB1_23_0037_S_2,WB1_23_0037,OK,,0.9494,1,0.56867641,0.67664701,0.56986380,0.59949362,0.31846449,0.59731728,0.31727713,0.67447066,0.1229,2026-09-08T15:23:23+00:00
WB1_23_0037_S_3,WB1_23_0037,OK,,0.9321,1,0.62999308,0.67396516,0.63581216,0.59232533,0.37078679,0.58169949,0.36496770,0.66333932,0.1232,2026-09-08T15:23:24+00:00
WB1_23_0038_S_1,WB1_23_0038,OK,,0.9178,1,0.54425490,0.65178758,0.54948390,0.61022002,0.42852256,0.60166091,0.42329353,0.64322847,0.1241,2026-09-08T15:23:24+00:00
WB1_23_0038_S_2,WB1_23_0038,OK,,0.8862,1,0.50824308,0.63238859,0.51050246,0.59753132,0.40708500,0.59376073,0.40482566,0.62861794,0.1262,2026-09-08T15:23:24+00:00
WB1_23_0038_S_3,WB1_23_0038,OK,,0.8448,1,0.53942603,0.53812176,0.54402566,0.50247747,0.44021878,0.49494240,0.43561909,0.53058672,0.1247,2026-09-08T15:23:24+00:00
WB1_23_0039_S_1,WB1_23_0039,OK,,0.9500,1,0.57780653,0.48082706,0.57522297,0.43757528,0.44258663,0.44203183,0.44517019,0.48528358,0.1228,2026-09-08T15:23:24+00:00
WB1_23_0039_S_2,WB1_23_0039,OK,,0.9431,1,0.40528962,0.43075156,0.40398374,0.38769814,0.26975328,0.38998830,0.27105916,0.43304172,0.1264,2026-09-08T15:23:24+00:00
WB1_23_0039_S_3,WB1_23_0039,OK,,0.9471,1,0.46867016,0.62311691,0.46402809,0.57345378,0.30543953,0.58179188,0.31008157,0.63145500,0.1245,2026-09-08T15:23:24+00:00
WB1_23_0040_S_1,WB1_23_0040,OK,,0.9358,1,0.52776641,0.55250579,0.52317363,0.51582134,0.40291062,0.52429074,0.40750343,0.56097513,0.1252,2026-09-08T15:23:24+00:00
WB1_23_0040_S_2,WB1_23_0040,OK,,0.9530,1,0.57329869,0.62305999,0.56373733,0.56925595,0.37869585,0.58775276,0.38825724,0.64155680,0.1255,2026-09-08T15:23:25+00:00
WB1_23_0040_S_3,WB1_23_0040,OK,,0.9451,1,0.47601327,0.54850042,0.46464086,0.49218753,0.27003595,0.51429409,0.28140840,0.57060701,0.1242,2026-09-08T15:23:25+00:00
WB1_23_0061_S_1,WB1_23_0061,FAILED,no_detection,,0,,,,,,,,,0.1022,2026-09-08T15:23:25+00:00
WB1_23_0062_S_1,WB1_23_0062,OK,,0.9649,1,0.60576552,0.43235314,0.61121166,0.34276673,0.37486419,0.33468476,0.36941805,0.42427117,0.1167,2026-09-08T15:23:25+00:00
WB1_23_0062_S_2,WB1_23_0062,OK,,0.9684,1,0.55314666,0.44080138,0.55349171,0.35770875,0.33555719,0.35719964,0.33521214,0.44029230,0.1157,2026-09-08T15:23:25+00:00
WB1_23_0062_S_3,WB1_23_0062,OK,,0.9658,1,0.55029565,0.47165704,0.54874033,0.39102057,0.33166930,0.39337566,0.33322459,0.47401214,0.1157,2026-09-08T15:23:25+00:00
WB1_23_0063_S_1,WB1_23_0063,OK,,0.9554,1,0.60915941,0.59171599,0.61004710,0.53612494,0.44671932,0.53465790,0.44583163,0.59024894,0.1165,2026-09-08T15:23:25+00:00
WB1_23_0063_S_2,WB1_23_0063,OK,,0.9448,1,0.62480503,0.58868814,0.62767649,0.53314930,0.46165076,0.52832091,0.45877934,0.58385974,0.1172,2026-09-08T15:23:25+00:00
WB1_23_0063_S_3,WB1_23_0063,OK,,0.9525,1,0.62310231,0.58630389,0.62700278,0.53013420,0.45947859,0.52359062,0.45557812,0.57976031,0.1170,2026-09-08T15:23:26+00:00
WB1_23_0064_S_1,WB1_23_0064,OK,,0.9718,1,0.47456428,0.57189673,0.48930737,0.48458964,0.24764819,0.46163529,0.23290510,0.54894239,0.1160,2026-09-08T15:23:26+00:00
WB1_23_0064_S_2,WB1_23_0064,OK,,0.9644,1,0.47855639,0.57601082,0.49201578,0.49018744,0.25392097,0.46918389,0.24046159,0.55500728,0.1137,2026-09-08T15:23:26+00:00
WB1_23_0064_S_3,WB1_23_0064,OK,,0.9643,1,0.47850147,0.57772517,0.49018806,0.49181378,0.25041127,0.47346672,0.23872471,0.55937809,0.1147,2026-09-08T15:23:26+00:00
WB1_23_0065_S_1,WB1_23_0065,OK,,0.9387,2,0.58559304,0.53174573,0.58378828,0.48071030,0.43277344,0.48371425,0.43457821,0.53474963,0.1165,2026-09-08T15:23:26+00:00
WB1_23_0065_S_2,WB1_23_0065,OK,,0.9335,2,0.58145076,0.52767313,0.58106256,0.47746187,0.43591520,0.47809306,0.43630338,0.52830428,0.1175,2026-09-08T15:23:26+00:00
WB1_23_0065_S_3,WB1_23_0065,OK,,0.9341,1,0.58238286,0.52144808,0.58180553,0.47070706,0.43508622,0.47164604,0.43566352,0.52238703,0.1178,2026-09-08T15:23:26+00:00
WB1_23_0066_S_1,WB1_23_0066,OK,,0.9768,1,0.63148236,0.57688665,0.63020098,0.50104803,0.35415417,0.50367171,0.35543558,0.57951033,0.1146,2026-09-08T15:23:26+00:00
WB1_23_0066_S_2,WB1_23_0066,OK,,0.9651,1,0.61743337,0.58914512,0.61445802,0.51316226,0.34589183,0.51907778,0.34886718,0.59506065,0.1124,2026-09-08T15:23:26+00:00
WB1_23_0066_S_3,WB1_23_0066,OK,,0.9660,1,0.62563950,0.60634422,0.62400669,0.53031409,0.35394040,0.53357655,0.35557321,0.60960668,0.1125,2026-09-08T15:23:27+00:00
WB1_23_0067_S_1,WB1_23_0067,OK,,0.9595,1,0.65723610,0.58733457,0.65451831,0.49614111,0.37304461,0.50085962,0.37576237,0.59205312,0.1134,2026-09-08T15:23:27+00:00
WB1_23_0067_S_2,WB1_23_0067,OK,,0.9489,1,0.66485322,0.57463658,0.66156852,0.48309386,0.38078824,0.48876086,0.38407293,0.58030361,0.1136,2026-09-08T15:23:27+00:00
WB1_23_0067_S_3,WB1_23_0067,OK,,0.9484,1,0.71074265,0.57809269,0.70850861,0.48365095,0.42106161,0.48747563,0.42329559,0.58191741,0.1132,2026-09-08T15:23:27+00:00
WB1_23_0068_S_1,WB1_23_0068,OK,,0.9448,1,0.55544281,0.59133881,0.55961007,0.49599418,0.26494506,0.48874977,0.26077780,0.58409441,0.1131,2026-09-08T15:23:27+00:00
WB1_23_0068_S_2,WB1_23_0068,OK,,0.7329,1,0.57353139,0.61673045,0.57651627,0.52141225,0.28586674,0.51629245,0.28288183,0.61161071,0.1137,2026-09-08T15:23:27+00:00
WB1_23_0068_S_3,WB1_23_0068,OK,,0.9693,1,0.61451924,0.61397314,0.61792821,0.52201760,0.33504060,0.51611853,0.33163166,0.60807407,0.1137,2026-09-08T15:23:27+00:00
WB1_23_0069_S_1,WB1_23_0069,OK,,0.9487,1,0.58277202,0.64231896,0.57867527,0.56839317,0.34259167,0.57575244,0.34668845,0.64967823,0.1155,2026-09-08T15:23:27+00:00
WB1_23_0069_S_2,WB1_23_0069,OK,,0.9643,1,0.57981145,0.63864189,0.57640839,0.56505781,0.34088945,0.57118464,0.34429252,0.64476871,0.1151,2026-09-08T15:23:27+00:00
WB1_23_0069_S_3,WB1_23_0069,OK,,0.9646,1,0.61327821,0.63898796,0.61032820,0.56382257,0.36910823,0.56914788,0.37205827,0.64431328,0.1148,2026-09-08T15:23:28+00:00
WB1_23_0070_S_1,WB1_23_0070,OK,,0.9781,1,0.52851838,0.61039436,0.52180463,0.53910786,0.29172480,0.55129659,0.29843855,0.62258309,0.1151,2026-09-08T15:23:28+00:00
WB1_23_0070_S_2,WB1_23_0070,OK,,0.9544,1,0.52125400,0.61534488,0.51641661,0.54347515,0.28698236,0.55216181,0.29181981,0.62403154,0.1144,2026-09-08T15:23:28+00:00
WB1_23_0070_S_3,WB1_23_0070,OK,,0.9638,1,0.54934198,0.61037248,0.54460484,0.53921187,0.31646597,0.54775459,0.32120311,0.61891520,0.1163,2026-09-08T15:23:28+00:00
WB1_23_0076_S_1,WB1_23_0076,OK,,0.9660,1,0.55299681,0.61675036,0.55606294,0.56077582,0.29176757,0.55768836,0.28870142,0.61366290,0.0818,2026-09-08T15:23:28+00:00
WB1_23_0076_S_2,WB1_23_0076,OK,,0.9460,1,0.37493354,0.59876418,0.37811890,0.53038627,0.04668748,0.52709359,0.04350211,0.59547150,0.0808,2026-09-08T15:23:28+00:00
WB1_23_0076_S_3,WB1_23_0076,OK,,0.9560,1,0.36424336,0.59787112,0.36411923,0.53035599,0.03635756,0.53048450,0.03648171,0.59799969,0.0812,2026-09-08T15:23:28+00:00
WB1_23_0077_S_1,WB1_23_0077,OK,,0.9384,1,0.49440902,0.58928227,0.48462838,0.51498652,0.07348155,0.52652949,0.08326218,0.60082525,0.0823,2026-09-08T15:23:28+00:00
WB1_23_0077_S_2,WB1_23_0077,OK,,0.9151,1,0.46510738,0.55939096,0.45030177,0.48128134,0.01333317,0.49894539,0.02813879,0.57705504,0.0840,2026-09-08T15:23:28+00:00
WB1_23_0077_S_3,WB1_23_0077,OK,,0.8329,1,0.43674958,0.54482198,0.41420397,0.46373299,0.00000000,0.48923656,0.00663551,0.57032561,0.0838,2026-09-08T15:23:28+00:00
WB1_23_0078_S_1,WB1_23_0078,OK,,0.9299,1,0.43449259,0.68734193,0.43042755,0.61984473,0.05690034,0.62464225,0.06096534,0.69213939,0.0789,2026-09-08T15:23:29+00:00
WB1_23_0078_S_2,WB1_23_0078,OK,,0.9371,1,0.45048383,0.72885102,0.44268578,0.66483521,0.08643698,0.67409009,0.09423506,0.73810589,0.0795,2026-09-08T15:23:29+00:00
WB1_23_0078_S_3,WB1_23_0078,OK,,0.9506,1,0.61481416,0.70004404,0.61157852,0.63089538,0.22168340,0.63478613,0.22491904,0.70393485,0.0821,2026-09-08T15:23:29+00:00
WB1_23_0079_S_1,WB1_23_0079,OK,,0.9261,1,0.50298440,0.66076142,0.49275759,0.58070099,0.07843822,0.59198791,0.08866505,0.67204833,0.0802,2026-09-08T15:23:29+00:00
WB1_23_0079_S_2,WB1_23_0079,OK,,0.9550,1,0.50702173,0.67273498,0.49731186,0.59305125,0.08438343,0.60378224,0.09409332,0.68346596,0.0832,2026-09-08T15:23:29+00:00
WB1_23_0079_S_3,WB1_23_0079,OK,,0.9460,2,0.44657773,0.68165016,0.44156075,0.60343677,0.04733660,0.60882974,0.05235360,0.68704307,0.0815,2026-09-08T15:23:29+00:00
WB1_23_0080_S_1,WB1_23_0080,OK,,0.9644,1,0.38123438,0.53734291,0.38543200,0.47842312,0.07730599,0.47374165,0.07310840,0.53266144,0.0776,2026-09-08T15:23:29+00:00
WB1_23_0080_S_2,WB1_23_0080,OK,,0.9622,1,0.37294069,0.51579589,0.37906751,0.44905603,0.03825845,0.44238371,0.03213163,0.50912356,0.0786,2026-09-08T15:23:29+00:00
WB1_23_0080_S_3,WB1_23_0080,OK,,0.9476,1,0.34512484,0.51773614,0.34873423,0.45563138,0.02695785,0.45164311,0.02334848,0.51374787,0.0788,2026-09-08T15:23:29+00:00
WB1_23_0081_S_1,WB1_23_0081,OK,,0.8819,1,0.43694165,0.56141996,0.41337168,0.48982891,0.00000000,0.51970458,0.01144177,0.59129560,0.0780,2026-09-08T15:23:29+00:00
WB1_23_0081_S_2,WB1_23_0081,OK,,0.8560,1,0.43428862,0.54758322,0.40943950,0.47498295,0.00000000,0.50551486,0.01601311,0.57811511,0.0795,2026-09-08T15:23:29+00:00
WB1_23_0081_S_3,WB1_23_0081,OK,,0.8285,1,0.42461544,0.53559750,0.39798370,0.46509063,0.00000000,0.49870354,0.00734308,0.56921035,0.0785,2026-09-08T15:23:29+00:00
WB1_23_0082_S_1,WB1_23_0082,OK,,0.9338,1,0.43258965,0.50177407,0.42289913,0.43001741,0.03084080,0.44130892,0.04053132,0.51306558,0.0788,2026-09-08T15:23:29+00:00
WB1_23_0082_S_2,WB1_23_0082,OK,,0.9356,1,0.39430431,0.50468510,0.38707107,0.43560421,0.00000000,0.44432133,0.00393004,0.51340222,0.0799,2026-09-08T15:23:30+00:00
WB1_23_0082_S_3,WB1_23_0082,OK,,0.9441,1,0.37212649,0.49126136,0.36730656,0.42496303,0.00000000,0.43065891,0.00475207,0.49695724,0.0794,2026-09-08T15:23:30+00:00
WB1_23_0083_S_1,WB1_23_0083,OK,,0.9257,1,0.44291142,0.60805142,0.41645619,0.53984481,0.04194663,0.57082379,0.06840190,0.63903034,0.0814,2026-09-08T15:23:30+00:00
WB1_23_0083_S_2,WB1_23_0083,OK,,0.9214,1,0.48392859,0.63025588,0.45468643,0.56665999,0.09205652,0.60222006,0.12129867,0.66581595,0.0794,2026-09-08T15:23:30+00:00
WB1_23_0083_S_3,WB1_23_0083,OK,,0.9237,1,0.43593249,0.63164318,0.40816641,0.57208085,0.06015801,0.60667884,0.08792407,0.66624123,0.0810,2026-09-08T15:23:30+00:00
WB1_23_0084_S_1,WB1_23_0084,OK,,0.9391,1,0.43235111,0.67361897,0.42715433,0.60431838,0.06751219,0.61006993,0.07270894,0.67937046,0.0806,2026-09-08T15:23:30+00:00
WB1_23_0084_S_2,WB1_23_0084,OK,,0.9545,1,0.43938237,0.67138278,0.43297693,0.60213077,0.07770243,0.60913879,0.08410785,0.67839080,0.0786,2026-09-08T15:23:30+00:00
WB1_23_0084_S_3,WB1_23_0084,OK,,0.9523,1,0.43896413,0.67937088,0.43568084,0.61158222,0.08183361,0.61523724,0.08511687,0.68302590,0.0797,2026-09-08T15:23:30+00:00
WB1_23_0085_S_1,WB1_23_0085,OK,,0.9338,1,0.45905000,0.61826223,0.43834463,0.54951036,0.12442295,0.56967264,0.14512835,0.63842452,0.0778,2026-09-08T15:23:30+00:00
WB1_23_0085_S_2,WB1_23_0085,OK,,0.9325,1,0.37707606,0.61998463,0.35006604,0.55299008,0.05479963,0.57837743,0.08180966,0.64537197,0.0810,2026-09-08T15:23:30+00:00
WB1_23_0085_S_3,WB1_23_0085,OK,,0.9430,1,0.42729473,0.60849100,0.40185305,0.54205537,0.09707882,0.56694627,0.12252048,0.63338190,0.0823,2026-09-08T15:23:30+00:00
WB1_23_0086_S_1,WB1_23_0086,OK,,0.9331,1,0.35396653,0.62620789,0.34005877,0.56548870,0.00710706,0.58175290,0.02101483,0.64247203,0.0816,2026-09-08T15:23:30+00:00
WB1_23_0086_S_2,WB1_23_0086,OK,,0.9314,1,0.33206022,0.63777429,0.31465694,0.57754004,0.00000000,0.59743559,0.00917273,0.65766984,0.0817,2026-09-08T15:23:31+00:00
WB1_23_0086_S_3,WB1_23_0086,OK,,0.8726,1,0.30979988,0.63294613,0.29076585,0.57210517,0.00000000,0.59276080,0.00021043,0.65360177,0.0816,2026-09-08T15:23:31+00:00
WB1_23_0087_S_1,WB1_23_0087,OK,,0.9394,1,0.37210196,0.61672378,0.35119909,0.54691154,0.00000000,0.56935978,0.02055074,0.63917202,0.0806,2026-09-08T15:23:31+00:00
WB1_23_0087_S_2,WB1_23_0087,OK,,0.9397,1,0.39581412,0.64143515,0.37784019,0.57580113,0.03845898,0.59562188,0.05643293,0.66125590,0.0828,2026-09-08T15:23:31+00:00
WB1_23_0087_S_3,WB1_23_0087,OK,,0.9396,1,0.37830886,0.65157288,0.36082956,0.58312386,0.02301247,0.60152125,0.04049174,0.66997027,0.0834,2026-09-08T15:23:31+00:00
WB1_23_0091_S_1,WB1_23_0091,OK,,0.9572,1,0.54736495,0.52629566,0.53584361,0.44171640,0.25922266,0.46291199,0.27074397,0.54749131,0.1196,2026-09-08T15:23:31+00:00
WB1_23_0091_S_2,WB1_23_0091,OK,,0.9583,1,0.55223131,0.52443379,0.54399675,0.44139773,0.26902363,0.45673630,0.27725819,0.53977239,0.1237,2026-09-08T15:23:31+00:00
WB1_23_0091_S_3,WB1_23_0091,OK,,0.8836,1,0.53162855,0.53222704,0.52406174,0.45199916,0.26610649,0.46568447,0.27367333,0.54591238,0.1234,2026-09-08T15:23:31+00:00
WB1_23_0092_S_1,WB1_23_0092,OK,,0.9418,1,0.59163272,0.54004782,0.58819413,0.42969346,0.25406480,0.43554989,0.25750345,0.54590428,0.1216,2026-09-08T15:23:31+00:00
WB1_23_0092_S_2,WB1_23_0092,FAILED,no_detection,,0,,,,,,,,,0.1226,2026-09-08T15:23:31+00:00
WB1_23_0092_S_3,WB1_23_0092,OK,,0.8925,1,0.60100913,0.53972584,0.59747720,0.44216681,0.29878324,0.44824937,0.30231515,0.54580837,0.1245,2026-09-08T15:23:32+00:00
WB1_23_0093_S_1,WB1_23_0093,OK,,0.9354,1,0.65624171,0.46764380,0.65671456,0.35787147,0.32404271,0.35706535,0.32356983,0.46683767,0.1252,2026-09-08T15:23:32+00:00
WB1_23_0093_S_2,WB1_23_0093,OK,,0.9041,1,0.62577438,0.50655907,0.62574470,0.40095153,0.30681661,0.40100205,0.30684632,0.50660956,0.1268,2026-09-08T15:23:32+00:00
WB1_23_0093_S_3,WB1_23_0093,OK,,0.8827,1,0.64818102,0.50846046,0.64036030,0.40514174,0.32967967,0.41837007,0.33750039,0.52168882,0.1244,2026-09-08T15:23:32+00:00
WB1_23_0094_S_1,WB1_23_0094,OK,,0.8887,1,0.67041045,0.56515414,0.66563570,0.46186957,0.32360980,0.47076350,0.32838449,0.57404804,0.1253,2026-09-08T15:23:32+00:00
WB1_23_0094_S_2,WB1_23_0094,OK,,0.9394,1,0.58637691,0.51235652,0.58023012,0.42652968,0.28194490,0.43854630,0.28809172,0.52437311,0.1234,2026-09-08T15:23:32+00:00
WB1_23_0094_S_3,WB1_23_0094,OK,,0.6510,1,0.59041959,0.53988290,0.58549458,0.44799218,0.27631968,0.45731318,0.28124470,0.54920393,0.1242,2026-09-08T15:23:32+00:00
WB1_23_0095_S_1,WB1_23_0095,OK,,0.9488,1,0.48354894,0.61045682,0.47685757,0.52634913,0.20873097,0.53834802,0.21542227,0.62245566,0.1246,2026-09-08T15:23:32+00:00
WB1_23_0095_S_2,WB1_23_0095,OK,,0.9560,1,0.50420099,0.50372952,0.50064641,0.42144194,0.23878306,0.42780474,0.24233763,0.51009232,0.1258,2026-09-08T15:23:33+00:00
WB1_23_0095_S_3,WB1_23_0095,OK,,0.9592,1,0.54343969,0.55780876,0.54155356,0.47423384,0.28114861,0.47753942,0.28303468,0.56111437,0.1262,2026-09-08T15:23:33+00:00
WB1_23_0096_S_1,WB1_23_0096,OK,,0.9319,2,0.58920455,0.49300870,0.58840096,0.40925628,0.32837775,0.41065955,0.32918128,0.49441195,0.1237,2026-09-08T15:23:33+00:00
WB1_23_0096_S_2,WB1_23_0096,OK,,0.9155,2,0.43661109,0.61383826,0.43351975,0.54123294,0.20969023,0.54659361,0.21278155,0.61919892,0.1289,2026-09-08T15:23:33+00:00
WB1_23_0096_S_3,WB1_23_0096,OK,,0.9103,3,0.47639355,0.53236955,0.47474998,0.46424517,0.26593092,0.46707913,0.26757455,0.53520352,0.1249,2026-09-08T15:23:33+00:00
WB1_23_0097_S_1,WB1_23_0097,OK,,0.7297,3,0.55892491,0.73207468,0.58147305,0.63860875,0.29618752,0.59989554,0.27363941,0.69336146,0.1243,2026-09-08T15:23:33+00:00
WB1_23_0097_S_2,WB1_23_0097,OK,,0.9049,2,0.56602347,0.54167944,0.56359822,0.44573623,0.26506853,0.44998097,0.26749378,0.54592419,0.1224,2026-09-08T15:23:33+00:00
WB1_23_0097_S_3,WB1_23_0097,OK,,0.9590,2,0.54208523,0.58192408,0.53875154,0.49616629,0.27095947,0.50202191,0.27429318,0.58777970,0.1230,2026-09-08T15:23:33+00:00
WB1_23_0098_S_1,WB1_23_0098,OK,,0.9522,1,0.60439354,0.52480102,0.59416533,0.43531969,0.30434647,0.45395413,0.31457466,0.54343545,0.1230,2026-09-08T15:23:34+00:00
WB1_23_0098_S_2,WB1_23_0098,OK,,0.9124,1,0.58526617,0.44201210,0.57779074,0.35033330,0.30082467,0.36303660,0.30830011,0.45471540,0.1199,2026-09-08T15:23:34+00:00
WB1_23_0098_S_3,WB1_23_0098,OK,,0.9520,1,0.55142361,0.47373953,0.54910308,0.39271331,0.29832354,0.39675331,0.30064413,0.47777954,0.1245,2026-09-08T15:23:34+00:00
WB1_23_0099_S_1,WB1_23_0099,OK,,0.9647,1,0.59504509,0.45779079,0.59438968,0.37651896,0.32375082,0.37774670,0.32440627,0.45901853,0.1214,2026-09-08T15:23:34+00:00
WB1_23_0099_S_2,WB1_23_0099,OK,,0.9557,1,0.55046099,0.44587633,0.54783857,0.36456987,0.28068274,0.36941683,0.28330520,0.45072329,0.1246,2026-09-08T15:23:34+00:00
WB1_23_0099_S_3,WB1_23_0099,OK,,0.1790,1,0.56534421,0.48665857,0.56551844,0.40266874,0.28901589,0.40234607,0.28884166,0.48633590,0.1245,2026-09-08T15:23:34+00:00
WB1_23_0106_S_1,WB1_23_0106,OK,,0.9424,1,0.40718400,0.71935266,0.40320981,0.67160910,0.24519308,0.67900795,0.24916728,0.72675145,0.1413,2026-09-08T15:23:34+00:00
WB1_23_0106_S_2,WB1_23_0106,OK,,0.9432,1,0.43142611,0.67726415,0.42873201,0.63379139,0.28490463,0.63880503,0.28759870,0.68227786,0.1400,2026-09-08T15:23:34+00:00
WB1_23_0106_S_3,WB1_23_0106,OK,,0.9307,1,0.34979969,0.69631726,0.34593487,0.65702564,0.21701211,0.66415882,0.22087698,0.70345044,0.1414,2026-09-08T15:23:35+00:00
WB1_23_0107_S_1,WB1_23_0107,OK,,0.9460,1,0.57280910,0.59519941,0.57025850,0.54427189,0.41420797,0.54866815,0.41675860,0.59959567,0.1500,2026-09-08T15:23:35+00:00
WB1_23_0107_S_2,WB1_23_0107,OK,,0.9610,1,0.55586618,0.68983102,0.55617774,0.63524675,0.38511717,0.63469756,0.38480565,0.68928182,0.1512,2026-09-08T15:23:35+00:00
WB1_23_0107_S_3,WB1_23_0107,OK,,0.9622,1,0.43859074,0.70519394,0.43545848,0.64836395,0.25943384,0.65382123,0.26256609,0.71065116,0.1480,2026-09-08T15:23:35+00:00
WB1_23_0108_S_1,WB1_23_0108,OK,,0.9347,2,0.51910073,0.66109294,0.51431102,0.60131001,0.32521066,0.60983211,0.33000040,0.66961503,0.1488,2026-09-08T15:23:35+00:00
WB1_23_0108_S_2,WB1_23_0108,OK,,0.9336,1,0.42128122,0.66900295,0.41531873,0.61679196,0.24916416,0.62746543,0.25512668,0.67967641,0.1473,2026-09-08T15:23:35+00:00
WB1_23_0108_S_3,WB1_23_0108,OK,,0.9426,1,0.38263527,0.84104919,0.37324700,0.78626651,0.19344726,0.80359864,0.20283553,0.85838133,0.1471,2026-09-08T15:23:35+00:00
WB1_23_0109_S_1,WB1_23_0109,OK,,0.9461,1,0.45844355,0.49897751,0.45410869,0.45425889,0.30399486,0.46244407,0.30832970,0.50716269,0.1377,2026-09-08T15:23:36+00:00
WB1_23_0109_S_2,WB1_23_0109,OK,,0.9556,1,0.42724010,0.73445863,0.42173386,0.68185902,0.24035878,0.69253916,0.24586509,0.74513876,0.1400,2026-09-08T15:23:36+00:00
WB1_23_0110_S_1,WB1_23_0110,OK,,0.9688,1,0.55697876,0.62747151,0.54420954,0.56991524,0.36322445,0.59250104,0.37599364,0.65005732,0.1358,2026-09-08T15:23:36+00:00
WB1_23_0110_S_2,WB1_23_0110,OK,,0.9540,1,0.42764682,0.73518467,0.41704085,0.68109804,0.24142756,0.70046836,0.25203347,0.75455505,0.1344,2026-09-08T15:23:36+00:00
WB1_23_0111_S_1,WB1_23_0111,OK,,0.9512,1,0.49844602,0.63741356,0.49097702,0.59004909,0.32965329,0.60435879,0.33712226,0.65172327,0.1518,2026-09-08T15:23:36+00:00
WB1_23_0111_S_2,WB1_23_0111,OK,,0.9469,2,0.39200589,0.61722612,0.38487926,0.57160640,0.22830759,0.58536482,0.23543426,0.63098454,0.1519,2026-09-08T15:23:36+00:00
WB1_23_0111_S_3,WB1_23_0111,OK,,0.9426,1,0.47351372,0.71544737,0.46481758,0.67196202,0.31869683,0.68839878,0.32739294,0.73188418,0.1535,2026-09-08T15:23:37+00:00
WB1_23_0112_S_1,WB1_23_0112,OK,,0.9593,1,0.49236345,0.66573787,0.49612045,0.60550249,0.28337708,0.59803849,0.27962011,0.65827388,0.1343,2026-09-08T15:23:37+00:00
WB1_23_0112_S_2,WB1_23_0112,OK,,0.9344,1,0.43444687,0.78444892,0.44313380,0.72166437,0.22726896,0.70486397,0.21858203,0.76764852,0.1347,2026-09-08T15:23:37+00:00
WB1_23_0113_S_1,WB1_23_0113,OK,,0.9424,1,0.49523169,0.41255850,0.47742099,0.35081229,0.24920906,0.38784042,0.26701978,0.44958663,0.1312,2026-09-08T15:23:37+00:00
WB1_23_0113_S_2,WB1_23_0113,OK,,0.9479,1,0.55932510,0.44447795,0.54483277,0.38726461,0.33495346,0.41716897,0.34944579,0.47438228,0.1317,2026-09-08T15:23:37+00:00
WB1_23_0113_S_3,WB1_23_0113,OK,,0.9492,1,0.47065079,0.46388072,0.45391577,0.40450609,0.23362143,0.43943217,0.25035644,0.49880680,0.1311,2026-09-08T15:23:37+00:00
WB1_23_0114_S_1,WB1_23_0114,OK,,0.9555,1,0.53783453,0.75858676,0.55641991,0.71456373,0.40767249,0.67924035,0.38908711,0.72326344,0.1548,2026-09-08T15:23:37+00:00
WB1_23_0114_S_2,WB1_23_0114,OK,,0.9538,1,0.51984781,0.81458789,0.54471087,0.76928675,0.38326100,0.71944374,0.35839796,0.76474488,0.1526,2026-09-08T15:23:37+00:00
WB1_23_0114_S_3,WB1_23_0114,OK,,0.9431,1,0.60866451,0.78131449,0.62364703,0.73736650,0.47340849,0.70855612,0.45842600,0.75250411,0.1535,2026-09-08T15:23:38+00:00
WB1_23_0114_S_4,WB1_23_0114,OK,,0.9411,1,0.53056008,0.80485296,0.54844719,0.76190156,0.39881778,0.72685039,0.38093066,0.76980180,0.1534,2026-09-08T15:23:38+00:00
WB1_23_0115_S_1,WB1_23_0115,OK,,0.9475,1,0.55315268,0.60069394,0.54082298,0.54564053,0.35476008,0.56907994,0.36708975,0.62413341,0.1500,2026-09-08T15:23:38+00:00
WB1_23_0115_S_2,WB1_23_0115,OK,,0.9447,1,0.43789163,0.54372472,0.42689651,0.49491516,0.26470825,0.51546633,0.27570334,0.56427586,0.1503,2026-09-08T15:23:38+00:00
WB1_23_0115_S_3,WB1_23_0115,OK,,0.9284,1,0.33128822,0.69377786,0.31777719,0.64266151,0.14486553,0.66836989,0.15837656,0.71948618,0.1492,2026-09-08T15:23:38+00:00
WB1_23_0116_S_1,WB1_23_0116,OK,,0.6115,4,0.83501422,0.23221691,0.82493246,0.15405534,0.54133224,0.17463200,0.55141407,0.25279358,0.1235,2026-09-08T15:23:38+00:00
WB1_23_0116_S_2,WB1_23_0116,OK,,0.5981,2,0.54151016,0.70613593,0.54352427,0.61503732,0.24187990,0.61128598,0.23986578,0.70238459,0.1255,2026-09-08T15:23:38+00:00
WB1_23_0116_S_3,WB1_23_0116,OK,,0.7460,2,0.55767614,0.70735699,0.55864418,0.61623466,0.25744796,0.61443484,0.25647995,0.70555723,0.1244,2026-09-08T15:23:39+00:00
WB1_23_0117_S_1,WB1_23_0117,OK,,0.8782,3,0.61053908,0.71494329,0.61788994,0.61885667,0.31463090,0.60580665,0.30728003,0.70189327,0.1249,2026-09-08T15:23:39+00:00
WB1_23_0117_S_2,WB1_23_0117,OK,,0.9489,2,0.65959561,0.67311996,0.66888672,0.58127505,0.37468746,0.56453431,0.36539641,0.65637928,0.1244,2026-09-08T15:23:39+00:00
WB1_23_0117_S_3,WB1_23_0117,OK,,0.9640,1,0.69599891,0.67186815,0.70803577,0.58056670,0.41518638,0.55884969,0.40314960,0.65015113,0.1233,2026-09-08T15:23:39+00:00
WB1_23_0118_S_1,WB1_23_0118,OK,,0.9631,1,0.70028794,0.73050070,0.71026683,0.64250171,0.41405737,0.62360758,0.40407845,0.71160656,0.1238,2026-09-08T15:23:39+00:00
WB1_23_0118_S_2,WB1_23_0118,OK,,0.9356,2,0.69483244,0.71142524,0.70550650,0.62306452,0.41218841,0.60313326,0.40151429,0.69149399,0.1210,2026-09-08T15:23:39+00:00
WB1_23_0118_S_3,WB1_23_0118,OK,,0.9332,1,0.68981731,0.72246814,0.70079798,0.63335061,0.40679586,0.61297357,0.39581516,0.70209110,0.1232,2026-09-08T15:23:39+00:00
WB1_23_0119_S_1,WB1_23_0119,OK,,0.8229,2,0.59447873,0.63789344,0.59006822,0.53524560,0.26666370,0.54306209,0.27107421,0.64570993,0.1234,2026-09-08T15:23:39+00:00
WB1_23_0119_S_2,WB1_23_0119,OK,,0.9223,3,0.65594900,0.62300020,0.65304172,0.51870394,0.32483026,0.52385026,0.32773754,0.62814653,0.1222,2026-09-08T15:23:40+00:00
WB1_23_0119_S_3,WB1_23_0119,OK,,0.8386,1,0.66480327,0.62881237,0.66226894,0.52446163,0.33370170,0.52895027,0.33623600,0.63330102,0.1218,2026-09-08T15:23:40+00:00
WB1_23_0120_S_1,WB1_23_0120,OK,,0.9247,1,0.65739393,0.69289559,0.64379048,0.59839755,0.38678309,0.61920863,0.40038651,0.71370667,0.1234,2026-09-08T15:23:40+00:00
WB1_23_0120_S_2,WB1_23_0120,OK,,0.9472,1,0.67187124,0.70010829,0.65640438,0.60475397,0.39371821,0.62872130,0.40918505,0.72407562,0.1238,2026-09-08T15:23:40+00:00
WB1_23_0120_S_3,WB1_23_0120,OK,,0.6536,4,0.24717616,0.60659593,0.24589196,0.59409636,0.20152247,0.59666055,0.20280667,0.60916018,0.1234,2026-09-08T15:23:40+00:00
WB1_23_0121_S_1,WB1_23_0121,OK,,0.3411,1,0.84687102,0.22276247,0.83453673,0.14983197,0.56143618,0.17581269,0.57377052,0.24874319,0.1250,2026-09-08T15:23:40+00:00
WB1_23_0121_S_2,WB1_23_0121,OK,,0.9557,2,0.58831656,0.66823977,0.57754672,0.59658766,0.33511177,0.61708504,0.34588158,0.68873715,0.1248,2026-09-08T15:23:40+00:00
WB1_23_0121_S_3,WB1_23_0121,OK,,0.9525,2,0.66306418,0.71428335,0.65577888,0.64179116,0.41159111,0.65559500,0.41887641,0.72808725,0.1247,2026-09-08T15:23:40+00:00
WB1_23_0122_S_1,WB1_23_0122,OK,,0.9661,1,0.61724967,0.67763281,0.61826646,0.59173769,0.35149065,0.58996141,0.35047388,0.67585653,0.1232,2026-09-08T15:23:41+00:00
WB1_23_0122_S_2,WB1_23_0122,OK,,0.9623,1,0.61568105,0.68175197,0.61753166,0.59803557,0.35766324,0.59480423,0.35581264,0.67852062,0.1231,2026-09-08T15:23:41+00:00
WB1_23_0122_S_3,WB1_23_0122,OK,,0.9644,2,0.63622260,0.68101263,0.63793874,0.59620357,0.37385193,0.59319758,0.37213576,0.67800665,0.1255,2026-09-08T15:23:41+00:00
WB1_23_0123_S_1,WB1_23_0123,OK,,0.9492,1,0.54401457,0.68893391,0.52905315,0.59031528,0.29850227,0.60998976,0.31346372,0.70860839,0.1230,2026-09-08T15:23:41+00:00
WB1_23_0123_S_2,WB1_23_0123,OK,,0.9361,2,0.52668542,0.69134879,0.51399714,0.59102756,0.28497133,0.60732120,0.29765961,0.70764238,0.1238,2026-09-08T15:23:41+00:00
WB1_23_0123_S_3,WB1_23_0123,OK,,0.9160,2,0.53836507,0.69974416,0.52685726,0.60085326,0.30091491,0.61564279,0.31242269,0.71453369,0.1237,2026-09-08T15:23:41+00:00
WB1_23_0124_S_1,WB1_23_0124,OK,,0.9088,1,0.55595779,0.73939157,0.54352355,0.62386107,0.28901285,0.63926923,0.30144706,0.75479966,0.1227,2026-09-08T15:23:41+00:00
WB1_23_0124_S_2,WB1_23_0124,OK,,0.9196,1,0.57321709,0.74024272,0.56354576,0.61986977,0.30265775,0.63166034,0.31232908,0.75203329,0.1226,2026-09-08T15:23:41+00:00
WB1_23_0124_S_3,WB1_23_0124,OK,,0.9393,3,0.56496060,0.75339943,0.55163932,0.63440341,0.29747558,0.65040821,0.31079677,0.76940423,0.1236,2026-09-08T15:23:42+00:00
WB1_23_0125_S_1,WB1_23_0125,OK,,0.6747,2,0.60943711,0.65756452,0.60903311,0.55577528,0.29038799,0.55648667,0.29079193,0.65827584,0.1230,2026-09-08T15:23:42+00:00
WB1_23_0125_S_2,WB1_23_0125,OK,,0.2132,1,0.65476453,0.65995473,0.65559697,0.55829984,0.33767605,0.55683547,0.33684364,0.65849036,0.1228,2026-09-08T15:23:42+00:00
WB1_23_0125_S_3,WB1_23_0125,OK,,0.2127,2,0.62027526,0.65354812,0.62008560,0.55119228,0.30499288,0.55152071,0.30518258,0.65387654,0.1224,2026-09-08T15:23:42+00:00
WB1_23_0126_S_1,WB1_23_0126,OK,,0.9624,1,0.40863895,0.53165042,0.40677106,0.46563849,0.11710835,0.46823785,0.11897625,0.53424978,0.1209,2026-09-08T15:23:42+00:00
WB1_23_0126_S_2,WB1_23_0126,OK,,0.9648,1,0.46593681,0.54342872,0.46507031,0.47411022,0.16120799,0.47531477,0.16207443,0.54463327,0.1196,2026-09-08T15:23:42+00:00
WB1_23_0126_S_3,WB1_23_0126,OK,,0.9554,1,0.51832765,0.47353974,0.51550549,0.39555374,0.18491109,0.39934784,0.18773326,0.47733384,0.1184,2026-09-08T15:23:42+00:00
WB1_23_0127_S_1,WB1_23_0127,OK,,0.9072,1,0.38705152,0.44858733,0.40336049,0.38710818,0.15904355,0.36655411,0.14273460,0.42803323,0.1187,2026-09-08T15:23:42+00:00
WB1_23_0127_S_2,WB1_23_0127,OK,,0.8769,1,0.38983467,0.35344687,0.40481585,0.28920975,0.16130446,0.27119926,0.14632328,0.33543637,0.1187,2026-09-08T15:23:43+00:00
WB1_23_0127_S_3,WB1_23_0127,OK,,0.9403,1,0.42949229,0.42414883,0.44323280,0.36134544,0.19805032,0.34433347,0.18430984,0.40713686,0.1186,2026-09-08T15:23:43+00:00
WB1_23_0128_S_1,WB1_23_0128,OK,,0.8699,1,0.34864917,0.54788977,0.37886131,0.46769011,0.08100186,0.43210515,0.05078973,0.51230484,0.1206,2026-09-08T15:23:43+00:00
WB1_23_0128_S_2,WB1_23_0128,OK,,0.9025,2,0.39932552,0.53820688,0.42494443,0.45830128,0.12709434,0.42801622,0.10147538,0.50792181,0.1198,2026-09-08T15:23:43+00:00
WB1_23_0128_S_3,WB1_23_0128,OK,,0.8971,2,0.39869881,0.54240191,0.42922753,0.45867983,0.11997347,0.42291713,0.08944471,0.50663918,0.1218,2026-09-08T15:23:43+00:00
WB1_23_0129_S_1,WB1_23_0129,OK,,0.9603,1,0.31181476,0.50537002,0.32378221,0.43705902,0.06759334,0.42282537,0.05562593,0.49113637,0.1185,2026-09-08T15:23:43+00:00
WB1_23_0129_S_2,WB1_23_0129,OK,,0.9578,1,0.36496648,0.50036895,0.37424073,0.42979538,0.10949451,0.41876185,0.10022026,0.48933542,0.1185,2026-09-08T15:23:43+00:00
WB1_23_0129_S_3,WB1_23_0129,OK,,0.9678,1,0.36196357,0.42494893,0.37156126,0.34657788,0.08557893,0.33547086,0.07598121,0.41384190,0.1174,2026-09-08T15:23:43+00:00
WB1_23_0129_S_4,WB1_23_0129,OK,,0.9549,1,0.29163057,0.40872735,0.30251241,0.33393255,0.02777602,0.32125625,0.01689421,0.39605102,0.1195,2026-09-08T15:23:43+00:00
WB1_23_0130_S_1,WB1_23_0130,OK,,0.9585,1,0.32610118,0.49492449,0.33258507,0.43837181,0.08976109,0.42954263,0.08327721,0.48609528,0.1198,2026-09-08T15:23:44+00:00
WB1_23_0130_S_2,WB1_23_0130,OK,,0.9399,1,0.29136962,0.53380263,0.30297363,0.47412875,0.02594563,0.45704460,0.01434165,0.51671851,0.1222,2026-09-08T15:23:44+00:00
WB1_23_0130_S_3,WB1_23_0130,OK,,0.9621,1,0.31992584,0.47878116,0.32496297,0.42145428,0.07849749,0.41458634,0.07346036,0.47191322,0.1209,2026-09-08T15:23:44+00:00
WB1_23_0131_S_1,WB1_23_0131,OK,,0.9465,1,0.35066929,0.41149083,0.34989795,0.34531724,0.05689978,0.34640035,0.05767111,0.41257393,0.1200,2026-09-08T15:23:44+00:00
WB1_23_0131_S_2,WB1_23_0131,OK,,0.9644,1,0.36957145,0.47698516,0.36808285,0.41362756,0.08395556,0.41574469,0.08544416,0.47910228,0.1186,2026-09-08T15:23:44+00:00
WB1_23_0131_S_3,WB1_23_0131,OK,,0.9555,1,0.42544734,0.49842361,0.42164311,0.43339244,0.13954628,0.43862593,0.14335054,0.50365710,0.1175,2026-09-08T15:23:44+00:00
WB1_23_0132_S_1,WB1_23_0132,OK,,0.9610,1,0.38283214,0.43652967,0.38531819,0.36919960,0.09784445,0.36583343,0.09535845,0.43316349,0.1216,2026-09-08T15:23:44+00:00
WB1_23_0132_S_2,WB1_23_0132,OK,,0.9595,1,0.42149824,0.43850136,0.42266971,0.37069461,0.13387522,0.36911225,0.13270369,0.43691897,0.1207,2026-09-08T15:23:44+00:00
WB1_23_0132_S_3,WB1_23_0132,OK,,0.9452,1,0.43472838,0.48895442,0.43620092,0.42332971,0.15707973,0.42134342,0.15560715,0.48696816,0.1183,2026-09-08T15:23:45+00:00
WB1_23_0133_S_1,WB1_23_0133,OK,,0.9597,1,0.40557331,0.42012832,0.40499192,0.36962521,0.20333867,0.37036139,0.20392005,0.42086449,0.1199,2026-09-08T15:23:45+00:00
WB1_23_0133_S_2,WB1_23_0133,OK,,0.9643,1,0.37953696,0.42297834,0.38043112,0.37067959,0.17593813,0.36957082,0.17504397,0.42186958,0.1196,2026-09-08T15:23:45+00:00
WB1_23_0133_S_3,WB1_23_0133,OK,,0.9420,1,0.36696625,0.47237098,0.36733615,0.40684959,0.10503533,0.40637994,0.10466539,0.47190133,0.1194,2026-09-08T15:23:45+00:00
WB1_23_0134_S_1,WB1_23_0134,OK,,0.9610,1,0.42310509,0.44572300,0.42958465,0.36795250,0.09955290,0.35923225,0.09307337,0.43700275,0.1194,2026-09-08T15:23:45+00:00
WB1_23_0134_S_2,WB1_23_0134,OK,,0.9578,1,0.43379828,0.48304769,0.43443760,0.41106647,0.12861334,0.41020501,0.12797399,0.48218623,0.1196,2026-09-08T15:23:45+00:00
WB1_23_0134_S_3,WB1_23_0134,OK,,0.9579,1,0.43188787,0.47898877,0.43222895,0.40738967,0.12677565,0.40692821,0.12643458,0.47852734,0.1183,2026-09-08T15:23:45+00:00
WB1_23_0135_S_1,WB1_23_0135,OK,,0.9552,1,0.31170341,0.44453615,0.30825019,0.37007591,0.01577447,0.37437758,0.01922769,0.44883776,0.1187,2026-09-08T15:23:45+00:00
WB1_23_0135_S_2,WB1_23_0135,OK,,0.9522,1,0.35418376,0.44309479,0.35331702,0.37018293,0.06842569,0.37125689,0.06929240,0.44416878,0.1206,2026-09-08T15:23:46+00:00
WB1_23_0135_S_3,WB1_23_0135,OK,,0.9555,1,0.32759178,0.42909959,0.32520896,0.35593772,0.03711024,0.35891339,0.03949303,0.43207526,0.1191,2026-09-08T15:23:46+00:00
WB1_23_0135_S_4,WB1_23_0135,OK,,0.9674,1,0.33384910,0.43372539,0.33291596,0.36186391,0.04518672,0.36304882,0.04611986,0.43491030,0.1184,2026-09-08T15:23:46+00:00
WB1_23_0136_S_1,WB1_23_0136,OK,,0.8416,1,0.66749340,0.58187324,0.67860073,0.49746683,0.43895873,0.47958881,0.42785135,0.56399518,0.1198,2026-09-08T15:23:46+00:00
WB1_23_0137_S_1,WB1_23_0137,OK,,0.9527,2,0.60623616,0.73347908,0.61756563,0.65534407,0.35280052,0.63357961,0.34147105,0.71171468,0.1194,2026-09-08T15:23:46+00:00
WB1_23_0138_S_1,WB1_23_0138,OK,,0.9431,2,0.55408174,0.64828259,0.54646838,0.60263091,0.40609515,0.61590248,0.41370848,0.66155416,0.1179,2026-09-08T15:23:46+00:00
WB1_23_0139_S_1,WB1_23_0139,OK,,0.8668,1,0.54807019,0.53389961,0.54849190,0.47151542,0.38967624,0.47090688,0.38925457,0.53329104,0.1181,2026-09-08T15:23:46+00:00
WB1_23_0140_S_1,WB1_23_0140,OK,,0.9151,1,0.51950502,0.52082211,0.51749277,0.47142610,0.38096032,0.47457927,0.38297257,0.52397525,0.1162,2026-09-08T15:23:46+00:00
WB1_23_0141_S_1,WB1_23_0141,OK,,0.9595,1,0.52489138,0.52645171,0.52129692,0.47600800,0.36378899,0.48237088,0.36738348,0.53281456,0.1252,2026-09-08T15:23:46+00:00
WB1_23_0142_S_1,WB1_23_0142,OK,,0.9538,1,0.61422241,0.75815600,0.61339086,0.69954765,0.42224959,0.70108497,0.42308113,0.75969332,0.1140,2026-09-08T15:23:47+00:00
WB1_23_0143_S_1,WB1_23_0143,OK,,0.9419,1,0.51484931,0.73624229,0.53305900,0.67067283,0.34007284,0.64028847,0.32186311,0.70585793,0.1108,2026-09-08T15:23:47+00:00
WB1_23_0144_S_1,WB1_23_0144,OK,,0.9353,1,0.60943609,0.60238695,0.59887695,0.53828305,0.44408116,0.55273831,0.45464030,0.61684221,0.1177,2026-09-08T15:23:47+00:00
WB1_23_0145_S_1,WB1_23_0145,OK,,0.9414,1,0.56716365,0.51538265,0.57335073,0.45049012,0.35189071,0.43851957,0.34570360,0.50341213,0.1173,2026-09-08T15:23:47+00:00
WB1_23_0146_S_1,WB1_23_0146,OK,,0.9290,1,0.57764995,0.51439786,0.56833357,0.43593132,0.34026730,0.45128259,0.34958366,0.52974910,0.1243,2026-09-08T15:23:47+00:00
WB1_23_0147_S_1,WB1_23_0147,OK,,0.9419,1,0.54723185,0.79548252,0.54311299,0.73625612,0.39876667,0.74194711,0.40288553,0.80117351,0.1224,2026-09-08T15:23:47+00:00
WB1_23_0148_S_1,WB1_23_0148,OK,,0.8295,2,0.65121573,0.66578197,0.65318578,0.61668789,0.49173567,0.61301506,0.48976561,0.66210908,0.1273,2026-09-08T15:23:47+00:00
WB1_23_0149_S_1,WB1_23_0149,OK,,0.9607,1,0.67699927,0.78630942,0.67840862,0.72824234,0.48389342,0.72556603,0.48248413,0.78363305,0.1168,2026-09-08T15:23:47+00:00
WB1_23_0150_S_1,WB1_23_0150,OK,,0.9645,1,0.62781847,0.68588084,0.62596339,0.63877702,0.48177922,0.64199620,0.48363426,0.68910003,0.1183,2026-09-08T15:23:48+00:00
WB1_23_0151_S_1,WB1_23_0151,OK,,0.9436,1,0.54788750,0.53455234,0.54953963,0.49390677,0.41744435,0.49086291,0.41579226,0.53150851,0.1164,2026-09-08T15:23:48+00:00
WB1_23_0152_S_1,WB1_23_0152,OK,,0.9523,1,0.55569357,0.51397461,0.55509275,0.46579269,0.40926048,0.46682361,0.40986130,0.51500547,0.1209,2026-09-08T15:23:48+00:00
WB1_23_0153_S_1,WB1_23_0153,OK,,0.9467,1,0.54383314,0.55091774,0.54634696,0.50473398,0.39750850,0.50014120,0.39499471,0.54632491,0.1212,2026-09-08T15:23:48+00:00
WB1_23_0154_S_1,WB1_23_0154,OK,,0.9592,1,0.57862359,0.53956527,0.58289939,0.47175616,0.37382078,0.46428198,0.36954498,0.53209102,0.1167,2026-09-08T15:23:48+00:00
