Numéro d'inventaire,JJ,MM,AAAA,Lieu capture,genre,sp,Identificateur,Photographe,Type d'appareil,Nombre de photo,
WB1_23_0001,1,7,2023,Sassière Tigne,Bombus,soroeensis,Arthropologia,Charlotte,LG K40,3,
WB1_23_0002,1,7,2023,Sassière Tigne,Bombus,ruderarius,Arthropologia,Charlotte,LG K40,3,
WB1_23_0003,1,7,2023,Sassière Tigne,Bombus,monticola,Arthropologia,Charlotte,LG K40,3,
WB1_23_0004,1,7,2023,Sassière Tigne,Bombus,pyrenaeus,Arthropologia,Charlotte,LG K40,3,
WB1_23_0005,1,7,2023,Sassière Tigne,Bombus,ruderarius,Arthropologia,Charlotte,LG K40,3,
WB1_23_0006,1,7,2023,Sassière Tigne,Bombus,sichelii,Arthropologia,Charlotte,LG K40,3,
WB1_23_0007,1,7,2023,Sassière Tigne,Bombus,soroeensis,Arthropologia,Charlotte,LG K40,3,
WB1_23_0008,1,7,2023,Sassière Tigne,Bombus,soroeensis,Arthropologia,Charlotte,LG K40,3,
WB1_23_0009,1,7,2023,Sassière Tigne,Bombus,rupestris,Arthropologia,Charlotte,LG K40,3,
WB1_23_0010,1,7,2023,Sassière Tigne,Bombus,ruderarius,Arthropologia,Charlotte,LG K40,3,
WB1_23_0016,1,7,2023,Sassière Tigne,Bombus,ruderarius,Arthropologia,Yvan Brugerolles,Huawai mate 10 lite,3,
WB1_23_0017,1,7,2023,Sassière Tigne,Bombus,sichelii,Arthropologia,Yvan Brugerolles,Huawai mate 10 lite,3,
WB1_23_0018,1,7,2023,Sassière Tigne,Bombus,sichelii,Arthropologia,Yvan Brugerolles,Huawai mate 10 lite,3,
WB1_23_0019,1,7,2023,Sassière Tigne,Bombus,sichelii,Arthropologia,Yvan Brugerolles,Huawai mate 10 lite,3,
WB1_23_0020,1,7,2023,Sassière Tigne,Bombus,ruderarius,Arthropologia,Yvan Brugerolles,Huawai mate 10 lite,3,
WB1_23_0021,1,7,2023,Sassière Tigne,Bombus,ruderarius,Arthropologia,Yvan Brugerolles,Huawai mate 10 lite,3,
WB1_23_0022,1,7,2023,Sassière Tigne,Bombus,ruderarius,Arthropologia,Yvan Brugerolles,Huawai mate 10 lite,3,
WB1_23_0023,1,7,2023,Sassière Tigne,Bombus,pyrenaeus,Arthropologia,Yvan Brugerolles,Huawai mate 10 lite,3,
WB1_23_0024,1,7,2023,Sassière Tigne,Bombus,soroeensis,Arthropologia,Yvan Brugerolles,Huawai mate 10 lite,3,
WB1_23_0025,1,7,2023,Sassière Tigne,Bombus,soroeensis,Arthropologia,Yvan Brugerolles,Huawai mate 10 lite,3,
WB1_23_0026,1,7,2023,Sassière Tigne,Bombus,wurflenii,Arthropologia,Yvan Brugerolles,Huawai mate 10 lite,3,
WB1_23_0031,2,7,2023,La sache Tignes,Bombus,soroeensis,Arthropologia,Guilhem Poulard,Samsung S10,3,
WB1_23_0032,2,7,2023,La sache Tignes,Bombus,wurflenii,Arthropologia,Guilhem Poulard,Samsung S10,3,
WB1_23_0033,2,7,2023,La sache Tignes,Bombus,sichelii,Arthropologia,Guilhem Poulard,Samsung S10,3,
WB1_23_0034,2,7,2023,La sache Tignes,Bombus,rupestris,Arthropologia,Guilhem Poulard,Samsung S10,3,
WB1_23_0035,2,7,2023,La sache Tignes,Bombus,monticola,Arthropologia,Guilhem Poulard,Samsung S10,3,
WB1_23_0036,2,7,2023,La sache Tignes,Bombus,sichelii,Arthropologia,Guilhem Poulard,Samsung S10,3,
WB1_23_0037,2,7,2023,La sache Tignes,Bombus,rupestris,Arthropologia,Guilhem Poulard,Samsung S10,3,
WB1_23_0038,2,7,2023,La sache Tignes,Bombus,wurflenii,Arthropologia,Guilhem Poulard,Samsung S10,3,
WB1_23_0039,2,7,2023,La sache Tignes,Bombus,ruderarius,Arthropologia,Guilhem Poulard,Samsung S10,3,
WB1_23_0040,2,7,2023,La sache Tignes,Bombus,pyrenaeus,Arthropologia,Guilhem Poulard,Samsung S10,3,
WB1_23_0046,7,7,2023,Isère,Bombus,soroeensis,Arthropologia,Frederic Vyghen,Redmi ai camera,3,
WB1_23_0047,7,7,2023,Isère,Bombus,pratorum,Arthropologia,Frederic Vyghen,Redmi ai camera,3,
WB1_23_0048,7,7,2023,Isère,Bombus,soroeensis,Arthropologia,Frederic Vyghen,Redmi ai camera,3,
WB1_23_0049,7,7,2023,Isère,Bombus,pratorum,Arthropologia,Frederic Vyghen,Redmi ai camera,3,
WB1_23_0050,7,7,2023,Isère,Bombus,pratorum,Arthropologia,Frederic Vyghen,Redmi ai camera,3,
WB1_23_0051,7,7,2023,Isère,Bombus,pratorum,Arthropologia,Frederic Vyghen,Redmi ai camera,3,
WB1_23_0052,7,7,2023,Isère,Bombus,lapidarius,Arthropologia,Frederic Vyghen,Redmi ai camera,3,
WB1_23_0053,7,7,2023,Isère,Bombus,pratorum,Arthropologia,Frederic Vyghen,Redmi ai camera,3,
WB1_23_0054,7,7,2023,Isère,Bombus,pratorum,Arthropologia,Frederic Vyghen,Redmi ai camera,3,
WB1_23_0055,7,7,2023,Isère,Bombus,rupestris,Arthropologia,Frederic Vyghen,Redmi ai camera,3,
WB1_23_0056,7,7,2023,Isère,Bombus,pratorum,Arthropologia,Frederic Vyghen,Redmi ai camera,3,
WB1_23_0061,8,7,2023,Isère Taillefer,Bombus,lapidarius,Arthropologia,Lygia Ecuyer,Huawei P30 lite,3,
WB1_23_0062,8,7,2023,Isère Taillefer,Bombus,lapidarius,Arthropologia,Lygia Ecuyer,Huawei P30 lite,3,
WB1_23_0063,8,7,2023,Isère Taillefer,Bombus,lapidarius,Arthropologia,Lygia Ecuyer,Huawei P30 lite,3,
WB1_23_0064,8,7,2023,Isère Taillefer,Bombus,pratorum,Arthropologia,Lygia Ecuyer,Huawei P30 lite,3,
WB1_23_0065,8,7,2023,Isère Taillefer,Bombus,lapidarius,Arthropologia,Lygia Ecuyer,Huawei P30 lite,3,
WB1_23_0066,8,7,2023,Isère Taillefer,Bombus,lapidarius,Arthropologia,Lygia Ecuyer,Huawei P30 lite,3,
WB1_23_0067,8,7,2023,Isère Taillefer,Bombus,pratorum,Arthropologia,Lygia Ecuyer,Huawei P30 lite,3,
WB1_23_0068,8,7,2023,Isère Taillefer,Bombus,soroeensis,Arthropologia,Lygia Ecuyer,Huawei P30 lite,3,
WB1_23_0069,8,7,2023,Isère Taillefer,Bombus,pratorum,Arthropologia,Lygia Ecuyer,Huawei P30 lite,3,
WB1_23_0070,8,7,2023,Isère Taillefer,Bombus,pratorum,Arthropologia,Lygia Ecuyer,Huawei P30 lite,3,
WB1_23_0076,19,7,2023,Bennecourt,Bombus,Lapidarius,Tarek Bayan,Tarek Bayan,Huawei P30,3,
WB1_23_0077,19,7,2023,Bennecourt,Bombus,Lapidarius,Tarek Bayan,Tarek Bayan,Huawei P30,3,
WB1_23_0078,19,7,2023,Bennecourt,Bombus,Lapidarius,Tarek Bayan,Tarek Bayan,Huawei P30,3,
WB1_23_0079,19,7,2023,Bennecourt,Bombus,Lapidarius,Tarek Bayan,Tarek Bayan,Huawei P30,3,
WB1_23_0080,19,7,2023,Bennecourt,Bombus,Lapidarius,Tarek Bayan,Tarek Bayan,Huawei P30,3,
WB1_23_0081,19,7,2023,Bennecourt,Bombus,Lapidarius,Tarek Bayan,Tarek Bayan,Huawei P30,3,
WB1_23_0082,19,7,2023,Bennecourt,Bombus,Lapidarius,Tarek Bayan,Tarek Bayan,Huawei P30,3,
WB1_23_0083,19,7,2023,Omerville,Bombus,Lapidarius,Tarek Bayan,Tarek Bayan,Huawei P30,3,
WB1_23_0084,19,7,2023,Omerville,Bombus,Lapidarius,Tarek Bayan,Tarek Bayan,Huawei P30,3,
WB1_23_0085,19,7,2023,St Gervais,Bombus,Lapidarius,Tarek Bayan,Tarek Bayan,Huawei P30,3,
WB1_23_0086,19,7,2023,St Gervais,Bombus,Sylvarum,Tarek Bayan,Tarek Bayan,Huawei P30,3,
WB1_23_0087,19,7,2023,St Gervais,Bombus,Sylvarum,Tarek Bayan,Tarek Bayan,Huawei P30,3,
WB1_23_0091,21,7,2023,La puch,Bombus,Sylvarum,Arthropologia,Basile Petit,Samsung s10,3,
WB1_23_0092,21,7,2023,La puch,Bombus,Lapidarius,Arthropologia,Basile Petit,Samsung s10,3,
WB1_23_0093,21,7,2023,La puch,Bombus,Lapidarius,Arthropologia,Basile Petit,Samsung s10,3,
WB1_23_0094,21,7,2023,La puch,Bombus,Lapidarius,Arthropologia,Basile Petit,Samsung s10,3,
WB1_23_0095,21,7,2023,La puch,Bombus,Lapidarius,Arthropologia,Basile Petit,Samsung s10,3,
WB1_23_0096,21,7,2023,La puch,Bombus,Lapidarius,Arthropologia,Basile Petit,Samsung s10,3,
WB1_23_0097,21,7,2023,La puch,Bombus,Lapidarius,Arthropologia,Basile Petit,Samsung s10,3,
WB1_23_0098,21,7,2023,La puch,Bombus,pratorum,Arthropologia,Basile Petit,Samsung s10,3,
WB1_23_0099,21,7,2023,La puch,Bombus,Lapidarius,Arthropologia,Basile Petit,Samsung s10,3,
WB1_23_0100,21,7,2023,La puch,Bombus,,Arthropologia,Basile Petit,Samsung s10,3,
WB1_23_0106,22,7,2023,St Didier,Bombus,lapidarius,Arthropologia,Victor Redon,Fairphone 3+,3,
WB1_23_0107,22,7,2023,St Didier,Bombus,lapidarius,Arthropologia,Victor Redon,Fairphone 3+,3,
WB1_23_0108,22,7,2023,St Didier,Bombus,lapidarius,Arthropologia,Victor Redon,Fairphone 3+,3,
WB1_23_0109,22,7,2023,St Didier,Bombus,lapidarius,Arthropologia,Victor Redon,Fairphone 3+,3,
WB1_23_0110,22,7,2023,,Bombus,sylvarum,Arthropologia,Victor Redon,Fairphone 3+,3,
WB1_23_0111,22,7,2023,,Bombus,lapidarius,Arthropologia,Victor Redon,Fairphone 3+,3,
WB1_23_0112,22,7,2023,,Bombus,lapidarius,Arthropologia,Victor Redon,Fairphone 3+,3,
WB1_23_0113,22,7,2023,,Bombus,lapidarius,Arthropologia,Victor Redon,Fairphone 3+,3,
WB1_23_0114,22,7,2023,,Bombus,lapidarius,Arthropologia,Victor Redon,Fairphone 3+,3,
WB1_23_0115,22,7,2023,,Bombus,lapidarius,Arthropologia,Victor Redon,Fairphone 3+,3,
WB1_23_0116,22,7,2023,,Bombus,soroeensis,Arthropologia,Mehdi Issertes,Iphone 12,3,
WB1_23_0117,22,7,2023,,Bombus,pratorum,Arthropologia,Mehdi Issertes,Iphone 12,3,
WB1_23_0118,22,7,2023,,Bombus,lapidarius,Arthropologia,Mehdi Issertes,Iphone 12,3,
WB1_23_0119,22,7,2023,,Bombus,pratorum,Arthropologia,Mehdi Issertes,Iphone 12,3,
WB1_23_0120,22,7,2023,,Bombus,soroeensis,Arthropologia,Mehdi Issertes,Iphone 12,3,
WB1_23_0121,22,7,2023,,Bombus,sylvarum,Arthropologia,Mehdi Issertes,Iphone 12,3,
WB1_23_0122,22,7,2023,,Bombus,pratorum,Arthropologia,Mehdi Issertes,Iphone 12,3,
WB1_23_0123,22,7,2023,,Bombus,pratorum,Arthropologia,Mehdi Issertes,Iphone 12,3,
WB1_23_0124,22,7,2023,,Bombus,pratorum,Arthropologia,Mehdi Issertes,Iphone 12,3,
WB1_23_0125,22,7,2023,,Bombus,confusus,Arthropologia,Mehdi Issertes,Iphone 12,3,
WB1_23_0126,25,7,2023,,Bombus,rupestris,Basile PETIT,Tonie Reygrobellet,Samsung A52S,3,
WB1_23_0127,25,7,2023,,Bombus,lapidarius,Basile PETIT,Tonie Reygrobellet,Samsung A52S,3,
WB1_23_0128,25,7,2023,,Bombus,lapidarius,Basile PETIT,Tonie Reygrobellet,Samsung A52S,3,
WB1_23_0129,25,7,2023,,Bombus,sylvarum,Basile PETIT,Tonie Reygrobellet,Samsung A52S,3,
WB1_23_0130,25,7,2023,,Bombus,sylvarum,Basile PETIT,Tonie Reygrobellet,Samsung A52S,3,
WB1_23_0131,25,7,2023,,Bombus,pratorum,Basile PETIT,Tonie Reygrobellet,Samsung A52S,3,
WB1_23_0132,25,7,2023,,Bombus,lapidarius,Basile PETIT,Tonie Reygrobellet,Samsung A52S,3,
WB1_23_0133,25,7,2023,,Bombus,pratorum,Basile PETIT,Tonie Reygrobellet,Samsung A52S,3,
WB1_23_0134,25,7,2023,,Bombus,lapidarius,Basile PETIT,Tonie Reygrobellet,Samsung A52S,3,
WB1_23_0135,25,7,2023,,Bombus,lapidarius,Basile PETIT,Tonie Reygrobellet,Samsung A52S,3,
WB1_23_136,27,5,2023,Col de la Chau,Bombus,rupestris,Mehdi ISSERTES,Adrien Perrard,Pixel 7 Pro,1,
WB1_23_137,27,5,2023,Col de la Chau,Bombus,rupestris,Mehdi ISSERTES,Adrien Perrard,Pixel 7 Pro,1,
WB1_23_138,27,5,2023,Col de la Chau,Bombus,pratorum,Mehdi ISSERTES,Adrien Perrard,Pixel 7 Pro,1,
WB1_23_139,27,5,2023,Col de la Chau,Bombus,pratorum,Mehdi ISSERTES,Adrien Perrard,Pixel 7 Pro,1,
WB1_23_140,27,5,2023,Col de la Chau,Bombus,pratorum,Mehdi ISSERTES,Adrien Perrard,Pixel 7 Pro,1,
WB1_23_141,27,5,2023,Col de la Chau,Bombus,pratorum,Mehdi ISSERTES,Adrien Perrard,Pixel 7 Pro,1,
WB1_23_142,27,5,2023,Col de la Chau,Bombus,pratorum,Mehdi ISSERTES,Adrien Perrard,Pixel 7 Pro,1,
WB1_23_143,27,5,2023,Col de la Chau,Bombus,pratorum,Mehdi ISSERTES,Adrien Perrard,Pixel 7 Pro,1,
WB1_23_144,27,5,2023,Col de la Chau,Bombus,pratorum,Mehdi ISSERTES,Adrien Perrard,Pixel 7 Pro,1,
WB1_23_145,27,5,2023,Col de la Chau,Bombus,lapidarius,Mehdi ISSERTES,Adrien Perrard,Pixel 7 Pro,1,
WB1_23_146,27,5,2023,Col de la Chau,Bombus,lapidarius,Mehdi ISSERTES,Adrien Perrard,Pixel 7 Pro,1,
WB1_23_147,27,5,2023,Col de la Chau,Bombus,sp (wurflenii ou pratorum),Mehdi ISSERTES,Adrien Perrard,Pixel 7 Pro,1,lien photo-spécimen identifié douteux
WB1_23_148,27,5,2023,Col de la Chau,Bombus,lapidarius,Mehdi ISSERTES,Adrien Perrard,Pixel 7 Pro,1,
WB1_23_149,27,5,2023,Col de la Chau,Bombus,lapidarius,Mehdi ISSERTES,Adrien Perrard,Pixel 7 Pro,1,
WB1_23_150,27,5,2023,Grange de Vaulneyre,Bombus,pratorum,Mehdi ISSERTES,Adrien Perrard,Pixel 7 Pro,1,
WB1_23_151,27,5,2023,Grange de Vaulneyre,Bombus,sylvestris,Mehdi ISSERTES,Adrien Perrard,Pixel 7 Pro,1,
WB1_23_152,27,5,2023,Grange de Vaulneyre,Bombus,sichelii,Mehdi ISSERTES,Adrien Perrard,Pixel 7 Pro,1,
WB1_23_153,27,5,2023,Grange de Vaulneyre,Bombus,pratorum,Mehdi ISSERTES,Adrien Perrard,Pixel 7 Pro,1,
WB1_23_154,28,5,2023,Font d'Urle,Bombus,mesomelas,Mehdi ISSERTES,Adrien Perrard,Pixel 7 Pro,1,