inv_id,source_type,genus,species,caste,identifier_level,onsite_id,onsite_id_time_s,protocol_time_s,protocol_comment,ia1_id,ia1_top1,ia1_top3,ia2_id,ia2_top1,ia2_top3,ia3_id,ia3_top1,ia3_top3,dd,mm,yyyy,capture_locality,photographer,specimen_state,device,device_type,n_photos
WB1_23_0001,terrain,Bombus,soroeensis,,accomplished amateur,soroeensis,40.0,315.0,wind,pratorum,0.0,0.0,pratorum,0.0,0.0,wurflenii,0.0,0.0,1,7,2023,Sassière Tigne,Charlotte,alive,LG K40,S,3
WB1_23_0002,terrain,Bombus,ruderarius,,accomplished amateur,ruderarius,30.0,129.0,wind,pratorum,0.0,1.0,sylvarum,0.0,1.0,pratorum,0.0,1.0,1,7,2023,Sassière Tigne,Charlotte,alive,LG K40,S,3
WB1_23_0003,terrain,Bombus,monticola,,accomplished amateur,monticola,10.0,177.0,wind,pratorum,0.0,1.0,lapidarius,0.0,1.0,monticola,1.0,1.0,1,7,2023,Sassière Tigne,Charlotte,alive,LG K40,S,3
WB1_23_0004,terrain,Bombus,pyrenaeus,,accomplished amateur,pyrenaeus,40.0,180.0,wind,pratorum,0.0,0.0,lapidarius,0.0,0.0,lapidarius,0.0,0.0,1,7,2023,Sassière Tigne,Charlotte,alive,LG K40,S,3
WB1_23_0005,terrain,Bombus,ruderarius,,accomplished amateur,ruderarius,10.0,90.0,wind,pratorum,0.0,0.0,sylvarum,0.0,0.0,lapidarius,0.0,1.0,1,7,2023,Sassière Tigne,Charlotte,alive,LG K40,S,3
WB1_23_0006,terrain,Bombus,sichelii,,accomplished amateur,sichelii,10.0,100.0,wind,pratorum,0.0,0.0,pratorum,0.0,0.0,ruderarius,0.0,0.0,1,7,2023,Sassière Tigne,Charlotte,alive,LG K40,S,3
WB1_23_0007,terrain,Bombus,soroeensis,,accomplished amateur,soroeensis,15.0,115.0,wind,pratorum,0.0,0.0,ruderarius,0.0,0.0,pratorum,0.0,1.0,1,7,2023,Sassière Tigne,Charlotte,alive,LG K40,S,3
WB1_23_0008,terrain,Bombus,soroeensis,,accomplished amateur,soroeensis,15.0,110.0,wind,pratorum,0.0,1.0,soroeensis,1.0,1.0,pratorum,0.0,1.0,1,7,2023,Sassière Tigne,Charlotte,alive,LG K40,S,3
WB1_23_0009,terrain,Bombus,rupestris,,accomplished amateur,rupestris,20.0,120.0,wind,rupestris,1.0,1.0,rupestris,1.0,1.0,rupestris,1.0,1.0,1,7,2023,Sassière Tigne,Charlotte,alive,LG K40,S,3
WB1_23_0010,terrain,Bombus,ruderarius,,accomplished amateur,ruderarius,40.0,110.0,wind,pratorum,0.0,1.0,ruderarius,1.0,1.0,ruderarius,1.0,1.0,1,7,2023,Sassière Tigne,Charlotte,alive,LG K40,S,3
WB1_23_0016,terrain,Bombus,ruderarius,,pro,ruderarius,20.0,128.0,,pratorum,0.0,1.0,ruderarius,1.0,1.0,Pyrenaeus,0.0,1.0,1,7,2023,Sassière Tigne,Yvan Brugerolles,alive,Huawai mate 10 lite,S,3
WB1_23_0017,terrain,Bombus,sichelii,,pro,sichelii,10.0,79.0,,pratorum,0.0,0.0,lapidarius,0.0,0.0,Lapidarius,0.0,0.0,1,7,2023,Sassière Tigne,Yvan Brugerolles,alive,Huawai mate 10 lite,S,3
WB1_23_0018,terrain,Bombus,sichelii,,pro,sichelii,10.0,99.0,,pratorum,0.0,0.0,sylvarum,0.0,0.0,sylvarum,0.0,0.0,1,7,2023,Sassière Tigne,Yvan Brugerolles,alive,Huawai mate 10 lite,S,3
WB1_23_0019,terrain,Bombus,sichelii,,pro,sichelii,5.0,70.0,,lapidarius,0.0,1.0,lapidarius,0.0,1.0,pratorum,0.0,1.0,1,7,2023,Sassière Tigne,Yvan Brugerolles,alive,Huawai mate 10 lite,S,3
WB1_23_0020,terrain,Bombus,ruderarius,,pro,ruderarius,60.0,108.0,,pratorum,0.0,0.0,pratorum,0.0,0.0,pratorum,0.0,0.0,1,7,2023,Sassière Tigne,Yvan Brugerolles,alive,Huawai mate 10 lite,S,3
WB1_23_0021,terrain,Bombus,ruderarius,,pro,ruderarius,10.0,110.0,,pratorum,0.0,0.0,ruderarius,1.0,1.0,ruderarius,1.0,1.0,1,7,2023,Sassière Tigne,Yvan Brugerolles,alive,Huawai mate 10 lite,S,3
WB1_23_0022,terrain,Bombus,ruderarius,,pro,ruderarius,20.0,107.0,,sylvarum,0.0,0.0,pomorum,0.0,1.0,ruderarius,1.0,1.0,1,7,2023,Sassière Tigne,Yvan Brugerolles,alive,Huawai mate 10 lite,S,3
WB1_23_0023,terrain,Bombus,pyrenaeus,,pro,pyrenaeus,20.0,120.0,,sylvarum,0.0,1.0,sylvarum,0.0,1.0,sylvarum,0.0,1.0,1,7,2023,Sassière Tigne,Yvan Brugerolles,alive,Huawai mate 10 lite,S,3
WB1_23_0024,terrain,Bombus,soroeensis,,pro,soroeensis,20.0,95.0,,pratorum,0.0,0.0,monticola,0.0,0.0,monticola,0.0,0.0,1,7,2023,Sassière Tigne,Yvan Brugerolles,alive,Huawai mate 10 lite,S,3
WB1_23_0025,terrain,Bombus,soroeensis,,pro,soroeensis,20.0,90.0,,pratorum,0.0,0.0,sylvarum,0.0,0.0,pratorum,0.0,1.0,1,7,2023,Sassière Tigne,Yvan Brugerolles,alive,Huawai mate 10 lite,S,3
WB1_23_0026,terrain,Bombus,wurflenii,,pro,wurflenii,10.0,92.0,,pratorum,0.0,0.0,pratorum,0.0,1.0,pratorum,0.0,1.0,1,7,2023,Sassière Tigne,Yvan Brugerolles,alive,Huawai mate 10 lite,S,3
WB1_23_0031,terrain,Bombus,soroeensis,,accomplished amateur,soroeensis,20.0,122.0,,lapidarius,0.0,0.0,wurflenii,0.0,0.0,soroeensis,0.0,0.0,2,7,2023,La sache Tignes,Guilhem Poulard,alive,Samsung S10,S,3
WB1_23_0032,terrain,Bombus,wurflenii,,accomplished amateur,wurflenii,10.0,,,pratorum,0.0,0.0,pratorum,0.0,0.0,pratorum,0.0,0.0,2,7,2023,La sache Tignes,Guilhem Poulard,alive,Samsung S10,S,3
WB1_23_0033,terrain,Bombus,sichelii,,accomplished amateur,sichelii,10.0,100.0,,pratorum,0.0,0.0,pyrenaeus,0.0,0.0,sylvarum,0.0,0.0,2,7,2023,La sache Tignes,Guilhem Poulard,alive,Samsung S10,S,3
WB1_23_0034,terrain,Bombus,rupestris,,accomplished amateur,rupestris,10.0,94.0,,rupestris,1.0,1.0,rupestris,1.0,1.0,rupstris,0.0,0.0,2,7,2023,La sache Tignes,Guilhem Poulard,alive,Samsung S10,S,3
WB1_23_0035,terrain,Bombus,monticola,,accomplished amateur,monticola,20.0,150.0,,monticola,1.0,1.0,monticola,1.0,1.0,monticola,1.0,1.0,2,7,2023,La sache Tignes,Guilhem Poulard,alive,Samsung S10,S,3
WB1_23_0036,terrain,Bombus,sichelii,,accomplished amateur,sichelii,30.0,200.0,,monticola,0.0,0.0,monticola,0.0,0.0,monticola,0.0,0.0,2,7,2023,La sache Tignes,Guilhem Poulard,alive,Samsung S10,S,3
WB1_23_0037,terrain,Bombus,rupestris,,accomplished amateur,rupestris,10.0,75.0,,rupestris,1.0,1.0,rupestris,1.0,1.0,rupestris,1.0,1.0,2,7,2023,La sache Tignes,Guilhem Poulard,alive,Samsung S10,S,3
WB1_23_0038,terrain,Bombus,wurflenii,,accomplished amateur,wurflenii,10.0,133.0,,monticola,0.0,0.0,wurflenii,1.0,1.0,monticola,0.0,1.0,2,7,2023,La sache Tignes,Guilhem Poulard,alive,Samsung S10,S,3
WB1_23_0039,terrain,Bombus,ruderarius,,accomplished amateur,ruderarius,10.0,240.0,,pratorum,0.0,0.0,pomorum,0.0,1.0,pomorum,0.0,0.0,2,7,2023,La sache Tignes,Guilhem Poulard,alive,Samsung S10,S,3
WB1_23_0040,terrain,Bombus,pyrenaeus,,accomplished amateur,pyrenaeus,70.0,90.0,,pratorum,0.0,0.0,Lapidarius,0.0,1.0,lapidarius,0.0,1.0,2,7,2023,La sache Tignes,Guilhem Poulard,alive,Samsung S10,S,3
WB1_23_0046,terrain,Bombus,soroeensis,,pro,soroeensis,40.0,374.0,,,,,,,,,,,7,7,2023,Isère,Frederic Vyghen,alive,Redmi ai camera,S,3
WB1_23_0047,terrain,Bombus,pratorum,,pro,pratorum,10.0,90.0,,,,,,,,,,,7,7,2023,Isère,Frederic Vyghen,alive,Redmi ai camera,S,3
WB1_23_0048,terrain,Bombus,soroeensis,,pro,soroeensis,20.0,94.0,,,,,,,,,,,7,7,2023,Isère,Frederic Vyghen,alive,Redmi ai camera,S,3
WB1_23_0049,terrain,Bombus,pratorum,,pro,pratorum,10.0,100.0,,,,,,,,,,,7,7,2023,Isère,Frederic Vyghen,alive,Redmi ai camera,S,3
WB1_23_0050,terrain,Bombus,pratorum,,pro,pratorum,10.0,98.0,,,,,,,,,,,7,7,2023,Isère,Frederic Vyghen,alive,Redmi ai camera,S,3
WB1_23_0051,terrain,Bombus,pratorum,,pro,pratorum,10.0,74.0,,,,,,,,,,,7,7,2023,Isère,Frederic Vyghen,alive,Redmi ai camera,S,3
WB1_23_0052,terrain,Bombus,lapidarius,,pro,lapidarius,30.0,90.0,,,,,,,,,,,7,7,2023,Isère,Frederic Vyghen,alive,Redmi ai camera,S,3
WB1_23_0053,terrain,Bombus,pratorum,,pro,pratorum,10.0,76.0,,,,,,,,,,,7,7,2023,Isère,Frederic Vyghen,alive,Redmi ai camera,S,3
WB1_23_0054,terrain,Bombus,pratorum,,pro,pratorum,10.0,54.0,,,,,,,,,,,7,7,2023,Isère,Frederic Vyghen,alive,Redmi ai camera,S,3
WB1_23_0055,terrain,Bombus,rupestris,,pro,rupestris,10.0,62.0,,,,,,,,,,,7,7,2023,Isère,Frederic Vyghen,alive,Redmi ai camera,S,3
WB1_23_0056,terrain,Bombus,pratorum,,pro,pratorum,10.0,78.0,,,,,,,,,,,7,7,2023,Isère,Frederic Vyghen,alive,Redmi ai camera,S,3
WB1_23_0061,terrain,Bombus,lapidarius,,novice amateur,lapidarius,60.0,,,ruderarius,0.0,1.0,ruderarius,0.0,1.0,ruderarius,0.0,1.0,8,7,2023,Isère Taillefer,Lygia Ecuyer,alive,Huawei P30 lite,S,3
WB1_23_0062,terrain,Bombus,lapidarius,,novice amateur,lapidarius,90.0,140.0,,monticola,0.0,0.0,monticola,0.0,0.0,monticola,0.0,0.0,8,7,2023,Isère Taillefer,Lygia Ecuyer,alive,Huawei P30 lite,S,3
WB1_23_0063,terrain,Bombus,lapidarius,,novice amateur,lapidarius,140.0,180.0,,monticola,0.0,1.0,monticola,0.0,0.0,monticola,0.0,0.0,8,7,2023,Isère Taillefer,Lygia Ecuyer,alive,Huawei P30 lite,S,3
WB1_23_0064,terrain,Bombus,pratorum,,novice amateur,pratorum,140.0,169.0,,sylvarum,0.0,1.0,sylvarum,0.0,1.0,sylvarum,0.0,1.0,8,7,2023,Isère Taillefer,Lygia Ecuyer,alive,Huawei P30 lite,S,3
WB1_23_0065,terrain,Bombus,lapidarius,,novice amateur,lapidarius,120.0,249.0,,monticola,0.0,0.0,monticola,0.0,0.0,monticola,0.0,0.0,8,7,2023,Isère Taillefer,Lygia Ecuyer,alive,Huawei P30 lite,S,3
WB1_23_0066,terrain,Bombus,lapidarius,,novice amateur,lapidarius,110.0,226.0,,pratorum,0.0,0.0,monticola,0.0,1.0,monticola,0.0,0.0,8,7,2023,Isère Taillefer,Lygia Ecuyer,alive,Huawei P30 lite,S,3
WB1_23_0067,terrain,Bombus,pratorum,,novice amateur,pratorum,65.0,122.0,,pratorum,1.0,1.0,pratorum,1.0,1.0,pratorum,1.0,1.0,8,7,2023,Isère Taillefer,Lygia Ecuyer,alive,Huawei P30 lite,S,3
WB1_23_0068,terrain,Bombus,soroeensis,,novice amateur,soroeensis,240.0,145.0,,pratorum,0.0,0.0,Lapidarius,0.0,0.0,pratorum,0.0,0.0,8,7,2023,Isère Taillefer,Lygia Ecuyer,alive,Huawei P30 lite,S,3
WB1_23_0069,terrain,Bombus,pratorum,,novice amateur,pratorum,30.0,122.0,,pratorum,1.0,1.0,pratorum,1.0,1.0,pratorum,1.0,1.0,8,7,2023,Isère Taillefer,Lygia Ecuyer,alive,Huawei P30 lite,S,3
WB1_23_0070,terrain,Bombus,pratorum,,novice amateur,pratorum,100.0,100.0,,sylvarum,0.0,1.0,monticola,0.0,1.0,monticola,0.0,1.0,8,7,2023,Isère Taillefer,Lygia Ecuyer,alive,Huawei P30 lite,S,3
WB1_23_0076,terrain,Bombus,lapidarius,,pro,lapidarius,10.0,150.0,,pratorum,0.0,1.0,Lapidarius,1.0,1.0,lapidarius,1.0,1.0,19,7,2023,Bennecourt,Tarek Bayan,alive,Huawei P30 ,S,3
WB1_23_0077,terrain,Bombus,lapidarius,,pro,lapidarius,7.0,91.0,,lapidarius,1.0,1.0,Lapidarius,1.0,1.0,lapidarius,1.0,1.0,19,7,2023,Bennecourt,Tarek Bayan,alive,Huawei P30,S,3
WB1_23_0078,terrain,Bombus,lapidarius,,pro,lapidarius,9.0,90.0,,lapidarius,1.0,1.0,Lapidarius,1.0,1.0,lapidarius,1.0,1.0,19,7,2023,Bennecourt,Tarek Bayan,alive,Huawei P30,S,3
WB1_23_0079,terrain,Bombus,lapidarius,,pro,lapidarius,10.0,210.0,,lapidarius,1.0,1.0,Lapidarius,1.0,1.0,lapidarius,1.0,1.0,19,7,2023,Bennecourt,Tarek Bayan,alive,Huawei P30,S,3
WB1_23_0080,terrain,Bombus,lapidarius,,pro,lapidarius,4.0,80.0,,pratorum,0.0,1.0,pratorum,0.0,1.0,pratorum,0.0,1.0,19,7,2023,Bennecourt,Tarek Bayan,alive,Huawei P30,S,3
WB1_23_0081,terrain,Bombus,lapidarius,,pro,lapidarius,15.0,105.0,,pratorum,0.0,1.0,ruderarius,0.0,1.0,ruderarius,0.0,0.0,19,7,2023,Bennecourt,Tarek Bayan,alive,Huawei P30,S,3
WB1_23_0082,terrain,Bombus,lapidarius,,pro,lapidarius,10.0,92.0,,lapidarius,1.0,1.0,Lapidarius,1.0,1.0,pratorum,0.0,1.0,19,7,2023,Bennecourt,Tarek Bayan,alive,Huawei P30,S,3
WB1_23_0083,terrain,Bombus,lapidarius,,pro,lapidarius,12.0,79.0,,pratorum,0.0,1.0,pratorum,0.0,1.0,pratorum,0.0,1.0,19,7,2023,Omerville,Tarek Bayan,alive,Huawei P30,S,3
WB1_23_0084,terrain,Bombus,lapidarius,,pro,lapidarius,5.0,83.0,,pratorum,0.0,1.0,soroeensis,0.0,1.0,soroeensis,0.0,0.0,19,7,2023,Omerville,Tarek Bayan,alive,Huawei P30,S,3
WB1_23_0085,terrain,Bombus,lapidarius,,pro,lapidarius,10.0,79.0,,pratorum,0.0,1.0,pratorum,0.0,1.0,pratorum,0.0,0.0,19,7,2023,St Gervais,Tarek Bayan,alive,Huawei P30,S,3
WB1_23_0086,terrain,Bombus,sylvarum,,pro,sylvarum,13.0,74.0,,lapidarius,0.0,0.0,sylvarum,1.0,1.0,sylvarum,1.0,1.0,19,7,2023,St Gervais,Tarek Bayan,alive,Huawei P30,S,3
WB1_23_0087,terrain,Bombus,sylvarum,,pro,sylvarum,5.0,65.0,,pratorum,0.0,0.0,pratorum,0.0,1.0,pratorum,0.0,1.0,19,7,2023,St Gervais,Tarek Bayan,alive,Huawei P30,S,3
WB1_23_0091,terrain,Bombus,sylvarum,,accomplished amateur,sylvarum,5.0,92.0,,,,,pratorum,0.0,1.0,,,,21,7,2023,La puch,Basile Petit,alive,Samsung s10,S,3
WB1_23_0092,terrain,Bombus,lapidarius,,accomplished amateur,lapidarius,15.0,80.0,,,,,lapidarius,1.0,1.0,,,,21,7,2023,La puch,Basile Petit,alive,Samsung s10,S,3
WB1_23_0093,terrain,Bombus,lapidarius,,accomplished amateur,lapidarius,10.0,90.0,,,,,lapidarius,1.0,1.0,,,,21,7,2023,La puch,Basile Petit,alive,Samsung s10,S,3
WB1_23_0094,terrain,Bombus,lapidarius,,accomplished amateur,lapidarius,10.0,70.0,,,,,lapidarius,1.0,1.0,,,,21,7,2023,La puch,Basile Petit,alive,Samsung s10,S,3
WB1_23_0095,terrain,Bombus,lapidarius,,accomplished amateur,lapidarius,10.0,72.0,,,,,lapidarius,1.0,1.0,,,,21,7,2023,La puch,Basile Petit,alive,Samsung s10,S,3
WB1_23_0096,terrain,Bombus,lapidarius,,accomplished amateur,lapidarius,10.0,80.0,,,,,lapidarius,1.0,1.0,,,,21,7,2023,La puch,Basile Petit,alive,Samsung s10,S,3
WB1_23_0097,terrain,Bombus,lapidarius,,accomplished amateur,lapidarius,10.0,76.0,,,,,lapidarius,1.0,1.0,,,,21,7,2023,La puch,Basile Petit,alive,Samsung s10,S,3
WB1_23_0098,terrain,Bombus,pratorum,,accomplished amateur,pratorum,10.0,92.0,,,,,pratorum,1.0,1.0,,,,21,7,2023,La puch,Basile Petit,alive,Samsung s10,S,3
WB1_23_0099,terrain,Bombus,lapidarius,,accomplished amateur,lapidarius,10.0,55.0,,,,,lapidarius,1.0,1.0,,,,21,7,2023,La puch,Basile Petit,alive,Samsung s10,S,3
WB1_23_0100,terrain,Bombus,,,accomplished amateur,,,,,,,,,,,,,,21,7,2023,La puch,Basile Petit,alive,Samsung s10,S,3
WB1_23_0106,terrain,Bombus,lapidarius,,accomplished amateur,lapidarius,5.0,108.0,,pratorum,0.0,1.0,ruderarius,0.0,1.0,lapidarius,1.0,1.0,22,7,2023,St Didier,Victor Redon,alive,Fairphone 3+,S,3
WB1_23_0107,terrain,Bombus,lapidarius,,accomplished amateur,lapidarius,5.0,120.0,,pratorum,0.0,1.0,lapidarius,1.0,1.0,pratorum,0.0,1.0,22,7,2023,St Didier,Victor Redon,alive,Fairphone 3+,S,3
WB1_23_0108,terrain,Bombus,lapidarius,,accomplished amateur,lapidarius,5.0,99.0,,pratorum,0.0,1.0,lapidarius,1.0,1.0,pratorum,0.0,1.0,22,7,2023,St Didier,Victor Redon,alive,Fairphone 3+,S,3
WB1_23_0109,terrain,Bombus,lapidarius,,accomplished amateur,lapidarius,5.0,102.0,,pratorum,0.0,1.0,Pyreaneus,0.0,1.0,sylvarum,0.0,0.0,22,7,2023,St Didier,Victor Redon,alive,Fairphone 3+,S,3
WB1_23_0110,terrain,Bombus,sylvarum,,accomplished amateur,sylvarum,5.0,210.0,,pratorum,0.0,1.0,sylvarum,1.0,1.0,pratorum,0.0,1.0,22,7,2023,S13,Victor Redon,alive,Fairphone 3+,S,3
WB1_23_0111,terrain,Bombus,lapidarius,,accomplished amateur,lapidarius,5.0,120.0,,pratorum,0.0,1.0,lapidarius,1.0,1.0,lapidarius,1.0,1.0,22,7,2023,S13,Victor Redon,alive,Fairphone 3+,S,3
WB1_23_0112,terrain,Bombus,lapidarius,,accomplished amateur,lapidarius,10.0,80.0,,pratorum,0.0,1.0,monticola,0.0,1.0,pratorum,0.0,1.0,22,7,2023,S13,Victor Redon,alive,Fairphone 3+,S,3
WB1_23_0113,terrain,Bombus,lapidarius,,accomplished amateur,lapidarius,5.0,65.0,,sylvarum,0.0,0.0,sylvarum,0.0,0.0,pyrenaeus,0.0,1.0,22,7,2023,S13,Victor Redon,alive,Fairphone 3+,S,3
WB1_23_0114,terrain,Bombus,lapidarius,,accomplished amateur,lapidarius,5.0,100.0,,pratorum,0.0,1.0,lapidarius,1.0,1.0,wurflenii,0.0,1.0,22,7,2023,S13,Victor Redon,alive,Fairphone 3+,S,3
WB1_23_0115,terrain,Bombus,lapidarius,,accomplished amateur,lapidarius,5.0,85.0,,pratorum,0.0,0.0,ruderarius,0.0,1.0,ruderarius,0.0,0.0,22,7,2023,S13,Victor Redon,alive,Fairphone 3+,S,3
WB1_23_0116,terrain,Bombus,soroeensis,,pro,soroeensis,5.0,140.0,,lapidarius,0.0,0.0,lapidarius,0.0,0.0,ruderarius,0.0,0.0,22,7,2023,S13,Mehdi Issertes,alive,Iphone 12,S,3
WB1_23_0117,terrain,Bombus,pratorum,,pro,pratorum,5.0,60.0,,pratorum,1.0,1.0,pratorum,1.0,1.0,pratorum,1.0,1.0,22,7,2023,S13,Mehdi Issertes,alive,Iphone 12,S,3
WB1_23_0118,terrain,Bombus,lapidarius,,pro,lapidarius,5.0,62.0,,lapidarius,1.0,1.0,Monticola,0.0,1.0,monticola,0.0,1.0,22,7,2023,S13,Mehdi Issertes,alive,Iphone 12,S,3
WB1_23_0119,terrain,Bombus,pratorum,,pro,pratorum,5.0,67.0,,pratorum,1.0,1.0,Lapidarius,0.0,0.0,lapidarius,0.0,0.0,22,7,2023,S13,Mehdi Issertes,alive,Iphone 12,S,3
WB1_23_0120,terrain,Bombus,soroeensis,,pro,soroeensis,10.0,60.0,,lapidarius,0.0,0.0,Lapidarius,0.0,0.0,lapidarius,0.0,0.0,22,7,2023,S13,Mehdi Issertes,alive,Iphone 12,S,3
WB1_23_0121,terrain,Bombus,sylvarum,,pro,sylvarum,5.0,62.0,,lapidarius,0.0,0.0,Monticola,0.0,0.0,lapidarius,0.0,1.0,22,7,2023,S13,Mehdi Issertes,alive,Iphone 12,S,3
WB1_23_0122,terrain,Bombus,pratorum,,pro,pratorum,5.0,77.0,,lapidarius,0.0,1.0,sylvarum,0.0,0.0,lapidarius,0.0,0.0,22,7,2023,S13,Mehdi Issertes,alive,Iphone 12,S,3
WB1_23_0123,terrain,Bombus,pratorum,,pro,pratorum,5.0,53.0,,lapidarius,0.0,1.0,Monticola,0.0,0.0,lapidarius,0.0,0.0,22,7,2023,S13,Mehdi Issertes,alive,Iphone 12,S,3
WB1_23_0124,terrain,Bombus,pratorum,,pro,pratorum,5.0,48.0,,lapidarius,0.0,1.0,Lapidarius,0.0,1.0,lapidarius,0.0,1.0,22,7,2023,S13,Mehdi Issertes,alive,Iphone 12,S,3
WB1_23_0125,terrain,Bombus,confusus,,pro,confusus,5.0,48.0,,confusus,1.0,1.0,confusus,1.0,1.0,confusus,1.0,1.0,22,7,2023,S13,Mehdi Issertes,alive,Iphone 12,S,3
WB1_23_0126,terrain,Bombus,rupestris,,novice amateur,rupestris,480.0,150.0,left handed,,,,rupestris,1.0,1.0,Rupestris,1.0,1.0,25,7,2023,Site 1 fred,Tonie Reygrobellet,alive,Samsung A52S,S,3
WB1_23_0127,terrain,Bombus,lapidarius,,novice amateur,lapidarius,330.0,155.0,left handed,,,,lapidarius,1.0,1.0,Lapidarius,1.0,1.0,25,7,2023,Site 1 fred,Tonie Reygrobellet,alive,Samsung A52S,S,3
WB1_23_0128,terrain,Bombus,lapidarius,,novice amateur,lapidarius,340.0,130.0,left handed,,,,lapidarius,1.0,1.0,Lapidarius,1.0,1.0,25,7,2023,Site 1 fred,Tonie Reygrobellet,alive,Samsung A52S,S,3
WB1_23_0129,terrain,Bombus,sylvarum,,novice amateur,sylvarum,40.0,100.0,left handed,,,,pratorum,0.0,1.0,lapidarius,0.0,0.0,25,7,2023,Site 1 fred,Tonie Reygrobellet,alive,Samsung A52S,S,3
WB1_23_0130,terrain,Bombus,sylvarum,,novice amateur,sylvarum,142.0,135.0,left handed,,,,lapidarius,0.0,1.0,lapidarius,0.0,1.0,25,7,2023,Site 1 fred,Tonie Reygrobellet,alive,Samsung A52S,S,3
WB1_23_0131,terrain,Bombus,pratorum,,novice amateur,pratorum,190.0,104.0,left handed,,,,lapidarius,0.0,1.0,lapidarius,0.0,1.0,25,7,2023,Site 1 fred,Tonie Reygrobellet,alive,Samsung A52S,S,3
WB1_23_0132,terrain,Bombus,lapidarius,,novice amateur,lapidarius,163.0,105.0,left handed,,,,lapidarius,1.0,1.0,lapidarius,1.0,1.0,25,7,2023,Site 1 fred,Tonie Reygrobellet,alive,Samsung A52S,S,3
WB1_23_0133,terrain,Bombus,pratorum,,novice amateur,pratorum,64.0,100.0,left handed,,,,lapidarius,0.0,0.0,lapidarius,0.0,0.0,25,7,2023,Site 1 fred,Tonie Reygrobellet,alive,Samsung A52S,S,3
WB1_23_0134,terrain,Bombus,lapidarius,,novice amateur,lapidarius,149.0,220.0,left handed,,,,lapidarius,1.0,1.0,pratorum,0.0,1.0,25,7,2023,Site 1 fred,Tonie Reygrobellet,alive,Samsung A52S,S,3
WB1_23_0135,terrain,Bombus,lapidarius,,novice amateur,lapidarius,137.0,115.0,left handed,,,,lapidarius,1.0,1.0,lapidarius,1.0,1.0,25,7,2023,Site 1 fred,Tonie Reygrobellet,alive,Samsung A52S,S,3
WB1_23_0136,terrain,Bombus,rupestris,,pro,rupestris,,,,,,,,,,,,,27,5,2023,Col de la Chau,Adrien Perrard,alive,Pixel 7 Pro,S,1
WB1_23_0137,terrain,Bombus,rupestris,,pro,rupestris,,,,,,,,,,,,,27,5,2023,Col de la Chau,Adrien Perrard,alive,Pixel 7 Pro,S,1
WB1_23_0138,terrain,Bombus,pratorum,,pro,pratorum,,,,,,,,,,,,,27,5,2023,Col de la Chau,Adrien Perrard,alive,Pixel 7 Pro,S,1
WB1_23_0139,terrain,Bombus,pratorum,,pro,pratorum,,,,,,,,,,,,,27,5,2023,Col de la Chau,Adrien Perrard,alive,Pixel 7 Pro,S,1
WB1_23_0140,terrain,Bombus,pratorum,,pro,pratorum,,,,,,,,,,,,,27,5,2023,Col de la Chau,Adrien Perrard,alive,Pixel 7 Pro,S,1
WB1_23_0141,terrain,Bombus,pratorum,,pro,pratorum,,,,,,,,,,,,,27,5,2023,Col de la Chau,Adrien Perrard,alive,Pixel 7 Pro,S,1
WB1_23_0142,terrain,Bombus,pratorum,,pro,pratorum,,,,,,,,,,,,,27,5,2023,Col de la Chau,Adrien Perrard,alive,Pixel 7 Pro,S,1
WB1_23_0143,terrain,Bombus,pratorum,,pro,pratorum,,,,,,,,,,,,,27,5,2023,Col de la Chau,Adrien Perrard,alive,Pixel 7 Pro,S,1
WB1_23_0144,terrain,Bombus,pratorum,,pro,pratorum,,,,,,,,,,,,,27,5,2023,Col de la Chau,Adrien Perrard,alive,Pixel 7 Pro,S,1
WB1_23_0145,terrain,Bombus,lapidarius,,pro,lapidarius,,,,,,,,,,,,,27,5,2023,Col de la Chau,Adrien Perrard,alive,Pixel 7 Pro,S,1
WB1_23_0146,terrain,Bombus,lapidarius,,pro,lapidarius,,,,,,,,,,,,,27,5,2023,Col de la Chau,Adrien Perrard,alive,Pixel 7 Pro,S,1
WB1_23_0147,terrain,Bombus,sp (wurflenii ou pratorum),,pro,sp (wurflenii ou pratorum),,,,,,,,,,,,,27,5,2023,Col de la Chau,Adrien Perrard,alive,Pixel 7 Pro,S,1
WB1_23_0148,terrain,Bombus,lapidarius,,pro,lapidarius,,,,,,,,,,,,,27,5,2023,Col de la Chau,Adrien Perrard,alive,Pixel 7 Pro,S,1
WB1_23_0149,terrain,Bombus,lapidarius,,pro,lapidarius,,,,,,,,,,,,,27,5,2023,Col de la Chau,Adrien Perrard,alive,Pixel 7 Pro,S,1
WB1_23_0150,terrain,Bombus,pratorum,,pro,pratorum,,,,,,,,,,,,,27,5,2023,Grange de Vaulneyre,Adrien Perrard,alive,Pixel 7 Pro,S,1
WB1_23_0151,terrain,Bombus,sylvestris,,pro,sylvestris,,,,,,,,,,,,,27,5,2023,Grange de Vaulneyre,Adrien Perrard,alive,Pixel 7 Pro,S,1
WB1_23_0152,terrain,Bombus,sichelii,,pro,sichelii,,,,,,,,,,,,,27,5,2023,Grange de Vaulneyre,Adrien Perrard,alive,Pixel 7 Pro,S,1
WB1_23_0153,terrain,Bombus,pratorum,,pro,pratorum,,,,,,,,,,,,,27,5,2023,Grange de Vaulneyre,Adrien Perrard,alive,Pixel 7 Pro,S,1
WB1_23_0154,terrain,Bombus,mesomelas,,pro,mesomelas,,,,,,,,,,,,,28,5,2023,Font d'Urle,Adrien Perrard,alive,Pixel 7 Pro,S,1
