idx,image,status,x,y,w,h,theta,confidence,similarity,aspect_ratio,n_detections,input_path,output_path
0,WB1_23_136,OK,1661,2181,331,649,0.0,0.915,0.69,1.96,3,data\images\wide\terrain\adrien\WB1_23_136.jpg,data\images\crop\terrain\adrien\WB1_23_136.jpg
1,WB1_23_137,OK,1478,2785,327,793,0.0,0.807,0.799,2.43,3,data\images\wide\terrain\adrien\WB1_23_137.jpg,data\images\crop\terrain\adrien\WB1_23_137.jpg
2,WB1_23_138,OK,1466,2580,171,418,0.0,0.872,0.856,2.44,2,data\images\wide\terrain\adrien\WB1_23_138.jpg,data\images\crop\terrain\adrien\WB1_23_138.jpg
3,WB1_23_139,OK,1446,2078,283,474,0.0,0.828,0.747,1.68,3,data\images\wide\terrain\adrien\WB1_23_139.jpg,data\images\crop\terrain\adrien\WB1_23_139.jpg
4,WB1_23_140,OK,1024,1990,426,299,-90.0,0.78,0.479,1.43,2,data\images\wide\terrain\adrien\WB1_23_140.jpg,data\images\crop\terrain\adrien\WB1_23_140.jpg
5,WB1_23_141,OK,1367,2052,199,474,0.0,0.946,0.86,2.38,2,data\images\wide\terrain\adrien\WB1_23_141.jpg,data\images\crop\terrain\adrien\WB1_23_141.jpg
6,WB1_23_142,OK,1598,2978,235,586,0.0,0.914,0.788,2.49,1,data\images\wide\terrain\adrien\WB1_23_142.jpg,data\images\crop\terrain\adrien\WB1_23_142.jpg
7,WB1_23_143,OK,1314,2810,280,611,9.951,0.919,0.836,2.18,4,data\images\wide\terrain\adrien\WB1_23_143.jpg,data\images\crop\terrain\adrien\WB1_23_143.jpg
8,WB1_23_144,OK,1622,2357,267,474,0.0,0.899,0.743,1.78,2,data\images\wide\terrain\adrien\WB1_23_144.jpg,data\images\crop\terrain\adrien\WB1_23_144.jpg
9,WB1_23_145,OK,1418,1958,267,673,0.0,0.922,0.798,2.52,4,data\images\wide\terrain\adrien\WB1_23_145.jpg,data\images\crop\terrain\adrien\WB1_23_145.jpg
10,WB1_23_146,OK,1414,1966,315,697,0.0,0.973,0.821,2.22,3,data\images\wide\terrain\adrien\WB1_23_146.jpg,data\images\crop\terrain\adrien\WB1_23_146.jpg
11,WB1_23_147,OK,1454,3138,235,426,0.0,0.91,0.805,1.81,3,data\images\wide\terrain\adrien\WB1_23_147.jpg,data\images\crop\terrain\adrien\WB1_23_147.jpg
12,WB1_23_148,OK,1757,2612,203,490,0.0,0.917,0.855,2.41,2,data\images\wide\terrain\adrien\WB1_23_148.jpg,data\images\crop\terrain\adrien\WB1_23_148.jpg
13,WB1_23_149,OK,1789,3090,235,586,0.0,0.948,0.839,2.49,1,data\images\wide\terrain\adrien\WB1_23_149.jpg,data\images\crop\terrain\adrien\WB1_23_149.jpg
14,WB1_23_150,OK,1709,2715,187,426,0.0,0.942,0.817,2.28,4,data\images\wide\terrain\adrien\WB1_23_150.jpg,data\images\crop\terrain\adrien\WB1_23_150.jpg
15,WB1_23_151,OK,1476,2092,151,406,0.0,0.924,0.859,2.68,2,data\images\wide\terrain\adrien\WB1_23_151.jpg,data\images\crop\terrain\adrien\WB1_23_151.jpg
16,WB1_23_152,OK,1482,2006,203,418,0.0,0.961,0.865,2.06,2,data\images\wide\terrain\adrien\WB1_23_152.jpg,data\images\crop\terrain\adrien\WB1_23_152.jpg
17,WB1_23_153,OK,1454,2148,167,458,0.0,0.968,0.793,2.74,2,data\images\wide\terrain\adrien\WB1_23_153.jpg,data\images\crop\terrain\adrien\WB1_23_153.jpg
18,WB1_23_154,OK,1478,2054,267,634,0.0,0.971,0.808,2.37,5,data\images\wide\terrain\adrien\WB1_23_154.jpg,data\images\crop\terrain\adrien\WB1_23_154.jpg
19,WB1_23_0091_1,OK,1217,1973,339,811,0.0,0.989,0.867,2.4,2,data\images\wide\terrain\basile\WB1_23_0091_1.jpg,data\images\crop\terrain\basile\WB1_23_0091_1.jpg
20,WB1_23_0091_2,OK,1240,1965,323,795,0.0,0.978,0.893,2.46,3,data\images\wide\terrain\basile\WB1_23_0091_2.jpg,data\images\crop\terrain\basile\WB1_23_0091_2.jpg
21,WB1_23_0091_3,OK,1211,1998,327,768,0.0,0.981,0.86,2.35,4,data\images\wide\terrain\basile\WB1_23_0091_3.jpg,data\images\crop\terrain\basile\WB1_23_0091_3.jpg
22,WB1_23_0092_1,OK,1274,1959,437,1020,0.0,0.898,0.851,2.33,3,data\images\wide\terrain\basile\WB1_23_0092_1.jpg,data\images\crop\terrain\basile\WB1_23_0092_1.jpg
23,WB1_23_0092_2,OK,1315,2022,406,929,0.0,0.963,0.849,2.29,3,data\images\wide\terrain\basile\WB1_23_0092_2.jpg,data\images\crop\terrain\basile\WB1_23_0092_2.jpg
24,WB1_23_0092_3,OK,1353,1990,374,894,0.0,0.977,0.877,2.39,2,data\images\wide\terrain\basile\WB1_23_0092_3.jpg,data\images\crop\terrain\basile\WB1_23_0092_3.jpg
25,WB1_23_0093_1,OK,1475,1660,998,432,-2.161,0.683,0.847,2.31,1,data\images\wide\terrain\basile\WB1_23_0093_1.jpg,data\images\crop\terrain\basile\WB1_23_0093_1.jpg
26,WB1_23_0093_2,OK,1400,1825,421,988,0.0,0.878,0.842,2.35,2,data\images\wide\terrain\basile\WB1_23_0093_2.jpg,data\images\crop\terrain\basile\WB1_23_0093_2.jpg
27,WB1_23_0093_3,OK,1477,1853,413,921,0.0,0.92,0.857,2.23,2,data\images\wide\terrain\basile\WB1_23_0093_3.jpg,data\images\crop\terrain\basile\WB1_23_0093_3.jpg
28,WB1_23_0094_1,OK,1494,2077,421,1051,0.0,0.8,0.867,2.5,2,data\images\wide\terrain\basile\WB1_23_0094_1.jpg,data\images\crop\terrain\basile\WB1_23_0094_1.jpg
29,WB1_23_0094_2,OK,1305,1912,343,894,0.0,0.918,0.856,2.61,1,data\images\wide\terrain\basile\WB1_23_0094_2.jpg,data\images\crop\terrain\basile\WB1_23_0094_2.jpg
30,WB1_23_0094_3,OK,1290,2006,374,957,0.0,0.967,0.87,2.56,2,data\images\wide\terrain\basile\WB1_23_0094_3.jpg,data\images\crop\terrain\basile\WB1_23_0094_3.jpg
31,WB1_23_0095_1,OK,1053,2313,327,799,0.0,0.97,0.879,2.45,2,data\images\wide\terrain\basile\WB1_23_0095_1.jpg,data\images\crop\terrain\basile\WB1_23_0095_1.jpg
32,WB1_23_0095_2,OK,1108,1880,311,784,0.0,0.991,0.876,2.52,2,data\images\wide\terrain\basile\WB1_23_0095_2.jpg,data\images\crop\terrain\basile\WB1_23_0095_2.jpg
33,WB1_23_0095_3,OK,1250,2093,327,784,0.0,0.974,0.897,2.4,2,data\images\wide\terrain\basile\WB1_23_0095_3.jpg,data\images\crop\terrain\basile\WB1_23_0095_3.jpg
34,WB1_23_0096_1,OK,1384,1825,327,768,0.0,0.975,0.851,2.35,3,data\images\wide\terrain\basile\WB1_23_0096_1.jpg,data\images\crop\terrain\basile\WB1_23_0096_1.jpg
35,WB1_23_0096_2,OK,982,2337,280,658,0.0,0.983,0.876,2.35,5,data\images\wide\terrain\basile\WB1_23_0096_2.jpg,data\images\crop\terrain\basile\WB1_23_0096_2.jpg
36,WB1_23_0096_3,OK,1051,2376,327,543,0.0,0.982,0.826,1.66,5,data\images\wide\terrain\basile\WB1_23_0096_3.jpg,data\images\crop\terrain\basile\WB1_23_0096_3.jpg
37,WB1_23_0097_1,OK,1301,2192,931,380,-2.075,0.976,0.87,2.45,3,data\images\wide\terrain\basile\WB1_23_0097_1.jpg,data\images\crop\terrain\basile\WB1_23_0097_1.jpg
38,WB1_23_0097_2,OK,1258,1998,358,894,0.0,0.983,0.886,2.49,4,data\images\wide\terrain\basile\WB1_23_0097_2.jpg,data\images\crop\terrain\basile\WB1_23_0097_2.jpg
39,WB1_23_0097_3,OK,1223,2187,327,791,0.0,0.983,0.879,2.42,6,data\images\wide\terrain\basile\WB1_23_0097_3.jpg,data\images\crop\terrain\basile\WB1_23_0097_3.jpg
40,WB1_23_0098_1,OK,1384,1967,358,831,0.0,0.987,0.87,2.32,3,data\images\wide\terrain\basile\WB1_23_0098_1.jpg,data\images\crop\terrain\basile\WB1_23_0098_1.jpg
41,WB1_23_0098_2,OK,1342,1614,836,344,-5.194,0.988,0.886,2.43,5,data\images\wide\terrain\basile\WB1_23_0098_2.jpg,data\images\crop\terrain\basile\WB1_23_0098_2.jpg
42,WB1_23_0098_3,OK,1281,1756,772,322,-9.62,0.986,0.889,2.4,2,data\images\wide\terrain\basile\WB1_23_0098_3.jpg,data\images\crop\terrain\basile\WB1_23_0098_3.jpg
43,WB1_23_0099_1,OK,1382,1683,327,795,0.0,0.96,0.897,2.43,2,data\images\wide\terrain\basile\WB1_23_0099_1.jpg,data\images\crop\terrain\basile\WB1_23_0099_1.jpg
44,WB1_23_0099_2,OK,1258,1642,307,799,0.0,0.983,0.857,2.6,4,data\images\wide\terrain\basile\WB1_23_0099_2.jpg,data\images\crop\terrain\basile\WB1_23_0099_2.jpg
45,WB1_23_0099_3,OK,1297,1792,323,815,0.0,0.98,0.871,2.52,3,data\images\wide\terrain\basile\WB1_23_0099_3.jpg,data\images\crop\terrain\basile\WB1_23_0099_3.jpg
46,WB1_23_0001_1,OK,1475,3369,195,322,0.0,0.364,0.779,1.65,1,data\images\wide\terrain\charlotte\WB1_23_0001_1.jpg,data\images\crop\terrain\charlotte\WB1_23_0001_1.jpg
47,WB1_23_0001_2,OK,1158,3441,231,412,0.0,0.754,0.796,1.78,2,data\images\wide\terrain\charlotte\WB1_23_0001_2.jpg,data\images\crop\terrain\charlotte\WB1_23_0001_2.jpg
48,WB1_23_0001_3,OK,1114,3142,170,384,23.962,0.358,0.888,2.26,1,data\images\wide\terrain\charlotte\WB1_23_0001_3.jpg,data\images\crop\terrain\charlotte\WB1_23_0001_3.jpg
49,WB1_23_0002_1,OK,1244,3124,177,403,0.0,0.826,0.868,2.28,2,data\images\wide\terrain\charlotte\WB1_23_0002_1.jpg,data\images\crop\terrain\charlotte\WB1_23_0002_1.jpg
50,WB1_23_0002_2,OK,1038,2839,150,390,0.0,0.511,0.788,2.61,1,data\images\wide\terrain\charlotte\WB1_23_0002_2.jpg,data\images\crop\terrain\charlotte\WB1_23_0002_2.jpg
51,WB1_23_0002_3,OK,1366,3022,154,394,0.0,0.845,0.851,2.56,6,data\images\wide\terrain\charlotte\WB1_23_0002_3.jpg,data\images\crop\terrain\charlotte\WB1_23_0002_3.jpg
52,WB1_23_0003_1,OK,1248,3006,231,376,0.0,0.935,0.811,1.63,1,data\images\wide\terrain\charlotte\WB1_23_0003_1.jpg,data\images\crop\terrain\charlotte\WB1_23_0003_1.jpg
53,WB1_23_0003_2,OK,1176,2934,231,376,0.0,0.894,0.779,1.63,2,data\images\wide\terrain\charlotte\WB1_23_0003_2.jpg,data\images\crop\terrain\charlotte\WB1_23_0003_2.jpg
54,WB1_23_0003_3,OK,1287,3332,277,151,-14.534,0.467,0.808,1.84,3,data\images\wide\terrain\charlotte\WB1_23_0003_3.jpg,data\images\crop\terrain\charlotte\WB1_23_0003_3.jpg
55,WB1_23_0004_1,OK,1575,2653,177,412,0.0,0.608,0.876,2.33,3,data\images\wide\terrain\charlotte\WB1_23_0004_1.jpg,data\images\crop\terrain\charlotte\WB1_23_0004_1.jpg
56,WB1_23_0004_2,OK,1502,2916,159,412,0.0,0.596,0.876,2.6,3,data\images\wide\terrain\charlotte\WB1_23_0004_2.jpg,data\images\crop\terrain\charlotte\WB1_23_0004_2.jpg
57,WB1_23_0004_3,OK,1230,3215,177,412,0.0,0.572,0.907,2.33,3,data\images\wide\terrain\charlotte\WB1_23_0004_3.jpg,data\images\crop\terrain\charlotte\WB1_23_0004_3.jpg
58,WB1_23_0005_1,SUSPECT,1341,1808,583,583,45.0,0.099,0.466,1.0,1,data\images\wide\terrain\charlotte\WB1_23_0005_1.jpg,data\images\crop\terrain\charlotte\WB1_23_0005_1.jpg
59,WB1_23_0005_2,OK,1602,3151,195,467,0.0,0.752,0.863,2.4,2,data\images\wide\terrain\charlotte\WB1_23_0005_2.jpg,data\images\crop\terrain\charlotte\WB1_23_0005_2.jpg
60,WB1_23_0005_3,OK,1393,3532,195,412,0.0,0.705,0.894,2.12,1,data\images\wide\terrain\charlotte\WB1_23_0005_3.jpg,data\images\crop\terrain\charlotte\WB1_23_0005_3.jpg
61,WB1_23_0006_1,OK,1443,3445,200,419,16.39,0.941,0.891,2.1,3,data\images\wide\terrain\charlotte\WB1_23_0006_1.jpg,data\images\crop\terrain\charlotte\WB1_23_0006_1.jpg
62,WB1_23_0006_2,OK,1294,3129,150,285,0.0,0.892,0.84,1.91,2,data\images\wide\terrain\charlotte\WB1_23_0006_2.jpg,data\images\crop\terrain\charlotte\WB1_23_0006_2.jpg
63,WB1_23_0006_3,OK,1393,2542,136,304,0.0,0.638,0.853,2.23,2,data\images\wide\terrain\charlotte\WB1_23_0006_3.jpg,data\images\crop\terrain\charlotte\WB1_23_0006_3.jpg
64,WB1_23_0007_1,SUSPECT,1874,1828,702,684,-90.0,0.314,0.4,1.03,1,data\images\wide\terrain\charlotte\WB1_23_0007_1.jpg,data\images\crop\terrain\charlotte\WB1_23_0007_1.jpg
65,WB1_23_0007_2,OK,1123,3058,191,397,19.026,0.796,0.892,2.08,2,data\images\wide\terrain\charlotte\WB1_23_0007_2.jpg,data\images\crop\terrain\charlotte\WB1_23_0007_2.jpg
66,WB1_23_0007_3,OK,1135,3369,184,383,26.565,0.811,0.899,2.08,3,data\images\wide\terrain\charlotte\WB1_23_0007_3.jpg,data\images\crop\terrain\charlotte\WB1_23_0007_3.jpg
67,WB1_23_0008_1,OK,1194,3251,140,340,0.0,0.502,0.838,2.42,3,data\images\wide\terrain\charlotte\WB1_23_0008_1.jpg,data\images\crop\terrain\charlotte\WB1_23_0008_1.jpg
68,WB1_23_0008_2,OK,1035,3310,209,477,16.858,0.717,0.865,2.28,2,data\images\wide\terrain\charlotte\WB1_23_0008_2.jpg,data\images\crop\terrain\charlotte\WB1_23_0008_2.jpg
69,WB1_23_0008_3,OK,1273,2816,177,462,0.0,0.597,0.711,2.62,4,data\images\wide\terrain\charlotte\WB1_23_0008_3.jpg,data\images\crop\terrain\charlotte\WB1_23_0008_3.jpg
70,WB1_23_0009_1,OK,1393,2615,245,521,0.0,0.215,0.713,2.13,2,data\images\wide\terrain\charlotte\WB1_23_0009_1.jpg,data\images\crop\terrain\charlotte\WB1_23_0009_1.jpg
71,WB1_23_0009_2,OK,1280,3133,340,766,0.0,0.791,0.771,2.25,3,data\images\wide\terrain\charlotte\WB1_23_0009_2.jpg,data\images\crop\terrain\charlotte\WB1_23_0009_2.jpg
72,WB1_23_0009_3,OK,1194,3204,263,594,0.0,0.741,0.73,2.26,2,data\images\wide\terrain\charlotte\WB1_23_0009_3.jpg,data\images\crop\terrain\charlotte\WB1_23_0009_3.jpg
73,WB1_23_0010_1,OK,1276,2689,177,467,0.0,0.054,0.603,2.64,1,data\images\wide\terrain\charlotte\WB1_23_0010_1.jpg,data\images\crop\terrain\charlotte\WB1_23_0010_1.jpg
74,WB1_23_0010_2,OK,1022,2807,195,503,0.0,0.051,0.592,2.58,1,data\images\wide\terrain\charlotte\WB1_23_0010_2.jpg,data\images\crop\terrain\charlotte\WB1_23_0010_2.jpg
75,WB1_23_0010_3,OK,985,2924,220,576,9.162,0.963,0.801,2.62,2,data\images\wide\terrain\charlotte\WB1_23_0010_3.jpg,data\images\crop\terrain\charlotte\WB1_23_0010_3.jpg
76,WB1_23_0031_1,OK,1416,2109,232,547,0.0,0.97,0.876,2.36,1,data\images\wide\terrain\guilhem\WB1_23_0031_1.jpg,data\images\crop\terrain\guilhem\WB1_23_0031_1.jpg
77,WB1_23_0031_2,OK,1526,2109,232,516,0.0,0.945,0.872,2.22,1,data\images\wide\terrain\guilhem\WB1_23_0031_2.jpg,data\images\crop\terrain\guilhem\WB1_23_0031_2.jpg
78,WB1_23_0031_3,OK,959,2298,232,484,0.0,0.918,0.87,2.08,6,data\images\wide\terrain\guilhem\WB1_23_0031_3.jpg,data\images\crop\terrain\guilhem\WB1_23_0031_3.jpg
79,WB1_23_0032_1,OK,1439,1809,169,374,0.0,0.703,0.82,2.21,1,data\images\wide\terrain\guilhem\WB1_23_0032_1.jpg,data\images\crop\terrain\guilhem\WB1_23_0032_1.jpg
80,WB1_23_0032_2,OK,1575,1990,154,362,0.0,0.717,0.795,2.36,2,data\images\wide\terrain\guilhem\WB1_23_0032_2.jpg,data\images\crop\terrain\guilhem\WB1_23_0032_2.jpg
81,WB1_23_0032_3,OK,1597,1847,150,374,0.0,0.688,0.813,2.5,2,data\images\wide\terrain\guilhem\WB1_23_0032_3.jpg,data\images\crop\terrain\guilhem\WB1_23_0032_3.jpg
82,WB1_23_0033_1,OK,1360,2170,134,343,0.0,0.816,0.85,2.56,2,data\images\wide\terrain\guilhem\WB1_23_0033_1.jpg,data\images\crop\terrain\guilhem\WB1_23_0033_1.jpg
83,WB1_23_0033_2,OK,1469,2093,138,307,0.0,0.776,0.853,2.23,2,data\images\wide\terrain\guilhem\WB1_23_0033_2.jpg,data\images\crop\terrain\guilhem\WB1_23_0033_2.jpg
84,WB1_23_0033_3,OK,1374,2101,185,276,0.0,0.273,0.778,1.49,2,data\images\wide\terrain\guilhem\WB1_23_0033_3.jpg,data\images\crop\terrain\guilhem\WB1_23_0033_3.jpg
85,WB1_23_0034_1,OK,1463,1660,374,768,0.0,0.908,0.809,2.05,2,data\images\wide\terrain\guilhem\WB1_23_0034_1.jpg,data\images\crop\terrain\guilhem\WB1_23_0034_1.jpg
86,WB1_23_0034_2,OK,1242,2073,382,862,0.0,0.862,0.82,2.26,2,data\images\wide\terrain\guilhem\WB1_23_0034_2.jpg,data\images\crop\terrain\guilhem\WB1_23_0034_2.jpg
87,WB1_23_0034_3,OK,1297,2264,323,721,0.0,0.77,0.801,2.23,2,data\images\wide\terrain\guilhem\WB1_23_0034_3.jpg,data\images\crop\terrain\guilhem\WB1_23_0034_3.jpg
88,WB1_23_0035_1,OK,1455,2361,232,469,0.0,0.585,0.877,2.02,2,data\images\wide\terrain\guilhem\WB1_23_0035_1.jpg,data\images\crop\terrain\guilhem\WB1_23_0035_1.jpg
89,WB1_23_0035_2,OK,1571,2162,181,417,0.0,0.839,0.849,2.3,3,data\images\wide\terrain\guilhem\WB1_23_0035_2.jpg,data\images\crop\terrain\guilhem\WB1_23_0035_2.jpg
90,WB1_23_0035_3,OK,1612,2240,181,437,0.0,0.887,0.834,2.41,2,data\images\wide\terrain\guilhem\WB1_23_0035_3.jpg,data\images\crop\terrain\guilhem\WB1_23_0035_3.jpg
91,WB1_23_0036_1,OK,1549,2794,248,437,0.0,0.901,0.8,1.76,4,data\images\wide\terrain\guilhem\WB1_23_0036_1.jpg,data\images\crop\terrain\guilhem\WB1_23_0036_1.jpg
92,WB1_23_0036_2,OK,1486,2455,232,500,0.0,0.861,0.819,2.15,3,data\images\wide\terrain\guilhem\WB1_23_0036_2.jpg,data\images\crop\terrain\guilhem\WB1_23_0036_2.jpg
93,WB1_23_0036_3,OK,1335,2156,201,449,0.0,0.907,0.899,2.24,5,data\images\wide\terrain\guilhem\WB1_23_0036_3.jpg,data\images\crop\terrain\guilhem\WB1_23_0036_3.jpg
94,WB1_23_0037_1,OK,1673,2689,354,906,0.0,0.87,0.753,2.56,3,data\images\wide\terrain\guilhem\WB1_23_0037_1.jpg,data\images\crop\terrain\guilhem\WB1_23_0037_1.jpg
95,WB1_23_0037_2,OK,1345,2573,311,752,0.0,0.603,0.79,2.42,2,data\images\wide\terrain\guilhem\WB1_23_0037_2.jpg,data\images\crop\terrain\guilhem\WB1_23_0037_2.jpg
96,WB1_23_0037_3,OK,1526,2538,303,799,0.0,0.709,0.791,2.64,1,data\images\wide\terrain\guilhem\WB1_23_0037_3.jpg,data\images\crop\terrain\guilhem\WB1_23_0037_3.jpg
97,WB1_23_0038_1,OK,1479,2534,169,358,0.0,0.962,0.851,2.12,1,data\images\wide\terrain\guilhem\WB1_23_0038_1.jpg,data\images\crop\terrain\guilhem\WB1_23_0038_1.jpg
98,WB1_23_0038_2,OK,1382,2469,134,291,0.0,0.849,0.822,2.18,2,data\images\wide\terrain\guilhem\WB1_23_0038_2.jpg,data\images\crop\terrain\guilhem\WB1_23_0038_2.jpg
99,WB1_23_0038_3,OK,1486,2093,138,311,0.0,0.518,0.826,2.26,3,data\images\wide\terrain\guilhem\WB1_23_0038_3.jpg,data\images\crop\terrain\guilhem\WB1_23_0038_3.jpg
100,WB1_23_0039_1,OK,1542,1855,165,421,0.0,0.766,0.851,2.55,2,data\images\wide\terrain\guilhem\WB1_23_0039_1.jpg,data\images\crop\terrain\guilhem\WB1_23_0039_1.jpg
101,WB1_23_0039_2,OK,1030,1652,169,406,0.0,0.861,0.806,2.4,3,data\images\wide\terrain\guilhem\WB1_23_0039_2.jpg,data\images\crop\terrain\guilhem\WB1_23_0039_2.jpg
102,WB1_23_0039_3,OK,1171,2424,201,469,0.0,0.895,0.887,2.33,3,data\images\wide\terrain\guilhem\WB1_23_0039_3.jpg,data\images\crop\terrain\guilhem\WB1_23_0039_3.jpg
103,WB1_23_0040_1,OK,1408,2170,134,374,0.0,0.687,0.873,2.79,2,data\images\wide\terrain\guilhem\WB1_23_0040_1.jpg,data\images\crop\terrain\guilhem\WB1_23_0040_1.jpg
104,WB1_23_0040_2,OK,1447,2431,217,547,0.0,0.985,0.914,2.53,2,data\images\wide\terrain\guilhem\WB1_23_0040_2.jpg,data\images\crop\terrain\guilhem\WB1_23_0040_2.jpg
105,WB1_23_0040_3,OK,1132,2132,217,579,0.0,0.979,0.886,2.67,2,data\images\wide\terrain\guilhem\WB1_23_0040_3.jpg,data\images\crop\terrain\guilhem\WB1_23_0040_3.jpg
106,WB1_23_0061_1,OK,1038,2017,412,990,7.953,0.898,0.837,2.4,1,data\images\wide\terrain\ligia\WB1_23_0061_1.jpg,data\images\crop\terrain\ligia\WB1_23_0061_1.jpg
107,WB1_23_0062_1,OK,1482,1545,355,699,0.0,0.765,0.721,1.97,2,data\images\wide\terrain\ligia\WB1_23_0062_1.jpg,data\images\crop\terrain\ligia\WB1_23_0062_1.jpg
108,WB1_23_0062_2,OK,1334,1600,340,652,0.0,0.932,0.822,1.92,1,data\images\wide\terrain\ligia\WB1_23_0062_2.jpg,data\images\crop\terrain\ligia\WB1_23_0062_2.jpg
109,WB1_23_0062_3,OK,1326,1732,324,637,0.0,0.947,0.8,1.96,2,data\images\wide\terrain\ligia\WB1_23_0062_3.jpg,data\images\crop\terrain\ligia\WB1_23_0062_3.jpg
110,WB1_23_0063_1,OK,1584,2248,230,496,0.0,0.915,0.894,2.15,2,data\images\wide\terrain\ligia\WB1_23_0063_1.jpg,data\images\crop\terrain\ligia\WB1_23_0063_1.jpg
111,WB1_23_0063_2,OK,1639,2232,230,480,0.0,0.841,0.898,2.08,2,data\images\wide\terrain\ligia\WB1_23_0063_2.jpg,data\images\crop\terrain\ligia\WB1_23_0063_2.jpg
112,WB1_23_0063_3,OK,1631,2217,230,496,0.0,0.874,0.898,2.15,1,data\images\wide\terrain\ligia\WB1_23_0063_3.jpg,data\images\crop\terrain\ligia\WB1_23_0063_3.jpg
113,WB1_23_0064_1,OK,1065,2059,324,762,13.309,0.937,0.814,2.35,1,data\images\wide\terrain\ligia\WB1_23_0064_1.jpg,data\images\crop\terrain\ligia\WB1_23_0064_1.jpg
114,WB1_23_0064_2,OK,1077,2085,331,761,13.658,0.945,0.833,2.3,2,data\images\wide\terrain\ligia\WB1_23_0064_2.jpg,data\images\crop\terrain\ligia\WB1_23_0064_2.jpg
115,WB1_23_0064_3,OK,1073,2092,320,745,12.779,0.956,0.815,2.32,3,data\images\wide\terrain\ligia\WB1_23_0064_3.jpg,data\images\crop\terrain\ligia\WB1_23_0064_3.jpg
116,WB1_23_0065_1,OK,1529,2037,215,480,0.0,0.321,0.76,2.24,2,data\images\wide\terrain\ligia\WB1_23_0065_1.jpg,data\images\crop\terrain\ligia\WB1_23_0065_1.jpg
117,WB1_23_0065_2,OK,936,2436,418,168,-90.0,0.379,0.725,2.49,2,data\images\wide\terrain\ligia\WB1_23_0065_2.jpg,data\images\crop\terrain\ligia\WB1_23_0065_2.jpg
118,WB1_23_0065_3,OK,924,2366,437,173,-88.493,0.363,0.642,2.53,4,data\images\wide\terrain\ligia\WB1_23_0065_3.jpg,data\images\crop\terrain\ligia\WB1_23_0065_3.jpg
119,WB1_23_0066_1,OK,1475,2162,309,809,0.0,0.948,0.768,2.62,2,data\images\wide\terrain\ligia\WB1_23_0066_1.jpg,data\images\crop\terrain\ligia\WB1_23_0066_1.jpg
120,WB1_23_0066_2,OK,1436,2225,309,793,0.0,0.96,0.769,2.57,2,data\images\wide\terrain\ligia\WB1_23_0066_2.jpg,data\images\crop\terrain\ligia\WB1_23_0066_2.jpg
121,WB1_23_0066_3,OK,1467,2279,293,793,0.0,0.961,0.763,2.71,1,data\images\wide\terrain\ligia\WB1_23_0066_3.jpg,data\images\crop\terrain\ligia\WB1_23_0066_3.jpg
122,WB1_23_0067_1,OK,1535,2168,352,836,0.0,0.972,0.841,2.38,2,data\images\wide\terrain\ligia\WB1_23_0067_1.jpg,data\images\crop\terrain\ligia\WB1_23_0067_1.jpg
123,WB1_23_0067_2,OK,1561,2123,355,824,0.0,0.965,0.864,2.32,2,data\images\wide\terrain\ligia\WB1_23_0067_2.jpg,data\images\crop\terrain\ligia\WB1_23_0067_2.jpg
124,WB1_23_0067_3,OK,1693,2131,371,871,0.0,0.971,0.846,2.35,2,data\images\wide\terrain\ligia\WB1_23_0067_3.jpg,data\images\crop\terrain\ligia\WB1_23_0067_3.jpg
125,WB1_23_0068_1,OK,1232,2154,387,887,0.0,0.876,0.866,2.29,2,data\images\wide\terrain\ligia\WB1_23_0068_1.jpg,data\images\crop\terrain\ligia\WB1_23_0068_1.jpg
126,WB1_23_0068_2,OK,1273,2266,372,873,4.475,0.916,0.875,2.35,2,data\images\wide\terrain\ligia\WB1_23_0068_2.jpg,data\images\crop\terrain\ligia\WB1_23_0068_2.jpg
127,WB1_23_0068_3,OK,1412,2259,360,868,4.351,0.926,0.872,2.41,2,data\images\wide\terrain\ligia\WB1_23_0068_3.jpg,data\images\crop\terrain\ligia\WB1_23_0068_3.jpg
128,WB1_23_0069_1,OK,1381,2436,293,715,0.0,0.972,0.874,2.44,1,data\images\wide\terrain\ligia\WB1_23_0069_1.jpg,data\images\crop\terrain\ligia\WB1_23_0069_1.jpg
129,WB1_23_0069_2,OK,1381,2420,293,715,0.0,0.977,0.874,2.44,1,data\images\wide\terrain\ligia\WB1_23_0069_2.jpg,data\images\crop\terrain\ligia\WB1_23_0069_2.jpg
130,WB1_23_0069_3,OK,1475,2412,309,715,0.0,0.974,0.878,2.32,1,data\images\wide\terrain\ligia\WB1_23_0069_3.jpg,data\images\crop\terrain\ligia\WB1_23_0069_3.jpg
131,WB1_23_0070_1,OK,1225,2318,277,684,0.0,0.904,0.896,2.46,1,data\images\wide\terrain\ligia\WB1_23_0070_1.jpg,data\images\crop\terrain\ligia\WB1_23_0070_1.jpg
132,WB1_23_0070_2,OK,1209,2334,277,684,0.0,0.971,0.886,2.46,1,data\images\wide\terrain\ligia\WB1_23_0070_2.jpg,data\images\crop\terrain\ligia\WB1_23_0070_2.jpg
133,WB1_23_0070_3,OK,1295,2318,277,699,0.0,0.953,0.853,2.52,2,data\images\wide\terrain\ligia\WB1_23_0070_3.jpg,data\images\crop\terrain\ligia\WB1_23_0070_3.jpg
134,WB1_23_0116_1,OK,1242,2699,374,957,0.0,0.891,0.766,2.56,6,data\images\wide\terrain\mehdi\WB1_23_0116_1.jpg,data\images\crop\terrain\mehdi\WB1_23_0116_1.jpg
135,WB1_23_0116_2,OK,1164,2660,358,957,0.0,0.856,0.724,2.67,5,data\images\wide\terrain\mehdi\WB1_23_0116_2.jpg,data\images\crop\terrain\mehdi\WB1_23_0116_2.jpg
136,WB1_23_0116_3,OK,1209,2659,965,362,-1.86,0.789,0.733,2.66,3,data\images\wide\terrain\mehdi\WB1_23_0116_3.jpg,data\images\crop\terrain\mehdi\WB1_23_0116_3.jpg
137,WB1_23_0117_1,OK,1396,2668,374,917,0.0,0.936,0.782,2.45,4,data\images\wide\terrain\mehdi\WB1_23_0117_1.jpg,data\images\crop\terrain\mehdi\WB1_23_0117_1.jpg
138,WB1_23_0117_2,OK,1561,2502,390,902,0.0,0.834,0.831,2.31,4,data\images\wide\terrain\mehdi\WB1_23_0117_2.jpg,data\images\crop\terrain\mehdi\WB1_23_0117_2.jpg
139,WB1_23_0117_3,OK,1683,2494,374,894,0.0,0.781,0.853,2.39,5,data\images\wide\terrain\mehdi\WB1_23_0117_3.jpg,data\images\crop\terrain\mehdi\WB1_23_0117_3.jpg
140,WB1_23_0118_1,OK,1673,2731,361,903,4.447,0.874,0.801,2.5,2,data\images\wide\terrain\mehdi\WB1_23_0118_1.jpg,data\images\crop\terrain\mehdi\WB1_23_0118_1.jpg
141,WB1_23_0118_2,OK,1658,2653,361,903,4.447,0.926,0.817,2.5,2,data\images\wide\terrain\mehdi\WB1_23_0118_2.jpg,data\images\crop\terrain\mehdi\WB1_23_0118_2.jpg
142,WB1_23_0118_3,OK,1638,2694,368,901,5.013,0.956,0.793,2.45,2,data\images\wide\terrain\mehdi\WB1_23_0118_3.jpg,data\images\crop\terrain\mehdi\WB1_23_0118_3.jpg
143,WB1_23_0119_1,OK,1297,2384,406,1004,0.0,0.893,0.774,2.48,2,data\images\wide\terrain\mehdi\WB1_23_0119_1.jpg,data\images\crop\terrain\mehdi\WB1_23_0119_1.jpg
144,WB1_23_0119_2,OK,1480,2313,421,992,0.0,0.833,0.773,2.36,2,data\images\wide\terrain\mehdi\WB1_23_0119_2.jpg,data\images\crop\terrain\mehdi\WB1_23_0119_2.jpg
145,WB1_23_0119_3,OK,1492,2337,406,1016,0.0,0.903,0.805,2.5,3,data\images\wide\terrain\mehdi\WB1_23_0119_3.jpg,data\images\crop\terrain\mehdi\WB1_23_0119_3.jpg
146,WB1_23_0120_1,OK,1573,2652,406,768,0.0,0.987,0.788,1.89,2,data\images\wide\terrain\mehdi\WB1_23_0120_1.jpg,data\images\crop\terrain\mehdi\WB1_23_0120_1.jpg
147,WB1_23_0120_2,OK,1605,2683,406,768,0.0,0.982,0.764,1.89,3,data\images\wide\terrain\mehdi\WB1_23_0120_2.jpg,data\images\crop\terrain\mehdi\WB1_23_0120_2.jpg
148,WB1_23_0120_3,OK,1668,2723,390,768,0.0,0.984,0.806,1.97,4,data\images\wide\terrain\mehdi\WB1_23_0120_3.jpg,data\images\crop\terrain\mehdi\WB1_23_0120_3.jpg
149,WB1_23_0121_1,OK,1353,2581,295,736,0.0,0.966,0.821,2.49,3,data\images\wide\terrain\mehdi\WB1_23_0121_1.jpg,data\images\crop\terrain\mehdi\WB1_23_0121_1.jpg
150,WB1_23_0121_2,OK,1392,2581,295,721,0.0,0.974,0.827,2.44,2,data\images\wide\terrain\mehdi\WB1_23_0121_2.jpg,data\images\crop\terrain\mehdi\WB1_23_0121_2.jpg
151,WB1_23_0121_3,OK,1626,2754,295,717,0.0,0.971,0.853,2.43,3,data\images\wide\terrain\mehdi\WB1_23_0121_3.jpg,data\images\crop\terrain\mehdi\WB1_23_0121_3.jpg
152,WB1_23_0122_1,OK,1463,2555,339,799,0.0,0.982,0.791,2.36,3,data\images\wide\terrain\mehdi\WB1_23_0122_1.jpg,data\images\crop\terrain\mehdi\WB1_23_0122_1.jpg
153,WB1_23_0122_2,OK,1471,2573,343,784,0.0,0.976,0.873,2.29,2,data\images\wide\terrain\mehdi\WB1_23_0122_2.jpg,data\images\crop\terrain\mehdi\WB1_23_0122_2.jpg
154,WB1_23_0122_3,OK,1534,2573,343,784,0.0,0.982,0.828,2.29,2,data\images\wide\terrain\mehdi\WB1_23_0122_3.jpg,data\images\crop\terrain\mehdi\WB1_23_0122_3.jpg
155,WB1_23_0123_1,OK,1272,2628,390,669,0.0,0.95,0.78,1.72,2,data\images\wide\terrain\mehdi\WB1_23_0123_1.jpg,data\images\crop\terrain\mehdi\WB1_23_0123_1.jpg
156,WB1_23_0123_2,OK,1227,2626,386,673,0.0,0.969,0.807,1.74,4,data\images\wide\terrain\mehdi\WB1_23_0123_2.jpg,data\images\crop\terrain\mehdi\WB1_23_0123_2.jpg
157,WB1_23_0123_3,OK,1274,2660,390,673,0.0,0.983,0.8,1.73,3,data\images\wide\terrain\mehdi\WB1_23_0123_3.jpg,data\images\crop\terrain\mehdi\WB1_23_0123_3.jpg
158,WB1_23_0124_1,OK,1268,2787,808,416,-21.529,0.784,0.789,1.94,3,data\images\wide\terrain\mehdi\WB1_23_0124_1.jpg,data\images\crop\terrain\mehdi\WB1_23_0124_1.jpg
159,WB1_23_0124_2,OK,1327,2770,816,423,-21.329,0.912,0.793,1.93,3,data\images\wide\terrain\mehdi\WB1_23_0124_2.jpg,data\images\crop\terrain\mehdi\WB1_23_0124_2.jpg
160,WB1_23_0124_3,OK,1308,2839,817,422,-21.448,0.935,0.799,1.93,3,data\images\wide\terrain\mehdi\WB1_23_0124_3.jpg,data\images\crop\terrain\mehdi\WB1_23_0124_3.jpg
161,WB1_23_0125_1,OK,1366,2447,406,953,0.0,0.96,0.799,2.35,6,data\images\wide\terrain\mehdi\WB1_23_0125_1.jpg,data\images\crop\terrain\mehdi\WB1_23_0125_1.jpg
162,WB1_23_0125_2,OK,1498,2455,390,965,0.0,0.954,0.835,2.47,5,data\images\wide\terrain\mehdi\WB1_23_0125_2.jpg,data\images\crop\terrain\mehdi\WB1_23_0125_2.jpg
163,WB1_23_0125_3,OK,1398,2431,406,953,0.0,0.959,0.819,2.35,3,data\images\wide\terrain\mehdi\WB1_23_0125_3.jpg,data\images\crop\terrain\mehdi\WB1_23_0125_3.jpg
164,WB1_23_0076_1,OK,898,2707,248,549,0.0,0.986,0.856,2.22,1,data\images\wide\terrain\tarek\WB1_23_0076_1.jpg,data\images\crop\terrain\tarek\WB1_23_0076_1.jpg
165,WB1_23_0076_2,OK,450,2599,320,698,0.0,0.961,0.853,2.18,1,data\images\wide\terrain\tarek\WB1_23_0076_2.jpg,data\images\crop\terrain\tarek\WB1_23_0076_2.jpg
166,WB1_23_0076_3,OK,432,2599,320,698,0.0,0.943,0.843,2.18,2,data\images\wide\terrain\tarek\WB1_23_0076_3.jpg,data\images\crop\terrain\tarek\WB1_23_0076_3.jpg
167,WB1_23_0077_1,OK,585,2554,338,860,0.0,0.922,0.817,2.55,2,data\images\wide\terrain\tarek\WB1_23_0077_1.jpg,data\images\crop\terrain\tarek\WB1_23_0077_1.jpg
168,WB1_23_0077_2,OK,504,2414,346,913,0.0,0.94,0.782,2.64,1,data\images\wide\terrain\tarek\WB1_23_0077_2.jpg,data\images\crop\terrain\tarek\WB1_23_0077_2.jpg
169,WB1_23_0077_3,OK,442,2365,356,884,0.0,0.39,0.848,2.49,1,data\images\wide\terrain\tarek\WB1_23_0077_3.jpg,data\images\crop\terrain\tarek\WB1_23_0077_3.jpg
170,WB1_23_0078_1,OK,531,3022,302,788,0.0,0.98,0.841,2.61,1,data\images\wide\terrain\tarek\WB1_23_0078_1.jpg,data\images\crop\terrain\tarek\WB1_23_0078_1.jpg
171,WB1_23_0078_2,OK,567,3229,284,752,0.0,0.918,0.814,2.65,1,data\images\wide\terrain\tarek\WB1_23_0078_2.jpg,data\images\crop\terrain\tarek\WB1_23_0078_2.jpg
172,WB1_23_0078_3,OK,891,3076,302,824,0.0,0.983,0.85,2.73,1,data\images\wide\terrain\tarek\WB1_23_0078_3.jpg,data\images\crop\terrain\tarek\WB1_23_0078_3.jpg
173,WB1_23_0079_1,OK,612,2887,355,877,0.0,0.976,0.858,2.47,1,data\images\wide\terrain\tarek\WB1_23_0079_1.jpg,data\images\crop\terrain\tarek\WB1_23_0079_1.jpg
174,WB1_23_0079_2,OK,639,2941,356,860,0.0,0.978,0.861,2.42,1,data\images\wide\terrain\tarek\WB1_23_0079_2.jpg,data\images\crop\terrain\tarek\WB1_23_0079_2.jpg
175,WB1_23_0079_3,OK,513,2977,356,860,0.0,0.969,0.86,2.42,1,data\images\wide\terrain\tarek\WB1_23_0079_3.jpg,data\images\crop\terrain\tarek\WB1_23_0079_3.jpg
176,WB1_23_0080_1,OK,495,2338,265,643,0.0,0.959,0.833,2.42,1,data\images\wide\terrain\tarek\WB1_23_0080_1.jpg,data\images\crop\terrain\tarek\WB1_23_0080_1.jpg
177,WB1_23_0080_2,OK,441,2212,302,716,0.0,0.976,0.834,2.37,1,data\images\wide\terrain\tarek\WB1_23_0080_2.jpg,data\images\crop\terrain\tarek\WB1_23_0080_2.jpg
178,WB1_23_0080_3,OK,396,2239,284,662,0.0,0.979,0.864,2.33,1,data\images\wide\terrain\tarek\WB1_23_0080_3.jpg,data\images\crop\terrain\tarek\WB1_23_0080_3.jpg
179,WB1_23_0081_1,OK,448,2473,320,873,0.0,0.778,0.836,2.73,2,data\images\wide\terrain\tarek\WB1_23_0081_1.jpg,data\images\crop\terrain\tarek\WB1_23_0081_1.jpg
180,WB1_23_0081_2,OK,445,2391,889,282,-9.782,0.352,0.834,3.15,2,data\images\wide\terrain\tarek\WB1_23_0081_2.jpg,data\images\crop\terrain\tarek\WB1_23_0081_2.jpg
181,WB1_23_0081_3,OK,1096,92,184,918,0.0,0.161,0.476,4.98,2,data\images\wide\terrain\tarek\WB1_23_0081_3.jpg,data\images\crop\terrain\tarek\WB1_23_0081_3.jpg
182,WB1_23_0082_1,OK,495,2167,319,823,0.0,0.967,0.797,2.58,2,data\images\wide\terrain\tarek\WB1_23_0082_1.jpg,data\images\crop\terrain\tarek\WB1_23_0082_1.jpg
183,WB1_23_0082_2,OK,412,2174,297,801,0.0,0.895,0.81,2.7,1,data\images\wide\terrain\tarek\WB1_23_0082_2.jpg,data\images\crop\terrain\tarek\WB1_23_0082_2.jpg
184,WB1_23_0082_3,OK,396,2122,302,770,0.0,0.904,0.84,2.55,1,data\images\wide\terrain\tarek\WB1_23_0082_3.jpg,data\images\crop\terrain\tarek\WB1_23_0082_3.jpg
185,WB1_23_0083_1,OK,521,2748,830,283,-24.05,0.928,0.781,2.93,1,data\images\wide\terrain\tarek\WB1_23_0083_1.jpg,data\images\crop\terrain\tarek\WB1_23_0083_1.jpg
186,WB1_23_0083_2,OK,633,2865,795,272,-25.346,0.865,0.836,2.92,1,data\images\wide\terrain\tarek\WB1_23_0083_2.jpg,data\images\crop\terrain\tarek\WB1_23_0083_2.jpg
187,WB1_23_0083_3,OK,536,2879,786,261,-25.542,0.792,0.799,3.01,3,data\images\wide\terrain\tarek\WB1_23_0083_3.jpg,data\images\crop\terrain\tarek\WB1_23_0083_3.jpg
188,WB1_23_0084_1,OK,540,2959,320,770,0.0,0.958,0.854,2.41,2,data\images\wide\terrain\tarek\WB1_23_0084_1.jpg,data\images\crop\terrain\tarek\WB1_23_0084_1.jpg
189,WB1_23_0084_2,OK,547,2950,301,747,0.0,0.962,0.818,2.48,2,data\images\wide\terrain\tarek\WB1_23_0084_2.jpg,data\images\crop\terrain\tarek\WB1_23_0084_2.jpg
190,WB1_23_0084_3,OK,547,2986,301,747,0.0,0.957,0.841,2.48,3,data\images\wide\terrain\tarek\WB1_23_0084_3.jpg,data\images\crop\terrain\tarek\WB1_23_0084_3.jpg
191,WB1_23_0085_1,OK,619,2734,302,639,0.0,0.962,0.869,2.12,1,data\images\wide\terrain\tarek\WB1_23_0085_1.jpg,data\images\crop\terrain\tarek\WB1_23_0085_1.jpg
192,WB1_23_0085_2,OK,441,2752,302,644,0.0,0.965,0.833,2.13,1,data\images\wide\terrain\tarek\WB1_23_0085_2.jpg,data\images\crop\terrain\tarek\WB1_23_0085_2.jpg
193,WB1_23_0085_3,OK,556,2698,301,621,0.0,0.976,0.856,2.06,2,data\images\wide\terrain\tarek\WB1_23_0085_3.jpg,data\images\crop\terrain\tarek\WB1_23_0085_3.jpg
194,WB1_23_0086_1,OK,387,2770,265,715,0.0,0.84,0.82,2.69,2,data\images\wide\terrain\tarek\WB1_23_0086_1.jpg,data\images\crop\terrain\tarek\WB1_23_0086_1.jpg
195,WB1_23_0086_2,OK,351,2833,283,679,0.0,0.898,0.809,2.4,1,data\images\wide\terrain\tarek\WB1_23_0086_2.jpg,data\images\crop\terrain\tarek\WB1_23_0086_2.jpg
196,WB1_23_0086_3,OK,318,2814,656,266,-5.711,0.857,0.811,2.46,1,data\images\wide\terrain\tarek\WB1_23_0086_3.jpg,data\images\crop\terrain\tarek\WB1_23_0086_3.jpg
197,WB1_23_0087_1,OK,410,2761,775,308,-23.518,0.989,0.832,2.52,1,data\images\wide\terrain\tarek\WB1_23_0087_1.jpg,data\images\crop\terrain\tarek\WB1_23_0087_1.jpg
198,WB1_23_0087_2,OK,450,2833,319,733,0.0,0.905,0.821,2.3,1,data\images\wide\terrain\tarek\WB1_23_0087_2.jpg,data\images\crop\terrain\tarek\WB1_23_0087_2.jpg
199,WB1_23_0087_3,OK,420,2875,715,294,-0.939,0.941,0.767,2.43,1,data\images\wide\terrain\tarek\WB1_23_0087_3.jpg,data\images\crop\terrain\tarek\WB1_23_0087_3.jpg
200,WB1_23_0126_1,OK,684,2310,303,732,0.0,0.991,0.901,2.42,2,data\images\wide\terrain\tonie\WB1_23_0126_1.jpg,data\images\crop\terrain\tonie\WB1_23_0126_1.jpg
201,WB1_23_0126_2,OK,813,2353,316,772,0.0,0.993,0.899,2.44,2,data\images\wide\terrain\tonie\WB1_23_0126_2.jpg,data\images\crop\terrain\tonie\WB1_23_0126_2.jpg
202,WB1_23_0126_3,OK,912,2021,339,862,0.0,0.979,0.892,2.55,1,data\images\wide\terrain\tonie\WB1_23_0126_3.jpg,data\images\crop\terrain\tonie\WB1_23_0126_3.jpg
203,WB1_23_0127_1,OK,732,1876,339,610,0.0,0.816,0.84,1.8,5,data\images\wide\terrain\tonie\WB1_23_0127_1.jpg,data\images\crop\terrain\tonie\WB1_23_0127_1.jpg
204,WB1_23_0127_2,OK,732,1425,339,610,0.0,0.5,0.836,1.8,4,data\images\wide\terrain\tonie\WB1_23_0127_2.jpg,data\images\crop\terrain\tonie\WB1_23_0127_2.jpg
205,WB1_23_0127_3,OK,798,1797,331,648,13.799,0.849,0.853,1.96,5,data\images\wide\terrain\tonie\WB1_23_0127_3.jpg,data\images\crop\terrain\tonie\WB1_23_0127_3.jpg
206,WB1_23_0128_1,OK,578,2237,447,772,0.0,0.966,0.816,1.73,5,data\images\wide\terrain\tonie\WB1_23_0128_1.jpg,data\images\crop\terrain\tonie\WB1_23_0128_1.jpg
207,WB1_23_0128_2,OK,704,2192,429,772,0.0,0.927,0.788,1.8,6,data\images\wide\terrain\tonie\WB1_23_0128_2.jpg,data\images\crop\terrain\tonie\WB1_23_0128_2.jpg
208,WB1_23_0128_3,OK,686,2192,465,808,0.0,0.975,0.865,1.74,7,data\images\wide\terrain\tonie\WB1_23_0128_3.jpg,data\images\crop\terrain\tonie\WB1_23_0128_3.jpg
209,WB1_23_0129_1,OK,415,2129,411,808,0.0,0.971,0.875,1.97,6,data\images\wide\terrain\tonie\WB1_23_0129_1.jpg,data\images\crop\terrain\tonie\WB1_23_0129_1.jpg
210,WB1_23_0129_2,OK,612,2127,331,708,8.746,0.894,0.892,2.14,6,data\images\wide\terrain\tonie\WB1_23_0129_2.jpg,data\images\crop\terrain\tonie\WB1_23_0129_2.jpg
211,WB1_23_0129_3,OK,515,1750,411,899,0.0,0.975,0.904,2.19,5,data\images\wide\terrain\tonie\WB1_23_0129_3.jpg,data\images\crop\terrain\tonie\WB1_23_0129_3.jpg
212,WB1_23_0129_4,OK,424,1687,357,718,0.0,0.975,0.894,2.01,3,data\images\wide\terrain\tonie\WB1_23_0129_4.jpg,data\images\crop\terrain\tonie\WB1_23_0129_4.jpg
213,WB1_23_0130_1,OK,552,2085,259,616,30.964,0.981,0.879,2.38,3,data\images\wide\terrain\tonie\WB1_23_0130_1.jpg,data\images\crop\terrain\tonie\WB1_23_0130_1.jpg
214,WB1_23_0130_2,OK,435,2281,273,653,18.435,0.979,0.854,2.39,2,data\images\wide\terrain\tonie\WB1_23_0130_2.jpg,data\images\crop\terrain\tonie\WB1_23_0130_2.jpg
215,WB1_23_0130_3,OK,533,2013,272,610,32.845,0.978,0.864,2.24,3,data\images\wide\terrain\tonie\WB1_23_0130_3.jpg,data\images\crop\terrain\tonie\WB1_23_0130_3.jpg
216,WB1_23_0131_1,OK,479,1750,303,862,0.0,0.706,0.794,2.85,3,data\images\wide\terrain\tonie\WB1_23_0131_1.jpg,data\images\crop\terrain\tonie\WB1_23_0131_1.jpg
217,WB1_23_0131_2,OK,587,2064,280,754,0.0,0.983,0.842,2.69,1,data\images\wide\terrain\tonie\WB1_23_0131_2.jpg,data\images\crop\terrain\tonie\WB1_23_0131_2.jpg
218,WB1_23_0131_3,OK,713,2165,303,790,0.0,0.971,0.868,2.61,4,data\images\wide\terrain\tonie\WB1_23_0131_3.jpg,data\images\crop\terrain\tonie\WB1_23_0131_3.jpg
219,WB1_23_0132_1,OK,632,1858,303,736,0.0,0.975,0.879,2.43,4,data\images\wide\terrain\tonie\WB1_23_0132_1.jpg,data\images\crop\terrain\tonie\WB1_23_0132_1.jpg
220,WB1_23_0132_2,OK,722,1867,321,736,0.0,0.978,0.906,2.3,4,data\images\wide\terrain\tonie\WB1_23_0132_2.jpg,data\images\crop\terrain\tonie\WB1_23_0132_2.jpg
221,WB1_23_0132_3,OK,768,2111,303,718,0.0,0.99,0.923,2.37,3,data\images\wide\terrain\tonie\WB1_23_0132_3.jpg,data\images\crop\terrain\tonie\WB1_23_0132_3.jpg
222,WB1_23_0133_1,OK,795,1831,212,519,0.0,0.963,0.843,2.45,6,data\images\wide\terrain\tonie\WB1_23_0133_1.jpg,data\images\crop\terrain\tonie\WB1_23_0133_1.jpg
223,WB1_23_0133_2,OK,713,1840,230,537,0.0,0.948,0.882,2.33,4,data\images\wide\terrain\tonie\WB1_23_0133_2.jpg,data\images\crop\terrain\tonie\WB1_23_0133_2.jpg
224,WB1_23_0133_3,OK,603,2039,303,677,0.0,0.979,0.914,2.24,1,data\images\wide\terrain\tonie\WB1_23_0133_3.jpg,data\images\crop\terrain\tonie\WB1_23_0133_3.jpg
225,WB1_23_0134_1,OK,686,1867,357,844,0.0,0.988,0.875,2.37,4,data\images\wide\terrain\tonie\WB1_23_0134_1.jpg,data\images\crop\terrain\tonie\WB1_23_0134_1.jpg
226,WB1_23_0134_2,OK,732,2061,312,790,0.0,0.989,0.909,2.54,4,data\images\wide\terrain\tonie\WB1_23_0134_2.jpg,data\images\crop\terrain\tonie\WB1_23_0134_2.jpg
227,WB1_23_0134_3,OK,732,2046,316,790,0.0,0.989,0.912,2.5,3,data\images\wide\terrain\tonie\WB1_23_0134_3.jpg,data\images\crop\terrain\tonie\WB1_23_0134_3.jpg
228,WB1_23_0135_1,OK,434,1883,316,736,0.0,0.988,0.797,2.33,4,data\images\wide\terrain\tonie\WB1_23_0135_1.jpg,data\images\crop\terrain\tonie\WB1_23_0135_1.jpg
229,WB1_23_0135_2,OK,551,1885,321,754,0.0,0.978,0.933,2.35,3,data\images\wide\terrain\tonie\WB1_23_0135_2.jpg,data\images\crop\terrain\tonie\WB1_23_0135_2.jpg
230,WB1_23_0135_3,OK,479,1822,339,754,0.0,0.983,0.926,2.23,3,data\images\wide\terrain\tonie\WB1_23_0135_3.jpg,data\images\crop\terrain\tonie\WB1_23_0135_3.jpg
231,WB1_23_0135_4,OK,506,1840,339,736,0.0,0.99,0.912,2.17,4,data\images\wide\terrain\tonie\WB1_23_0135_4.jpg,data\images\crop\terrain\tonie\WB1_23_0135_4.jpg
232,WB1_23_0106_1,OK,965,2795,199,477,0.0,0.799,0.778,2.39,1,data\images\wide\terrain\victor\WB1_23_0106_1.jpg,data\images\crop\terrain\victor\WB1_23_0106_1.jpg
233,WB1_23_0106_2,OK,1066,2639,168,430,0.0,0.884,0.821,2.56,2,data\images\wide\terrain\victor\WB1_23_0106_2.jpg,data\images\crop\terrain\victor\WB1_23_0106_2.jpg
234,WB1_23_0106_3,OK,842,2725,152,387,0.0,0.784,0.885,2.54,2,data\images\wide\terrain\victor\WB1_23_0106_3.jpg,data\images\crop\terrain\victor\WB1_23_0106_3.jpg
235,WB1_23_0107_1,OK,1490,2279,199,465,0.0,0.791,0.884,2.33,1,data\images\wide\terrain\victor\WB1_23_0107_1.jpg,data\images\crop\terrain\victor\WB1_23_0107_1.jpg
236,WB1_23_0107_2,OK,1412,2646,215,527,0.0,0.951,0.882,2.45,5,data\images\wide\terrain\victor\WB1_23_0107_2.jpg,data\images\crop\terrain\victor\WB1_23_0107_2.jpg
237,WB1_23_0107_3,OK,1037,2717,230,527,0.0,0.947,0.875,2.29,2,data\images\wide\terrain\victor\WB1_23_0107_3.jpg,data\images\crop\terrain\victor\WB1_23_0107_3.jpg
238,WB1_23_0108_1,OK,1271,2537,246,559,0.0,0.93,0.885,2.27,2,data\images\wide\terrain\victor\WB1_23_0108_1.jpg,data\images\crop\terrain\victor\WB1_23_0108_1.jpg
239,WB1_23_0108_2,OK,1006,2592,199,496,0.0,0.938,0.817,2.49,3,data\images\wide\terrain\victor\WB1_23_0108_2.jpg,data\images\crop\terrain\victor\WB1_23_0108_2.jpg
240,WB1_23_0108_3,OK,865,3279,230,527,0.0,0.903,0.856,2.29,2,data\images\wide\terrain\victor\WB1_23_0108_3.jpg,data\images\crop\terrain\victor\WB1_23_0108_3.jpg
241,WB1_23_0109_1,OK,1139,1920,168,449,0.0,0.607,0.858,2.67,2,data\images\wide\terrain\victor\WB1_23_0109_1.jpg,data\images\crop\terrain\victor\WB1_23_0109_1.jpg
242,WB1_23_0109_2,OK,998,2850,215,543,0.0,0.978,0.86,2.53,2,data\images\wide\terrain\victor\WB1_23_0109_2.jpg,data\images\crop\terrain\victor\WB1_23_0109_2.jpg
243,WB1_23_0110_1,OK,1372,2426,559,230,-4.686,0.921,0.895,2.43,3,data\images\wide\terrain\victor\WB1_23_0110_1.jpg,data\images\crop\terrain\victor\WB1_23_0110_1.jpg
244,WB1_23_0110_2,OK,1006,2865,215,527,0.0,0.914,0.844,2.45,3,data\images\wide\terrain\victor\WB1_23_0110_2.jpg,data\images\crop\terrain\victor\WB1_23_0110_2.jpg
245,WB1_23_0111_1,OK,1248,2475,184,480,0.0,0.726,0.834,2.62,2,data\images\wide\terrain\victor\WB1_23_0111_1.jpg,data\images\crop\terrain\victor\WB1_23_0111_1.jpg
246,WB1_23_0111_2,OK,928,2396,184,465,0.0,0.573,0.857,2.53,1,data\images\wide\terrain\victor\WB1_23_0111_2.jpg,data\images\crop\terrain\victor\WB1_23_0111_2.jpg
247,WB1_23_0111_3,OK,1170,2795,168,449,0.0,0.738,0.872,2.67,2,data\images\wide\terrain\victor\WB1_23_0111_3.jpg,data\images\crop\terrain\victor\WB1_23_0111_3.jpg
248,WB1_23_0112_1,OK,1170,2521,246,637,0.0,0.931,0.838,2.59,2,data\images\wide\terrain\victor\WB1_23_0112_1.jpg,data\images\crop\terrain\victor\WB1_23_0112_1.jpg
249,WB1_23_0112_2,OK,992,2979,257,649,5.274,0.782,0.885,2.53,2,data\images\wide\terrain\victor\WB1_23_0112_2.jpg,data\images\crop\terrain\victor\WB1_23_0112_2.jpg
250,WB1_23_0113_1,OK,1120,1612,694,248,-21.801,0.91,0.857,2.8,1,data\images\wide\terrain\victor\WB1_23_0113_1.jpg,data\images\crop\terrain\victor\WB1_23_0113_1.jpg
251,WB1_23_0113_2,OK,1324,1692,637,238,-1.364,0.812,0.832,2.68,2,data\images\wide\terrain\victor\WB1_23_0113_2.jpg,data\images\crop\terrain\victor\WB1_23_0113_2.jpg
252,WB1_23_0113_3,OK,1061,1816,670,240,-21.176,0.581,0.853,2.79,2,data\images\wide\terrain\victor\WB1_23_0113_3.jpg,data\images\crop\terrain\victor\WB1_23_0113_3.jpg
253,WB1_23_0114_1,OK,1417,2882,192,490,14.349,0.335,0.865,2.55,2,data\images\wide\terrain\victor\WB1_23_0114_1.jpg,data\images\crop\terrain\victor\WB1_23_0114_1.jpg
254,WB1_23_0114_2,OK,1357,3075,203,528,18.97,0.495,0.847,2.61,2,data\images\wide\terrain\victor\WB1_23_0114_2.jpg,data\images\crop\terrain\victor\WB1_23_0114_2.jpg
255,WB1_23_0114_3,SUSPECT,2217,1889,637,605,-90.0,0.426,0.398,1.05,3,data\images\wide\terrain\victor\WB1_23_0114_3.jpg,data\images\crop\terrain\victor\WB1_23_0114_3.jpg
256,WB1_23_0114_4,OK,1391,3065,185,471,15.255,0.427,0.87,2.54,3,data\images\wide\terrain\victor\WB1_23_0114_4.jpg,data\images\crop\terrain\victor\WB1_23_0114_4.jpg
257,WB1_23_0115_1,OK,1355,2316,211,539,0.0,0.9,0.814,2.56,2,data\images\wide\terrain\victor\WB1_23_0115_1.jpg,data\images\crop\terrain\victor\WB1_23_0115_1.jpg
258,WB1_23_0115_2,OK,1042,2102,486,183,-3.327,0.539,0.872,2.65,1,data\images\wide\terrain\victor\WB1_23_0115_2.jpg,data\images\crop\terrain\victor\WB1_23_0115_2.jpg
259,WB1_23_0115_3,OK,715,2711,533,200,-8.616,0.47,0.846,2.67,1,data\images\wide\terrain\victor\WB1_23_0115_3.jpg,data\images\crop\terrain\victor\WB1_23_0115_3.jpg
260,WB1_23_0016_1,OK,1436,2442,280,510,0.0,0.913,0.749,1.82,1,data\images\wide\terrain\yvan\WB1_23_0016_1.jpg,data\images\crop\terrain\yvan\WB1_23_0016_1.jpg
261,WB1_23_0016_2,OK,211,227,227,418,0.0,0.423,0.836,1.84,1,data\images\wide\terrain\yvan\WB1_23_0016_2.jpg,data\images\crop\terrain\yvan\WB1_23_0016_2.jpg
262,WB1_23_0016_3,OK,1450,2280,253,456,0.0,0.732,0.698,1.8,2,data\images\wide\terrain\yvan\WB1_23_0016_3.jpg,data\images\crop\terrain\yvan\WB1_23_0016_3.jpg
263,WB1_23_0017_1,OK,199,298,202,393,0.0,0.518,0.831,1.95,1,data\images\wide\terrain\yvan\WB1_23_0017_1.jpg,data\images\crop\terrain\yvan\WB1_23_0017_1.jpg
264,WB1_23_0017_2,OK,1316,2771,444,199,-30.256,0.201,0.787,2.23,3,data\images\wide\terrain\yvan\WB1_23_0017_2.jpg,data\images\crop\terrain\yvan\WB1_23_0017_2.jpg
265,WB1_23_0017_3,OK,1632,2341,213,415,0.0,0.489,0.743,1.95,6,data\images\wide\terrain\yvan\WB1_23_0017_3.jpg,data\images\crop\terrain\yvan\WB1_23_0017_3.jpg
266,WB1_23_0018_1,OK,1245,2734,404,189,-3.271,0.65,0.817,2.14,6,data\images\wide\terrain\yvan\WB1_23_0018_1.jpg,data\images\crop\terrain\yvan\WB1_23_0018_1.jpg
267,WB1_23_0018_2,OK,206,263,201,413,0.0,0.457,0.863,2.06,3,data\images\wide\terrain\yvan\WB1_23_0018_2.jpg,data\images\crop\terrain\yvan\WB1_23_0018_2.jpg
268,WB1_23_0018_3,OK,1159,2847,226,442,0.0,0.905,0.838,1.96,3,data\images\wide\terrain\yvan\WB1_23_0018_3.jpg,data\images\crop\terrain\yvan\WB1_23_0018_3.jpg
269,WB1_23_0019_1,OK,1477,2454,169,402,0.0,0.729,0.851,2.38,5,data\images\wide\terrain\yvan\WB1_23_0019_1.jpg,data\images\crop\terrain\yvan\WB1_23_0019_1.jpg
270,WB1_23_0019_2,OK,849,2158,199,550,0.0,0.702,0.868,2.76,1,data\images\wide\terrain\yvan\WB1_23_0019_2.jpg,data\images\crop\terrain\yvan\WB1_23_0019_2.jpg
271,WB1_23_0019_3,OK,214,181,189,424,0.0,0.417,0.826,2.25,1,data\images\wide\terrain\yvan\WB1_23_0019_3.jpg,data\images\crop\terrain\yvan\WB1_23_0019_3.jpg
272,WB1_23_0020_1,OK,1180,2791,196,483,0.0,0.792,0.828,2.47,5,data\images\wide\terrain\yvan\WB1_23_0020_1.jpg,data\images\crop\terrain\yvan\WB1_23_0020_1.jpg
273,WB1_23_0020_2,OK,1045,2773,213,483,0.0,0.726,0.813,2.27,1,data\images\wide\terrain\yvan\WB1_23_0020_2.jpg,data\images\crop\terrain\yvan\WB1_23_0020_2.jpg
274,WB1_23_0020_3,OK,964,2940,196,483,0.0,0.52,0.805,2.47,1,data\images\wide\terrain\yvan\WB1_23_0020_3.jpg,data\images\crop\terrain\yvan\WB1_23_0020_3.jpg
275,WB1_23_0021_1,OK,1065,2656,169,388,0.0,0.674,0.819,2.3,2,data\images\wide\terrain\yvan\WB1_23_0021_1.jpg,data\images\crop\terrain\yvan\WB1_23_0021_1.jpg
276,WB1_23_0021_2,FAILED,,,,,,,,,0,data\images\wide\terrain\yvan\WB1_23_0021_2.jpg,
277,WB1_23_0021_3,OK,1139,2698,280,645,0.0,0.981,0.824,2.3,1,data\images\wide\terrain\yvan\WB1_23_0021_3.jpg,data\images\crop\terrain\yvan\WB1_23_0021_3.jpg
278,WB1_23_0022_1,OK,950,2145,253,591,0.0,0.978,0.843,2.33,1,data\images\wide\terrain\yvan\WB1_23_0022_1.jpg,data\images\crop\terrain\yvan\WB1_23_0022_1.jpg
279,WB1_23_0022_2,OK,748,2712,280,618,0.0,0.951,0.81,2.2,1,data\images\wide\terrain\yvan\WB1_23_0022_2.jpg,data\images\crop\terrain\yvan\WB1_23_0022_2.jpg
280,WB1_23_0022_3,OK,776,2219,240,560,0.0,0.99,0.812,2.34,1,data\images\wide\terrain\yvan\WB1_23_0022_3.jpg,data\images\crop\terrain\yvan\WB1_23_0022_3.jpg
281,WB1_23_0023_1,OK,1207,2482,334,726,0.0,0.934,0.853,2.17,1,data\images\wide\terrain\yvan\WB1_23_0023_1.jpg,data\images\crop\terrain\yvan\WB1_23_0023_1.jpg
282,WB1_23_0023_2,OK,355,270,317,704,0.0,0.68,0.871,2.22,1,data\images\wide\terrain\yvan\WB1_23_0023_2.jpg,data\images\crop\terrain\yvan\WB1_23_0023_2.jpg
283,WB1_23_0023_3,OK,1058,1996,361,807,0.0,0.849,0.831,2.23,1,data\images\wide\terrain\yvan\WB1_23_0023_3.jpg,data\images\crop\terrain\yvan\WB1_23_0023_3.jpg
284,WB1_23_0024_1,OK,1193,2010,280,672,0.0,0.948,0.784,2.4,1,data\images\wide\terrain\yvan\WB1_23_0024_1.jpg,data\images\crop\terrain\yvan\WB1_23_0024_1.jpg
285,WB1_23_0024_2,OK,1186,2712,280,658,0.0,0.89,0.845,2.35,1,data\images\wide\terrain\yvan\WB1_23_0024_2.jpg,data\images\crop\terrain\yvan\WB1_23_0024_2.jpg
286,WB1_23_0024_3,OK,687,2290,327,820,0.0,0.909,0.848,2.51,1,data\images\wide\terrain\yvan\WB1_23_0024_3.jpg,data\images\crop\terrain\yvan\WB1_23_0024_3.jpg
287,WB1_23_0025_1,OK,1207,1983,253,618,0.0,0.966,0.861,2.44,1,data\images\wide\terrain\yvan\WB1_23_0025_1.jpg,data\images\crop\terrain\yvan\WB1_23_0025_1.jpg
288,WB1_23_0025_2,OK,422,350,339,838,0.0,0.345,0.866,2.47,1,data\images\wide\terrain\yvan\WB1_23_0025_2.jpg,data\images\crop\terrain\yvan\WB1_23_0025_2.jpg
289,WB1_23_0025_3,OK,1092,2415,415,982,0.0,0.174,0.813,2.37,1,data\images\wide\terrain\yvan\WB1_23_0025_3.jpg,data\images\crop\terrain\yvan\WB1_23_0025_3.jpg
290,WB1_23_0026_1,OK,1195,1738,304,810,0.0,0.949,0.797,2.67,1,data\images\wide\terrain\yvan\WB1_23_0026_1.jpg,data\images\crop\terrain\yvan\WB1_23_0026_1.jpg
291,WB1_23_0026_2,OK,989,1510,334,857,0.0,0.946,0.796,2.57,2,data\images\wide\terrain\yvan\WB1_23_0026_2.jpg,data\images\crop\terrain\yvan\WB1_23_0026_2.jpg
292,WB1_23_0026_3,OK,1119,2152,429,1063,0.0,0.678,0.789,2.48,3,data\images\wide\terrain\yvan\WB1_23_0026_3.jpg,data\images\crop\terrain\yvan\WB1_23_0026_3.jpg
