specimen_id,species,caste,is_labeled,n_images,splits_present,in_identification_csv,in_images
1036L,sylvarum,worker,True,5,train,True,True
15300,cryptarum,worker,True,0,,True,False
15G2021-1200,sylvarum,drone,True,5,train,True,True
15G2021-1826,sylvarum,worker,True,5,train,True,True
15L2021-1420,rupestris,drone,True,5,train,True,True
15L2021-1483,soroeensis,drone,True,5,train,True,True
15L2021-1498,rupestris,drone,True,5,train,True,True
15L2021-1499,rupestris,drone,True,5,train,True,True
15L2021-1514,rupestris,drone,True,5,train,True,True
15L2021-1546,rupestris,drone,True,5,train,True,True
15L2021-1585,sylvarum,drone,True,5,train,True,True
15L2021-1731,rupestris,drone,True,5,train,True,True
15L2021-1732,soroeensis,drone,True,5,train,True,True
15L2021-1739,soroeensis,drone,True,5,train,True,True
15L2021-1740,soroeensis,drone,True,5,train,True,True
15L2021-1741,soroeensis,drone,True,5,train,True,True
15L2021-1742,soroeensis,drone,True,5,train,True,True
15L2021-1743,soroeensis,drone,True,5,train,True,True
15L2021-1748,pomorum,drone,True,5,train,True,True
15L2021-1757,rupestris,drone,True,5,train,True,True
15L2021-1758,rupestris,drone,True,5,train,True,True
2003.003,terrestris,queen,True,0,,True,False
2006.0473,lucorum,drone,True,0,,True,False
2007.0008,pratorum,drone,True,5,train,True,True
2007.0712,rupestris,queen,True,10,train,True,True
2012.0034,sylvarum,worker,True,5,train,True,True
2013.0265,pratorum,drone,True,5,train,True,True
2016.8252,terrestris,drone,True,0,,True,False
2016.8462,terrestris,queen,True,0,,True,False
2017.06254,sylvarum,worker,True,5,train,True,True
2017.06494,terrestris,drone,True,0,,True,False
2017.07639,terrestris,queen,True,0,,True,False
2017.07643,terrestris,drone,True,0,,True,False
2017.07656,terrestris,drone,True,0,,True,False
2017.07755,terrestris,queen,True,0,,True,False
2017.07838,terrestris,worker,True,0,,True,False
2017:06526,terrestris,drone,True,0,,True,False
2019.00316,pratorum,worker,True,5,train,True,True
2019.01788,pratorum,queen,True,5,train,True,True
2019.02059,pratorum,drone,True,5,train,True,True
2019.02073,pratorum,drone,True,5,train,True,True
2019.02080,pratorum,drone,True,5,train,True,True
2019.02118,pratorum,queen,True,5,train,True,True
2019.02167,pratorum,worker,True,5,train,True,True
2019.02175,pratorum,drone,True,5,train,True,True
2019.02184,pratorum,queen,True,5,train,True,True
2019.02188,pratorum,worker,True,5,train,True,True
2020-00471,rupestris,drone,True,0,,True,False
2020.00254,pyrenaeus,drone,True,5,train,True,True
2020.00294,soroeensis,worker,True,5,train,True,True
2020.00301,pratorum,drone,True,5,train,True,True
2020.00339,soroeensis,worker,True,5,train,True,True
2020.00377,ruderarius,worker,True,5,train,True,True
2020.00410,soroeensis,worker,True,5,train,True,True
2020.00449,soroeensis,worker,True,5,train,True,True
2020.00470,rupestris,drone,True,6,train,True,True
2020.00471,,,False,6,train,False,True
2020.03706,terrestris,drone,True,0,,True,False
2020.03886,sylvarum,worker,True,5,train,True,True
2020.03926,pratorum,drone,True,5,train,True,True
2020.03930,sylvarum,drone,True,5,train,True,True
2020.03936,pyrenaeus,drone,True,5,train,True,True
2020.04010,sylvarum,worker,True,5,train,True,True
2020.04013,sylvarum,worker,True,5,train,True,True
2020.04044,sylvarum,worker,True,5,train,True,True
2020.06110,lucorum,drone,True,0,,True,False
2020.06114,lucorum,drone,True,0,,True,False
2020.06124,lucorum,drone,True,0,,True,False
2020.06138,lucorum,drone,True,0,,True,False
2020.06145,lucorum,drone,True,0,,True,False
2020.06207,soroeensis,drone,True,5,train,True,True
2020.06243,rupestris,drone,True,6,train,True,True
2020.06244,rupestris,drone,True,6,train,True,True
2020.06348,sylvarum,drone,True,5,train,True,True
20A.07897,sylvarum,queen,True,5,train,True,True
42230,lucorum,queen,True,0,,True,False
5100,cryptarum,queen,True,0,,True,False
63970,terrestris,queen,True,0,,True,False
73110,lucorum,worker,True,0,,True,False
73440,lucorum,worker,True,0,,True,False
ABAURA4898,pratorum,worker,True,5,train,True,True
ABAURA4902,ruderarius,worker,True,5,train,True,True
ABAURA4904,ruderarius,worker,True,5,train,True,True
ABAURA4915,ruderarius,worker,True,5,train,True,True
ABAURA4923,ruderarius,worker,True,5,train,True,True
ABAURA4923b,ruderarius,worker,True,5,train,True,True
ABAURA4926,pratorum,worker,True,5,train,True,True
ABAURA4928,ruderarius,worker,True,5,train,True,True
ABAURA4936,ruderarius,worker,True,5,train,True,True
ABAURA5103,pratorum,queen,True,5,train,True,True
ABAURA5591,soroeensis,worker,True,5,train,True,True
ABAURA5593,sylvarum,worker,True,5,train,True,True
ABAURA5633,soroeensis,drone,True,5,train,True,True
ABAURA5667,monticola,worker,True,5,train,True,True
ABAURA5676,rupestris,queen,True,10,train,True,True
ABAURA57210,pratorum,queen,True,5,train,True,True
ABAURA7150,ruderarius,queen,True,5,train,True,True
ABAURA7151,sylvarum,queen,True,5,train,True,True
ABAURA7153,pratorum,worker,True,5,train,True,True
ABAURA7155,pratorum,queen,True,5,train,True,True
ABAURA7163,ruderarius,queen,True,5,train,True,True
ABAURA7548,pratorum,worker,True,5,train,True,True
ABAURA7781,wurflenii,drone,True,5,train,True,True
ABAURA7781b,wurflenii,drone,True,5,train,True,True
ABAURA7910,rupestris,queen,True,5,train,True,True
ABAURA8150,soroeensis,worker,True,5,train,True,True
ABAURA8150b,ruderarius,worker,True,5,train,True,True
ABAURA8150c,ruderarius,queen,True,5,train,True,True
ABAURA8150d,wurflenii,worker,True,5,train,True,True
ABAURA8151,soroeensis,worker,True,5,train,True,True
ABAURA8201,pratorum,queen,True,5,train,True,True
ABAURA8203,sichelii,worker,True,5,train,True,True
ABAURA8204,ruderarius,drone,True,5,train,True,True
ABAURA8205,ruderarius,worker,True,5,train,True,True
ABAURA8205b,ruderarius,worker,True,5,train,True,True
ABAURA8205c,ruderarius,worker,True,5,train,True,True
ABAURA8205d,wurflenii,worker,True,5,train,True,True
ABAURA8206,pyrenaeus,worker,True,5,train,True,True
ABAURA8207,sichelii,worker,True,5,train,True,True
ABAURA8207b,wurflenii,worker,True,5,train,True,True
ABAURA8207c,wurflenii,worker,True,5,train,True,True
ABAURA8207d,wurflenii,worker,True,5,train,True,True
ABAURA8207e,wurflenii,worker,True,5,train,True,True
ABAURA8207f,wurflenii,worker,True,5,train,True,True
ABAURA8208,sichelii,worker,True,5,train,True,True
ABAURA8208b,sichelii,worker,True,5,train,True,True
ABAURA8212,pyrenaeus,worker,True,5,train,True,True
ABAURA8228,pratorum,worker,True,5,train,True,True
ABAURA8228b,pyrenaeus,worker,True,5,train,True,True
ABAURA8233,pratorum,drone,True,5,train,True,True
ABAURA8238,pratorum,drone,True,5,train,True,True
ABAURA8238a,sichelii,worker,True,5,train,True,True
ABAURA8238b,sichelii,worker,True,5,train,True,True
ABAURA8238c,sichelii,worker,True,5,train,True,True
ABAURA8238d,sichelii,worker,True,5,train,True,True
ABAURA8238e,sichelii,worker,True,5,train,True,True
ABAURA8239,pratorum,worker,True,5,train,True,True
ABAURA8239b,pratorum,worker,True,5,train,True,True
ABAURA8239c,soroeensis,worker,True,5,train,True,True
ABAURA8239d,wurflenii,worker,True,5,train,True,True
ABAURA8240,pratorum,worker,True,5,train,True,True
ABAURA8240b,pratorum,worker,True,5,train,True,True
ABAURA8240c,pratorum,worker,True,5,train,True,True
ABAURA8240d,pyrenaeus,worker,True,5,train,True,True
ABAURA8399,rupestris,queen,True,0,,True,False
ABAURA8526,soroeensis,drone,True,5,train,True,True
ABAURA8526b,wurflenii,worker,True,5,train,True,True
ABAURA8595,ruderarius,drone,True,5,train,True,True
ABAURA8599,wurflenii,worker,True,5,train,True,True
ABAURA8602,ruderarius,drone,True,5,train,True,True
ABAURA8604,wurflenii,worker,True,5,train,True,True
ABAURA8606,ruderarius,worker,True,5,train,True,True
ABAURA8607,pratorum,drone,True,5,train,True,True
ABAURA8625,soroeensis,queen,True,5,train,True,True
ABAURA8627,soroeensis,worker,True,5,train,True,True
ABAURA8627b,soroeensis,worker,True,0,,True,False
ABAURA8672b,,,False,5,train,False,True
ABAURA8747,pratorum,drone,True,5,train,True,True
ABAURA8764,pratorum,drone,True,5,train,True,True
ABAURA8852,ruderarius,drone,True,5,train,True,True
ABAURA8852b,ruderarius,worker,True,5,train,True,True
ABAURA8867,soroeensis,worker,True,5,train,True,True
ABAURA8885,pomorum,drone,True,5,train,True,True
ABAURA8885b,ruderarius,drone,True,5,train,True,True
ABAURA8885c,ruderarius,drone,True,5,train,True,True
ABAURA8885d,ruderarius,drone,True,5,train,True,True
ABAURA8885e,ruderarius,queen,True,5,train,True,True
ABAURA8885f,ruderarius,queen,True,5,train,True,True
ABB-2017.09516,terrestris,queen,True,0,,True,False
ABB-2017.09565,terrestris,queen,True,0,,True,False
ABB-2017.09615,terrestris,queen,True,0,,True,False
ABB-2017.09681,terrestris,drone,True,0,,True,False
ABB-2017.19025,terrestris,drone,True,0,,True,False
ABB-2017.19138,terrestris,drone,True,0,,True,False
ABB-2020.00032,sylvarum,worker,True,5,train,True,True
ABB-2020.00038,ruderarius,worker,True,5,train,True,True
ABB-2020.00106,sylvarum,worker,True,5,train,True,True
ABB.2017.20260,pratorum,worker,True,5,train,True,True
AGR.2016.1415,pratorum,drone,True,5,train,True,True
ARN-2016.18265,terrestris,worker,True,0,,True,False
ARN-2016.18266,terrestris,worker,True,0,,True,False
ATBI GR5,ruderarius,drone,True,0,,True,False
ATBI GR5b,sichelii,worker,True,0,,True,False
ATBI_GR5,,,False,5,train,False,True
ATBI_GR5b,,,False,5,train,False,True
BAR-2018.00332,sylvarum,worker,True,5,train,True,True
BAR-2018.00871,sylvarum,worker,True,5,train,True,True
BAR.2018.00342,sylvarum,worker,True,5,train,True,True
C2009.0558,terrestris,worker,True,0,,True,False
CD387287,soroeensis,worker,True,5,train,True,True
CD387303,sylvarum,worker,True,5,train,True,True
CD387313,ruderarius,worker,True,5,train,True,True
CD387324,sylvarum,worker,True,5,train,True,True
CD387577,soroeensis,worker,True,5,train,True,True
CD387577b,soroeensis,worker,True,5,train,True,True
CD387759,soroeensis,drone,True,5,train,True,True
CD387766,sylvarum,worker,True,4,train,True,True
CD387766b,ruderarius,worker,True,4,train,True,True
CD387770,pratorum,worker,True,5,train,True,True
CD387770b,monticola,drone,True,5,train,True,True
CD387770c,soroeensis,worker,True,5,train,True,True
CD387770d,sichelii,worker,True,5,train,True,True
CD387804,monticola,drone,True,5,train,True,True
CD387804c,soroeensis,drone,True,5,train,True,True
CD387804d,sichelii,drone,True,0,,True,False
CD388003,wurflenii,worker,True,5,train,True,True
CD388003b,wurflenii,worker,True,5,train,True,True
CD388013,wurflenii,worker,True,5,train,True,True
CD388016,sichelii,drone,True,5,train,True,True
CD388016b,wurflenii,worker,True,5,train,True,True
CD388018,ruderarius,drone,True,5,train,True,True
CD388018b,ruderarius,drone,True,5,train,True,True
CD388018c,sichelii,worker,True,5,train,True,True
CD388018d,wurflenii,worker,True,5,train,True,True
CD388018e,wurflenii,worker,True,5,train,True,True
CD388135,sylvarum,worker,True,5,train,True,True
CD388145,soroeensis,drone,True,5,train,True,True
CD388145b,soroeensis,drone,True,5,train,True,True
CD388146,sylvarum,worker,True,5,train,True,True
CD388229,pratorum,drone,True,5,train,True,True
CD388229b,soroeensis,worker,True,5,train,True,True
CD388229c,soroeensis,drone,True,5,train,True,True
CD388230,pratorum,drone,True,5,train,True,True
CD388230b,pratorum,drone,True,10,train,True,True
CD388230c,monticola,drone,True,5,train,True,True
CD388230d,soroeensis,worker,True,0,,True,False
CD388235,soroeensis,worker,True,5,train,True,True
CD388235b,soroeensis,worker,True,5,train,True,True
CD388391,soroeensis,queen,True,5,train,True,True
CD388391b,wurflenii,worker,True,5,train,True,True
CD388408,monticola,worker,True,5,train,True,True
CD388612,soroeensis,worker,True,5,train,True,True
CD388623,monticola,drone,True,5,train,True,True
CD388623b,monticola,worker,True,5,train,True,True
CD388623c,monticola,worker,True,5,train,True,True
CD388623d,monticola,worker,True,5,train,True,True
CD388623e,pyrenaeus,worker,True,5,train,True,True
CD388769,pratorum,worker,True,5,train,True,True
CD388809,soroeensis,worker,True,5,train,True,True
CD388820,wurflenii,worker,True,5,train,True,True
CD388820b,wurflenii,worker,True,5,train,True,True
CD388821,monticola,drone,True,5,train,True,True
CD388821b,pyrenaeus,drone,True,5,train,True,True
CD388821c,pyrenaeus,drone,True,5,train,True,True
CD388821d,sichelii,worker,True,5,train,True,True
CD388821e,sichelii,worker,True,5,train,True,True
CD388821f,sichelii,worker,True,5,train,True,True
CD388860,soroeensis,drone,True,5,train,True,True
CD388860b,soroeensis,drone,True,5,train,True,True
CD388861,pratorum,drone,True,5,train,True,True
CD388861b,pyrenaeus,worker,True,5,train,True,True
CD388862,soroeensis,worker,True,5,train,True,True
CD388862b,sylvarum,worker,True,5,train,True,True
CD388865,sichelii,worker,True,5,train,True,True
CD388865b,sichelii,worker,True,5,train,True,True
CD388865c,sichelii,worker,True,5,train,True,True
CD388865d,sichelii,worker,True,5,train,True,True
CD388865e,sichelii,worker,True,5,train,True,True
CD388872,soroeensis,worker,True,5,train,True,True
CD388872b,soroeensis,worker,True,5,train,True,True
CD388872c,soroeensis,queen,True,5,train,True,True
CD888235b,soroeensis,worker,True,0,,True,False
CEN187839,pratorum,worker,True,5,train,True,True
CYALU.202103022,terrestris,queen,True,0,,True,False
CollecYvan1,sichelii,drone,True,5,train,True,True
CollecYvan10,confusus,worker,True,5,train,True,True
CollecYvan11,confusus,worker,True,5,train,True,True
CollecYvan12,confusus,worker,True,5,train,True,True
CollecYvan14,monticola,worker,True,5,train,True,True
CollecYvan15,monticola,worker,True,5,train,True,True
CollecYvan16,monticola,worker,True,5,train,True,True
CollecYvan17,monticola,worker,True,5,train,True,True
CollecYvan18,monticola,worker,True,5,train,True,True
CollecYvan19,wurflenii,drone,True,5,train,True,True
CollecYvan2,sichelii,drone,True,5,train,True,True
CollecYvan20,wurflenii,drone,True,5,train,True,True
CollecYvan21,wurflenii,drone,True,5,train,True,True
CollecYvan22,wurflenii,drone,True,5,train,True,True
CollecYvan23,wurflenii,drone,True,5,train,True,True
CollecYvan24,wurflenii,drone,True,5,train,True,True
CollecYvan3,sichelii,drone,True,5,train,True,True
CollecYvan4,sichelii,drone,True,5,train,True,True
CollecYvan5,sichelii,drone,True,5,train,True,True
CollecYvan6,sichelii,drone,True,5,train,True,True
CollecYvan8,confusus,worker,True,5,train,True,True
CollecYvan9,confusus,worker,True,5,train,True,True
D26-5618,rupestris,queen,True,6,train,True,True
D264515,ruderarius,worker,True,5,train,True,True
D264520,pratorum,queen,True,5,train,True,True
D264520b,soroeensis,queen,True,5,train,True,True
FB.F19.0001,terrestris,worker,True,0,,True,False
FB.F19.0002,terrestris,worker,True,0,,True,False
FB.F19.0004,terrestris,worker,True,0,,True,False
FB.F19.0025,terrestris,worker,True,0,,True,False
FB.F19.0026,terrestris,worker,True,0,,True,False
FB.F19.0027,terrestris,worker,True,0,,True,False
FB.F19.0028,terrestris,worker,True,0,,True,False
FB.F19.0036,pratorum,worker,True,0,,True,False
FB.F19.0038,pratorum,worker,True,0,,True,False
FB.F19.0044,terrestris,worker,True,0,,True,False
FB.F19.0045,terrestris,worker,True,0,,True,False
FB.F19.0061,terrestris,worker,True,0,,True,False
FB.F19.0074,terrestris,worker,True,0,,True,False
FB.F19.0075,terrestris,worker,True,0,,True,False
FB.F19.0077,pratorum,worker,True,0,,True,False
FB.F19.0078,terrestris,worker,True,0,,True,False
FB.F19.0079,terrestris,worker,True,0,,True,False
FB.F19.0080,pratorum,worker,True,0,,True,False
FB.F19.0081,terrestris,worker,True,0,,True,False
FB.F19.0082,terrestris,worker,True,0,,True,False
FB.F19.0084,pratorum,worker,True,0,,True,False
FB.F19.0094,terrestris,worker,True,0,,True,False
FB.F19.0188,terrestris,worker,True,0,,True,False
FB.F19.0191,hortorum,queen,True,0,,True,False
FB.F19.0192,pratorum,worker,True,0,,True,False
FB.F19.0202,terrestris,worker,True,0,,True,False
FB.F19.0212,pascuorum,queen,True,0,,True,False
FB.F19.0280,pascuorum,queen,True,0,,True,False
FB.F19.0284,pascuorum,queen,True,0,,True,False
FB.F19.0297,pascuorum,worker,True,0,,True,False
FB.F19.0298,pascuorum,queen,True,0,,True,False
FB.F19.0302,terrestris,worker,True,0,,True,False
FB.F19.0334,hortorum,queen,True,0,,True,False
FB.F19.0342,pascuorum,queen,True,0,,True,False
FB.F19.0347,terrestris,worker,True,0,,True,False
FB.F19.0348,pascuorum,queen,True,0,,True,False
FB.F19.0355,terrestris,worker,True,0,,True,False
FB.F19.0360,pratorum,worker,True,0,,True,False
FB.F19.0363,pascuorum,queen,True,0,,True,False
FB.P19.0005,terrestris,worker,True,0,,True,False
FB.P19.0006,terrestris,worker,True,0,,True,False
FB.P19.0007,terrestris,worker,True,0,,True,False
FB.P19.0103,terrestris,worker,True,0,,True,False
FB.P19.0116,terrestris,worker,True,0,,True,False
FB.P19.0140,campestris,queen,True,0,,True,False
FB.P19.0148,terrestris,worker,True,0,,True,False
FB.P19.0149,pratorum,worker,True,0,,True,False
FB.P19.0153,pratorum,worker,True,0,,True,False
FB.P19.0157,terrestris,worker,True,0,,True,False
FB.P19.0223,campestris,queen,True,0,,True,False
FB.P19.0301,campestris,queen,True,0,,True,False
FR04ABOM220722001,sichelii,queen,True,5,train,True,True
FR04ABOM220722031,pyrenaeus,worker,True,5,train,True,True
FR04ABOM220722046,sichelii,drone,True,5,train,True,True
FR04ABOM220722047,sichelii,drone,True,5,train,True,True
FR04ABOM220722050,ruderarius,drone,True,5,train,True,True
FR04ABOM220722051,ruderarius,drone,True,5,train,True,True
FR04ABOM220722054,ruderarius,drone,True,5,train,True,True
FR04ABOM220722055,ruderarius,drone,True,5,train,True,True
FR04ABOM220722057,ruderarius,drone,True,5,train,True,True
FR04ABOM220722060,monticola,drone,True,5,train,True,True
FR04ABOM220722061,pyrenaeus,drone,True,5,train,True,True
FR04ABOM220722087,monticola,worker,True,5,train,True,True
FR04ABOM220722089,pyrenaeus,queen,True,5,train,True,True
FR04ABOM220722092,pyrenaeus,worker,True,5,train,True,True
FR05ABOM220722023,ruderarius,drone,True,5,train,True,True
FR05ABOM220722024,ruderarius,drone,True,5,train,True,True
FR05ABOM220722025,ruderarius,drone,True,5,train,True,True
FR05ABOM220722026,sichelii,drone,True,5,train,True,True
FR05ABOM220722027,sichelii,drone,True,5,train,True,True
FR05ABOM220722028,ruderarius,drone,True,5,train,True,True
FR15AB100518002,wurflenii,queen,True,5,train,True,True
FR15ABOM060621003,confusus,queen,True,5,train,True,True
FR15ABOM100721030,rupestris,queen,True,5,train,True,True
FR15ABOM100721031,rupestris,queen,True,5,train,True,True
FR15ABOM100721032,rupestris,queen,True,5,train,True,True
FR15ABOM100721047,pomorum,queen,True,5,train,True,True
FR15ABOM110721013,rupestris,queen,True,5,train,True,True
FR15ABOM120621015,rupestris,queen,True,5,train,True,True
FR15ABOM120722071,wurflenii,drone,True,5,train,True,True
FR15ABOM130621006,rupestris,queen,True,5,train,True,True
FR15ABOM130722047,wurflenii,drone,True,5,train,True,True
FR15ABOM150720008,pomorum,drone,True,5,train,True,True
FR15ABOM150820018,confusus,drone,True,5,train,True,True
FR15ABOM150821068,pomorum,worker,True,5,train,True,True
FR15ABOM170821009,sylvarum,drone,True,5,train,True,True
FR15ABOM170821018,confusus,worker,True,5,train,True,True
FR15ABOM170821029,confusus,drone,True,5,train,True,True
FR15ABOM170821030,pomorum,drone,True,5,train,True,True
FR15ABOM170821030b,pomorum,drone,True,5,train,True,True
FR15ABOM170821074,pomorum,worker,True,5,train,True,True
FR15ABOM170821115,confusus,worker,True,5,train,True,True
FR15ABOM170821120,confusus,worker,True,5,train,True,True
FR15ABOM170821123,pomorum,worker,True,5,train,True,True
FR15ABOM200722026,wurflenii,drone,True,5,train,True,True
FR15ABOM200722062,wurflenii,drone,True,5,train,True,True
FR15ABOM200722063,wurflenii,drone,True,5,train,True,True
FR15ABOM200722064,wurflenii,drone,True,5,train,True,True
FR15ABOM200722065,wurflenii,drone,True,5,train,True,True
FR15ABOM200722066,wurflenii,drone,True,5,train,True,True
FR15ABOM200821004,pomorum,worker,True,5,train,True,True
FR15ABOM200821005,pomorum,drone,True,5,train,True,True
FR15ABOM200821010,pomorum,drone,True,5,train,True,True
FR15ABOM200821014,pomorum,worker,True,5,train,True,True
FR15ABOM200821035,pomorum,worker,True,5,train,True,True
FR15ABOM200821126,pomorum,worker,True,5,train,True,True
FR15ABOM200821156,rupestris,queen,True,5,train,True,True
FR15ABOM200821202,pomorum,worker,True,5,train,True,True
FR15ABOM200821209,pomorum,drone,True,5,train,True,True
FR15ABOM200821215,pomorum,worker,True,5,train,True,True
FR15ABOM200821233,pomorum,worker,True,5,train,True,True
FR15ABOM210821014,pomorum,drone,True,5,train,True,True
FR15ABOM210821043,pomorum,worker,True,5,train,True,True
FR15ABOM210821048,pomorum,drone,True,5,train,True,True
FR15ABOM210821077,rupestris,queen,True,5,train,True,True
FR15ABOM210821100,pomorum,drone,True,5,train,True,True
FR15ABOM210821107,pomorum,drone,True,5,train,True,True
FR15ABOM210821110,pomorum,drone,True,5,train,True,True
FR15ABOM210821112,confusus,worker,True,5,train,True,True
FR15ABOM210821115,pomorum,drone,True,5,train,True,True
FR15ABOM210821119,pomorum,worker,True,5,train,True,True
FR15ABOM210821125,confusus,worker,True,5,train,True,True
FR15ABOM210821128,sylvarum,drone,True,5,train,True,True
FR15ABOM210821137,confusus,drone,True,5,train,True,True
FR15ABOM210821139,confusus,drone,True,5,train,True,True
FR15ABOM210821143,sylvarum,drone,True,5,train,True,True
FR15ABOM210821147,confusus,worker,True,5,train,True,True
FR15ABOM210821165,confusus,drone,True,5,train,True,True
FR15ABOM210821171,confusus,drone,True,5,train,True,True
FR15ABOM210821174,sylvarum,drone,True,5,train,True,True
FR15ABOM210821177,sylvarum,drone,True,5,train,True,True
FR15ABOM210821210,confusus,drone,True,5,train,True,True
FR15ABOM210821211,confusus,worker,True,5,train,True,True
FR15ABOM210821212,confusus,drone,True,5,train,True,True
FR15ABOM210822012,pomorum,drone,True,5,train,True,True
FR15ABOM210822013,pomorum,drone,True,5,train,True,True
FR15ABOM210822014,pomorum,drone,True,5,train,True,True
FR15ABOM210822015,pomorum,drone,True,5,train,True,True
FR15ABOM210822016,pomorum,drone,True,5,train,True,True
FR15ABOM220821043,confusus,drone,True,5,train,True,True
FR15ABOM220821055,pomorum,worker,True,5,train,True,True
FR15ABOM220821068,confusus,drone,True,5,train,True,True
FR15ABOM220821070,confusus,drone,True,5,train,True,True
FR15ABOM220821084,confusus,worker,True,5,train,True,True
FR15ABOM220821085,confusus,worker,True,5,train,True,True
FR15ABOM220822012,pomorum,drone,True,0,,True,False
FR15ABOM220822013,pomorum,drone,True,0,,True,False
FR15ABOM220822014,pomorum,drone,True,0,,True,False
FR15ABOM220822015,pomorum,drone,True,0,,True,False
FR15ABOM310520005,rupestris,queen,True,5,train,True,True
FR15ABOO0712002,rupestris,queen,True,5,train,True,True
FR15_AB210818002,wurflenii,drone,True,5,train,True,True
FR15_ABOM023082020028,confusus,worker,True,5,train,True,True
FR15_ABOM07082020038,confusus,drone,True,5,train,True,True
FR15_ABOM07082020049,confusus,worker,True,5,train,True,True
FR15_ABOM07082020062,confusus,worker,True,5,train,True,True
FR15_ABOM07082020082,confusus,drone,True,5,train,True,True
FR15_ABOM080820007,confusus,drone,True,5,train,True,True
FR15_ABOM080820039,confusus,drone,True,5,train,True,True
FR15_ABOM090820071,confusus,drone,True,5,train,True,True
FR15_ABOM09082020078,sylvarum,drone,True,5,train,True,True
FR15_ABOM09082020094,confusus,worker,True,5,train,True,True
FR15_ABOM14080820006,confusus,drone,True,5,train,True,True
FR15_ABOM170820009,confusus,drone,True,5,train,True,True
FR15_ABOM170820030,confusus,drone,True,5,train,True,True
FR15_ABOM17082020015,sylvarum,drone,True,5,train,True,True
FR15_ABOM180720046,wurflenii,drone,True,5,train,True,True
FR15_ABOM180720047,wurflenii,drone,True,5,train,True,True
FR15_ABOM180720048,wurflenii,drone,True,5,train,True,True
FR15_ABOM180720053,wurflenii,drone,True,5,train,True,True
FR15_ABOM180720054,pomorum,worker,True,5,train,True,True
FR15_ABOM25082020007,sylvarum,drone,True,5,train,True,True
FR15_ABOM25082020008,sylvarum,drone,True,5,train,True,True
FR15_ABOM25082020010,sylvarum,drone,True,5,train,True,True
FR15_ABOM30072020036,sylvarum,drone,True,5,train,True,True
FR15_ABOM30072020040,pomorum,worker,True,5,train,True,True
FR15_ABOM30072020042,sylvarum,drone,True,5,train,True,True
FR15_ABOM30072020044,pomorum,worker,True,5,train,True,True
FR15_ABOM30072020045,pomorum,worker,True,5,train,True,True
FR15_ABOM30072020048,pomorum,worker,True,5,train,True,True
FR15_ABOM30072020071,pomorum,worker,True,5,train,True,True
FR15_STPONCY300921002,sylvarum,drone,True,5,train,True,True
FR15_STPONCY300921024,sylvarum,drone,True,5,train,True,True
FR73ABOM120722002,pyrenaeus,drone,True,5,train,True,True
FR73ABOM120722021,pyrenaeus,worker,True,5,train,True,True
FR73ABOM120722025,ruderarius,drone,True,5,train,True,True
FR73ABOM120722026,sichelii,drone,True,5,train,True,True
FR73ABOM120722027,monticola,drone,True,5,train,True,True
FR73ABOM120722028,sichelii,drone,True,5,train,True,True
FR73ABOM120722042,pyrenaeus,worker,True,5,train,True,True
FR73ABOM120722070,monticola,drone,True,5,train,True,True
FR73ABOM120722072,pyrenaeus,drone,True,5,train,True,True
FR73ABOM120722090,monticola,worker,True,5,train,True,True
FR73ABOM120722103,pyrenaeus,worker,True,5,train,True,True
FR73ABOM120722118,monticola,drone,True,5,train,True,True
FR73ABOM130722001,monticola,worker,True,5,train,True,True
FR73ABOM130722002,monticola,worker,True,5,train,True,True
FR73ABOM130722003,sichelii,drone,True,5,train,True,True
FR73ABOM130722004,pyrenaeus,worker,True,5,train,True,True
FR73ABOM130722005,pyrenaeus,worker,True,5,train,True,True
FR73ABOM130722006,pyrenaeus,worker,True,5,train,True,True
FR73ABOM130722007,pyrenaeus,drone,True,5,train,True,True
FR73ABOM130722009,pyrenaeus,drone,True,5,train,True,True
FR73ABOM130722017,monticola,drone,True,5,train,True,True
FR73ABOM130722018,pyrenaeus,drone,True,5,train,True,True
FR73ABOM130722020,pyrenaeus,drone,True,5,train,True,True
FR73ABOM130722021,pyrenaeus,drone,True,5,train,True,True
FR73ABOM130722027,pyrenaeus,worker,True,5,train,True,True
FR73ABOM130722029,sichelii,drone,True,5,train,True,True
FR73ABOM130722030,pyrenaeus,drone,True,5,train,True,True
FR73ABOM130722037,monticola,drone,True,5,train,True,True
FR73ABOM130722039,monticola,drone,True,5,train,True,True
FR73ABOM130722040,pyrenaeus,drone,True,5,train,True,True
FR73ABOM130722041,sichelii,drone,True,5,train,True,True
FR73ABOM130722046,pyrenaeus,worker,True,5,train,True,True
FR73ABOM130722062,pyrenaeus,drone,True,5,train,True,True
FR73ABOM130722063,pyrenaeus,drone,True,5,train,True,True
FR73ABOM130722064,pyrenaeus,drone,True,5,train,True,True
FR73ABOM130722065,pyrenaeus,drone,True,5,train,True,True
FR73ABOM130722066,pyrenaeus,drone,True,5,train,True,True
FR73ABOM130722067,pyrenaeus,drone,True,5,train,True,True
FR73ABOM140722001,monticola,drone,True,5,train,True,True
FR73ABOM140722009,monticola,worker,True,5,train,True,True
FR73ABOM140722011,monticola,drone,True,5,train,True,True
FR73ABOM140722015,monticola,drone,True,5,train,True,True
FR73ABOM140722026,monticola,queen,True,5,train,True,True
FR73ABOM140722031,monticola,drone,True,5,train,True,True
FR73ABOM140722032,monticola,drone,True,5,train,True,True
FR73ABOM140722033,monticola,drone,True,5,train,True,True
FR73ABOM140722039,pyrenaeus,worker,True,5,train,True,True
FR73ABOM150722001,monticola,drone,True,5,train,True,True
FR73ABOM150722006,monticola,drone,True,5,train,True,True
FR73ABOM200722017,sichelii,drone,True,5,train,True,True
FR73ABOM200722018,sichelii,drone,True,5,train,True,True
FR73ABOM200722019,pyrenaeus,drone,True,5,train,True,True
FR73ABOM200722028,pyrenaeus,drone,True,5,train,True,True
FR73ABOM200722029,pyrenaeus,drone,True,5,train,True,True
FR73ABOM200722030,sichelii,drone,True,5,train,True,True
FR73ABOM200722031,sichelii,drone,True,5,train,True,True
FR73ABOM200722032,monticola,worker,True,5,train,True,True
FR73ABOM200722034,pyrenaeus,worker,True,5,train,True,True
FR73ABOM200722037,pyrenaeus,worker,True,5,train,True,True
FR73ABOM200722038,pyrenaeus,worker,True,5,train,True,True
FR73ABOM200722039,pyrenaeus,worker,True,5,train,True,True
FR73ABOM200722040,pyrenaeus,worker,True,5,train,True,True
FR73ABOM200722041,pyrenaeus,worker,True,5,train,True,True
FR74ABOM160722001,monticola,worker,True,5,train,True,True
FR74ABOM160722015,monticola,worker,True,5,train,True,True
FR74ABOM170722014,monticola,worker,True,5,train,True,True
JE.F19.0158,terrestris,worker,True,0,,True,False
JE.F19.0166,terrestris,worker,True,0,,True,False
JE.F19.0173,terrestris,worker,True,0,,True,False
JE.F19.0174,pascuorum,queen,True,0,,True,False
JE.F19.0176,pascuorum,queen,True,0,,True,False
JE.F19.0242,terrestris,worker,True,0,,True,False
JE.F19.0244,terrestris,worker,True,0,,True,False
JE.F19.0268,terrestris,worker,True,0,,True,False
JE.F19.0277,terrestris,worker,True,0,,True,False
JE.F19.0305,terrestris,worker,True,0,,True,False
JE.F19.0306,pascuorum,queen,True,0,,True,False
JE.F19.0311,terrestris,worker,True,0,,True,False
JE.F19.0320,pascuorum,queen,True,0,,True,False
JE.F19.0324,pascuorum,queen,True,0,,True,False
JE.F19.0332,terrestris,worker,True,0,,True,False
JE.F19.0335,pascuorum,queen,True,0,,True,False
JE.F19.0381,pascuorum,worker,True,0,,True,False
JE.F19.0382,hortorum,queen,True,0,,True,False
JE.F19.0388,terrestris,worker,True,0,,True,False
JE.F19.0410,pascuorum,queen,True,0,,True,False
JE.F19.0414,pascuorum,queen,True,0,,True,False
JE.F19.0416,terrestris,worker,True,0,,True,False
JE.F19.0418,terrestris,worker,True,0,,True,False
JE.F19.0427,pratorum,worker,True,0,,True,False
MET-2016.18309,terrestris,queen,True,0,,True,False
MET-2018.00201,terrestris,drone,True,0,,True,False
N1151,terrestris,drone,True,0,,True,False
N1152,lapidarius,drone,True,0,,True,False
N1259,pascuorum,worker,True,0,,True,False
N126,pratorum,drone,True,10,train,True,True
N127,pascuorum,worker,True,0,,True,False
N128,pascuorum,worker,True,0,,True,False
N1283,pascuorum,worker,True,0,,True,False
N129,pascuorum,worker,True,0,,True,False
N171,terrestris,worker,True,0,,True,False
N173,terrestris,worker,True,0,,True,False
N174,pascuorum,worker,True,0,,True,False
N175,pascuorum,worker,True,0,,True,False
N176,pascuorum,worker,True,0,,True,False
N180,pascuorum,worker,True,0,,True,False
N181,pascuorum,worker,True,0,,True,False
N183,terrestris,worker,True,0,,True,False
N184,pascuorum,worker,True,0,,True,False
N196,pascuorum,worker,True,0,,True,False
N205,pratorum,worker,True,6,train,True,True
N210,terrestris,worker,True,0,,True,False
N213,pascuorum,worker,True,0,,True,False
N220,pascuorum,worker,True,0,,True,False
N221,lucorum,drone,True,0,,True,False
N222,vestalis,drone,True,0,,True,False
N223,terrestris,worker,True,0,,True,False
N224,terrestris,worker,True,0,,True,False
N225,terrestris,worker,True,0,,True,False
N227,pascuorum,worker,True,0,,True,False
N228,vestalis,drone,True,0,,True,False
N229,terrestris,worker,True,0,,True,False
N230,vestalis,drone,True,0,,True,False
N231,terrestris,worker,True,0,,True,False
N234,terrestris,drone,True,0,,True,False
N290,terrestris,worker,True,0,,True,False
N291,pascuorum,worker,True,0,,True,False
N306,terrestris,worker,True,0,,True,False
N324,pascuorum,worker,True,0,,True,False
N342,pascuorum,worker,True,0,,True,False
N343,pascuorum,worker,True,0,,True,False
N359,pascuorum,worker,True,0,,True,False
N360,pascuorum,worker,True,0,,True,False
N384,pratorum,drone,True,10,train,True,True
N385,pratorum,drone,True,10,train,True,True
N387,pascuorum,drone,True,0,,True,False
N390,terrestris,worker,True,0,,True,False
N391,terrestris,worker,True,0,,True,False
N392,terrestris,worker,True,0,,True,False
N407,pratorum,worker,True,6,train,True,True
N408,lapidarius,worker,True,0,,True,False
N409,terrestris,worker,True,0,,True,False
N410,terrestris,worker,True,0,,True,False
N411,terrestris,worker,True,0,,True,False
N413,lapidarius,worker,True,0,,True,False
N423,terrestris,worker,True,0,,True,False
N463,pascuorum,worker,True,0,,True,False
N489,terrestris,worker,True,0,,True,False
N492,terrestris,worker,True,0,,True,False
N562,terrestris,worker,True,0,,True,False
N563,terrestris,worker,True,0,,True,False
N579,terrestris,worker,True,0,,True,False
N620,pascuorum,worker,True,0,,True,False
N625,pascuorum,worker,True,0,,True,False
N628,pratorum,drone,True,10,train,True,True
N629,terrestris,drone,True,0,,True,False
N630,pascuorum,worker,True,0,,True,False
N657,pascuorum,worker,True,0,,True,False
N706,lapidarius,drone,True,0,,True,False
N72,terrestris,worker,True,0,,True,False
N76,lucorum,worker,True,0,,True,False
N813,lucorum,drone,True,0,,True,False
N814,lapidarius,drone,True,0,,True,False
N815,pratorum,drone,True,10,train,True,True
N816,lucorum,drone,True,0,,True,False
NoName1,pratorum,queen,True,5,train,True,True
NoName10,sylvarum,drone,True,5,train,True,True
NoName11,sylvarum,drone,True,5,train,True,True
NoName12,sylvarum,drone,True,5,train,True,True
NoName13,sylvarum,drone,True,5,train,True,True
NoName14,pomorum,drone,True,5,train,True,True
NoName15,pomorum,drone,True,5,train,True,True
NoName2,sylvarum,queen,True,5,train,True,True
NoName3,pomorum,drone,True,5,train,True,True
NoName4,sylvarum,worker,True,5,train,True,True
NoName5,sylvarum,worker,True,5,train,True,True
NoName6,confusus,worker,True,5,train,True,True
NoName7,confusus,worker,True,5,train,True,True
NoName8,confusus,drone,True,5,train,True,True
NoName9,sylvarum,drone,True,5,train,True,True
OPIE_Lapi_030803,lapidarius,drone,True,5,train,True,True
OPIE_Lapi_030803b,lapidarius,drone,True,5,train,True,True
OPIE_Lapi_060803,lapidarius,drone,True,5,train,True,True
OPIE_Lapi_070820,lapidarius,drone,True,5,train,True,True
OPIE_Lapi_070820b,lapidarius,worker,True,5,train,True,True
OPIE_Lapi_100803,lapidarius,drone,True,5,train,True,True
OPIE_Lapi_100820,lapidarius,drone,True,5,train,True,True
OPIE_Lapi_110702,lapidarius,worker,True,5,train,True,True
OPIE_Lapi_130720,lapidarius,worker,True,5,train,True,True
OPIE_Lapi_130720b,lapidarius,worker,True,5,train,True,True
OPIE_Lapi_130720c,lapidarius,worker,True,5,train,True,True
OPIE_Lapi_130720d,lapidarius,worker,True,5,train,True,True
OPIE_Lapi_160720,lapidarius,drone,True,5,train,True,True
OPIE_Lapi_160720b,lapidarius,worker,True,5,train,True,True
OPIE_Lapi_180702,lapidarius,drone,True,5,train,True,True
OPIE_Lapi_180703,lapidarius,drone,True,5,train,True,True
OPIE_Lapi_200703,lapidarius,drone,True,5,train,True,True
OPIE_Lapi_200703b,lapidarius,drone,True,5,train,True,True
OPIE_Lapi_200720,lapidarius,worker,True,5,train,True,True
OPIE_Lapi_220620,lapidarius,worker,True,5,train,True,True
OPIE_Lapi_220620b,lapidarius,worker,True,5,train,True,True
OPIE_Lapi_220620c,lapidarius,worker,True,5,train,True,True
OPIE_Lapi_220620d,lapidarius,worker,True,5,train,True,True
OPIE_Lapi_230620,lapidarius,worker,True,5,train,True,True
OPIE_Lapi_230620b,lapidarius,worker,True,5,train,True,True
OPIE_Lapi_240620,lapidarius,worker,True,5,train,True,True
OPIE_Lapi_240620b,lapidarius,worker,True,5,train,True,True
OPIE_Lapi_260620,lapidarius,worker,True,5,train,True,True
OPIE_Lapi_260620b,lapidarius,worker,True,5,train,True,True
OPIE_Lapi_270702,lapidarius,worker,True,5,train,True,True
OPIE_Lapi_290602,lapidarius,worker,True,5,train,True,True
OPIE_Lapi_78V,lapidarius,drone,True,5,train,True,True
OPIE_Lapi_7B,lapidarius,drone,True,5,train,True,True
OPIE_Lapi_95C,lapidarius,drone,True,5,train,True,True
OPIE_Lapi_A1,lapidarius,drone,True,5,train,True,True
OPIE_Lapi_A1b,lapidarius,drone,True,5,train,True,True
OPIE_Lapi_B2,lapidarius,drone,True,5,train,True,True
OPIE_Lapi_B2b,lapidarius,drone,True,5,train,True,True
OPIE_Lapi_D1,lapidarius,drone,True,5,train,True,True
OPIE_Lapi_E7,lapidarius,drone,True,5,train,True,True
OPIE_Lapi_H1,lapidarius,drone,True,5,train,True,True
OPPO 5923,sylvarum,worker,True,0,,True,False
OPPO.2021.03276,pratorum,worker,True,5,train,True,True
OPPO.7362,,,False,5,train,False,True
OPPO8585,lucorum,queen,True,0,,True,False
OPPO_5923,,,False,5,train,False,True
POLLINIS4343,soroeensis,worker,True,5,train,True,True
POLLINIS4351,pratorum,drone,True,5,train,True,True
POLLINIS4384,soroeensis,drone,True,5,train,True,True
POLLINIS4393,pratorum,worker,True,5,train,True,True
POLLINIS4402,ruderarius,worker,True,5,train,True,True
POLLINIS4415,pomorum,worker,True,5,train,True,True
POLLINIS4455,ruderarius,worker,True,5,train,True,True
POLLINIS4981,soroeensis,queen,True,5,train,True,True
POLLINIS4982,rupestris,queen,True,10,train,True,True
POLLINIS4982b,sylvarum,queen,True,5,train,True,True
POLLINIS4984,sylvarum,queen,True,5,train,True,True
POLLINIS5133,rupestris,queen,True,11,train,True,True
POLLINIS5943,soroeensis,drone,True,5,train,True,True
POLLINIS5983,soroeensis,drone,True,5,train,True,True
POLLINIS5985,soroeensis,drone,True,5,train,True,True
Polset1,monticola,worker,True,0,,True,False
Polset_1,,,False,5,train,False,True
RNL_2018.00760,lucorum,drone,True,0,,True,False
RuppSupp1,rupestris,queen,True,5,train,True,True
SP03-22-0073,terrestris,worker,True,0,,True,False
SP03-22-0081,,,False,0,,True,False
SP03-22-0100,,,False,0,,True,False
SP03-22-0112,,,False,0,,True,False
SP03-22-0117,pascuorum,,True,0,,True,False
SP03-22-0140,pascuorum,,True,0,,True,False
SP03-22-0181,pascuorum,,True,0,,True,False
SP03-22-0190,,,False,0,,True,False
SP03-22-0193,,,False,0,,True,False
SP03-22-0195,,,False,0,,True,False
SP03-22-0201,,,False,0,,True,False
SP03-22-0212,,worker,False,0,,True,False
SP03-22-0238,pascuorum,,True,0,,True,False
SP03-22-0243,pascuorum,,True,0,,True,False
SP03-22-0256,pascuorum,,True,0,,True,False
SP03-22-0262,pascuorum,,True,0,,True,False
SP03-22-0267,terrestris,,True,0,,True,False
SP03-22-0268,terrestris,,True,0,,True,False
SP03-22-0269,pascuorum,,True,0,,True,False
SP03-22-0271,terrestris,,True,0,,True,False
SP03-22-0296,terrestris,,True,0,,True,False
SP03-22-0320,pascuorum,,True,0,,True,False
SP03-22-0334,pascuorum,,True,0,,True,False
SP03-22-0338,pascuorum,,True,0,,True,False
SP03-22-0368,pascuorum,,True,0,,True,False
SP03-22-0370,pascuorum,,True,0,,True,False
SP03-22-0372,terrestris,,True,0,,True,False
SP03-22-0373,pascuorum,,True,0,,True,False
SP03-22-0376,pascuorum,,True,0,,True,False
SP03-22-9007,,worker,False,0,,True,False
SP03-22-9010,,,False,0,,True,False
SP03-22-9015,,,False,0,,True,False
SP03-22-9027,,,False,0,,True,False
SP03-22-9039,,,False,0,,True,False
SP03-22-9040,,,False,0,,True,False
Stock_Luco1,lucorum,queen,True,0,,True,False
Stock_Luco2,lucorum,queen,True,0,,True,False
Stock_Luco3,lucorum,queen,True,0,,True,False
UBC-2011.0157,rupestris,queen,True,10,train,True,True
UBC-2013.0358,terrestris,drone,True,0,,True,False
UBC-2013.0556,terrestris,drone,True,0,,True,False
UBC-2013.0557,terrestris,drone,True,0,,True,False
UBC-2014.0001,rupestris,queen,True,10,train,True,True
VAN-2019.00781,rupestris,drone,True,6,train,True,True
VAN-2019.00783,rupestris,drone,True,6,train,True,True
VAN-2019.00785,rupestris,drone,True,6,train,True,True
VAN-2019.00787,rupestris,drone,True,6,train,True,True
VAN-2019.00788,rupestris,drone,True,6,train,True,True
VAN-2019.00795,ruderarius,worker,True,5,train,True,True
VAN-2019.00814,rupestris,drone,True,6,train,True,True
VAN-2019.00822,rupestris,drone,True,6,train,True,True
VAN-2019.00824,rupestris,drone,True,6,train,True,True
VAN-2019.00849,rupestris,drone,True,6,train,True,True
VAN-2019.00850,rupestris,drone,True,6,train,True,True
WB1_23,,,False,19,test,False,True
WB1_23_0001,soroeensis,,True,3,test,True,True
WB1_23_0002,ruderarius,,True,3,test,True,True
WB1_23_0003,monticola,,True,3,test,True,True
WB1_23_0004,pyrenaeus,,True,3,test,True,True
WB1_23_0005,ruderarius,,True,3,test,True,True
WB1_23_0006,sichelii,,True,3,test,True,True
WB1_23_0007,soroeensis,,True,3,test,True,True
WB1_23_0008,soroeensis,,True,3,test,True,True
WB1_23_0009,rupestris,,True,3,test,True,True
WB1_23_0010,ruderarius,,True,3,test,True,True
WB1_23_0016,ruderarius,,True,3,test,True,True
WB1_23_0017,sichelii,,True,3,test,True,True
WB1_23_0018,sichelii,,True,3,test,True,True
WB1_23_0019,sichelii,,True,3,test,True,True
WB1_23_0020,ruderarius,,True,3,test,True,True
WB1_23_0021,ruderarius,,True,3,test,True,True
WB1_23_0022,ruderarius,,True,3,test,True,True
WB1_23_0023,pyrenaeus,,True,3,test,True,True
WB1_23_0024,soroeensis,,True,3,test,True,True
WB1_23_0025,soroeensis,,True,3,test,True,True
WB1_23_0026,wurflenii,,True,3,test,True,True
WB1_23_0031,soroeensis,,True,3,test,True,True
WB1_23_0032,wurflenii,,True,3,test,True,True
WB1_23_0033,sichelii,,True,3,test,True,True
WB1_23_0034,rupestris,,True,3,test,True,True
WB1_23_0035,monticola,,True,3,test,True,True
WB1_23_0036,sichelii,,True,3,test,True,True
WB1_23_0037,rupestris,,True,3,test,True,True
WB1_23_0038,wurflenii,,True,3,test,True,True
WB1_23_0039,ruderarius,,True,3,test,True,True
WB1_23_0040,pyrenaeus,,True,3,test,True,True
WB1_23_0046,soroeensis,,True,0,,True,False
WB1_23_0047,pratorum,,True,0,,True,False
WB1_23_0048,soroeensis,,True,0,,True,False
WB1_23_0049,pratorum,,True,0,,True,False
WB1_23_0050,pratorum,,True,0,,True,False
WB1_23_0051,pratorum,,True,0,,True,False
WB1_23_0052,lapidarius,,True,0,,True,False
WB1_23_0053,pratorum,,True,0,,True,False
WB1_23_0054,pratorum,,True,0,,True,False
WB1_23_0055,rupestris,,True,0,,True,False
WB1_23_0056,pratorum,,True,0,,True,False
WB1_23_0061,lapidarius,,True,1,test,True,True
WB1_23_0062,lapidarius,,True,3,test,True,True
WB1_23_0063,lapidarius,,True,3,test,True,True
WB1_23_0064,pratorum,,True,3,test,True,True
WB1_23_0065,lapidarius,,True,3,test,True,True
WB1_23_0066,lapidarius,,True,3,test,True,True
WB1_23_0067,pratorum,,True,3,test,True,True
WB1_23_0068,soroeensis,,True,3,test,True,True
WB1_23_0069,pratorum,,True,3,test,True,True
WB1_23_0070,pratorum,,True,3,test,True,True
WB1_23_0076,lapidarius,,True,3,test,True,True
WB1_23_0077,lapidarius,,True,3,test,True,True
WB1_23_0078,lapidarius,,True,3,test,True,True
WB1_23_0079,lapidarius,,True,3,test,True,True
WB1_23_0080,lapidarius,,True,3,test,True,True
WB1_23_0081,lapidarius,,True,3,test,True,True
WB1_23_0082,lapidarius,,True,3,test,True,True
WB1_23_0083,lapidarius,,True,3,test,True,True
WB1_23_0084,lapidarius,,True,3,test,True,True
WB1_23_0085,lapidarius,,True,3,test,True,True
WB1_23_0086,sylvarum,,True,3,test,True,True
WB1_23_0087,sylvarum,,True,3,test,True,True
WB1_23_0091,sylvarum,,True,3,test,True,True
WB1_23_0092,lapidarius,,True,3,test,True,True
WB1_23_0093,lapidarius,,True,3,test,True,True
WB1_23_0094,lapidarius,,True,3,test,True,True
WB1_23_0095,lapidarius,,True,3,test,True,True
WB1_23_0096,lapidarius,,True,3,test,True,True
WB1_23_0097,lapidarius,,True,3,test,True,True
WB1_23_0098,pratorum,,True,3,test,True,True
WB1_23_0099,lapidarius,,True,3,test,True,True
WB1_23_0100,,,False,0,,True,False
WB1_23_0106,lapidarius,,True,3,test,True,True
WB1_23_0107,lapidarius,,True,3,test,True,True
WB1_23_0108,lapidarius,,True,3,test,True,True
WB1_23_0109,lapidarius,,True,2,test,True,True
WB1_23_0110,sylvarum,,True,2,test,True,True
WB1_23_0111,lapidarius,,True,3,test,True,True
WB1_23_0112,lapidarius,,True,2,test,True,True
WB1_23_0113,lapidarius,,True,3,test,True,True
WB1_23_0114,lapidarius,,True,4,test,True,True
WB1_23_0115,lapidarius,,True,3,test,True,True
WB1_23_0116,soroeensis,,True,3,test,True,True
WB1_23_0117,pratorum,,True,3,test,True,True
WB1_23_0118,lapidarius,,True,3,test,True,True
WB1_23_0119,pratorum,,True,3,test,True,True
WB1_23_0120,soroeensis,,True,3,test,True,True
WB1_23_0121,sylvarum,,True,3,test,True,True
WB1_23_0122,pratorum,,True,3,test,True,True
WB1_23_0123,pratorum,,True,3,test,True,True
WB1_23_0124,pratorum,,True,3,test,True,True
WB1_23_0125,confusus,,True,3,test,True,True
WB1_23_0126,rupestris,,True,3,test,True,True
WB1_23_0127,lapidarius,,True,3,test,True,True
WB1_23_0128,lapidarius,,True,3,test,True,True
WB1_23_0129,sylvarum,,True,4,test,True,True
WB1_23_0130,sylvarum,,True,3,test,True,True
WB1_23_0131,pratorum,,True,3,test,True,True
WB1_23_0132,lapidarius,,True,3,test,True,True
WB1_23_0133,pratorum,,True,3,test,True,True
WB1_23_0134,lapidarius,,True,3,test,True,True
WB1_23_0135,lapidarius,,True,4,test,True,True
WB1_23_136,rupestris,,True,0,,True,False
WB1_23_137,rupestris,,True,0,,True,False
WB1_23_138,pratorum,,True,0,,True,False
WB1_23_139,pratorum,,True,0,,True,False
WB1_23_140,pratorum,,True,0,,True,False
WB1_23_141,pratorum,,True,0,,True,False
WB1_23_142,pratorum,,True,0,,True,False
WB1_23_143,pratorum,,True,0,,True,False
WB1_23_144,pratorum,,True,0,,True,False
WB1_23_145,lapidarius,,True,0,,True,False
WB1_23_146,lapidarius,,True,0,,True,False
WB1_23_147,sp (wurflenii ou pratorum),,True,0,,True,False
WB1_23_148,lapidarius,,True,0,,True,False
WB1_23_149,lapidarius,,True,0,,True,False
WB1_23_150,pratorum,,True,0,,True,False
WB1_23_151,sylvestris,,True,0,,True,False
WB1_23_152,sichelii,,True,0,,True,False
WB1_23_153,pratorum,,True,0,,True,False
WB1_23_154,mesomelas,,True,0,,True,False
Znieff_galibier,wurflenii,worker,True,5,train,True,True
