source_type,original_id,inv_num,inv_id,inv_name,resolved_conflict,frozen_at
terrain,WB1_23_0001,1,WB1_23_0001,WB1_23,False,2026-09-11T11:24:02
terrain,WB1_23_0002,2,WB1_23_0002,WB1_23,False,2026-09-11T11:24:02
terrain,WB1_23_0003,3,WB1_23_0003,WB1_23,False,2026-09-11T11:24:02
terrain,WB1_23_0004,4,WB1_23_0004,WB1_23,False,2026-09-11T11:24:02
terrain,WB1_23_0005,5,WB1_23_0005,WB1_23,False,2026-09-11T11:24:02
terrain,WB1_23_0006,6,WB1_23_0006,WB1_23,False,2026-09-11T11:24:02
terrain,WB1_23_0007,7,WB1_23_0007,WB1_23,False,2026-09-11T11:24:02
terrain,WB1_23_0008,8,WB1_23_0008,WB1_23,False,2026-09-11T11:24:02
terrain,WB1_23_0009,9,WB1_23_0009,WB1_23,False,2026-09-11T11:24:02
terrain,WB1_23_0010,10,WB1_23_0010,WB1_23,False,2026-09-11T11:24:02
terrain,WB1_23_0016,16,WB1_23_0016,WB1_23,False,2026-09-11T11:24:02
terrain,WB1_23_0017,17,WB1_23_0017,WB1_23,False,2026-09-11T11:24:02
terrain,WB1_23_0018,18,WB1_23_0018,WB1_23,False,2026-09-11T11:24:02
terrain,WB1_23_0019,19,WB1_23_0019,WB1_23,False,2026-09-11T11:24:02
terrain,WB1_23_0020,20,WB1_23_0020,WB1_23,False,2026-09-11T11:24:02
terrain,WB1_23_0021,21,WB1_23_0021,WB1_23,False,2026-09-11T11:24:02
terrain,WB1_23_0022,22,WB1_23_0022,WB1_23,False,2026-09-11T11:24:02
terrain,WB1_23_0023,23,WB1_23_0023,WB1_23,False,2026-09-11T11:24:02
terrain,WB1_23_0024,24,WB1_23_0024,WB1_23,False,2026-09-11T11:24:02
terrain,WB1_23_0025,25,WB1_23_0025,WB1_23,False,2026-09-11T11:24:02
terrain,WB1_23_0026,26,WB1_23_0026,WB1_23,False,2026-09-11T11:24:02
terrain,WB1_23_0031,31,WB1_23_0031,WB1_23,False,2026-09-11T11:24:02
terrain,WB1_23_0032,32,WB1_23_0032,WB1_23,False,2026-09-11T11:24:02
terrain,WB1_23_0033,33,WB1_23_0033,WB1_23,False,2026-09-11T11:24:02
terrain,WB1_23_0034,34,WB1_23_0034,WB1_23,False,2026-09-11T11:24:02
terrain,WB1_23_0035,35,WB1_23_0035,WB1_23,False,2026-09-11T11:24:02
terrain,WB1_23_0036,36,WB1_23_0036,WB1_23,False,2026-09-11T11:24:02
terrain,WB1_23_0037,37,WB1_23_0037,WB1_23,False,2026-09-11T11:24:02
terrain,WB1_23_0038,38,WB1_23_0038,WB1_23,False,2026-09-11T11:24:02
terrain,WB1_23_0039,39,WB1_23_0039,WB1_23,False,2026-09-11T11:24:02
terrain,WB1_23_0040,40,WB1_23_0040,WB1_23,False,2026-09-11T11:24:02
terrain,WB1_23_0046,46,WB1_23_0046,WB1_23,False,2026-09-11T11:24:02
terrain,WB1_23_0047,47,WB1_23_0047,WB1_23,False,2026-09-11T11:24:02
terrain,WB1_23_0048,48,WB1_23_0048,WB1_23,False,2026-09-11T11:24:02
terrain,WB1_23_0049,49,WB1_23_0049,WB1_23,False,2026-09-11T11:24:02
terrain,WB1_23_0050,50,WB1_23_0050,WB1_23,False,2026-09-11T11:24:02
terrain,WB1_23_0051,51,WB1_23_0051,WB1_23,False,2026-09-11T11:24:02
terrain,WB1_23_0052,52,WB1_23_0052,WB1_23,False,2026-09-11T11:24:02
terrain,WB1_23_0053,53,WB1_23_0053,WB1_23,False,2026-09-11T11:24:02
terrain,WB1_23_0054,54,WB1_23_0054,WB1_23,False,2026-09-11T11:24:02
terrain,WB1_23_0055,55,WB1_23_0055,WB1_23,False,2026-09-11T11:24:02
terrain,WB1_23_0056,56,WB1_23_0056,WB1_23,False,2026-09-11T11:24:02
terrain,WB1_23_0061,61,WB1_23_0061,WB1_23,False,2026-09-11T11:24:02
terrain,WB1_23_0062,62,WB1_23_0062,WB1_23,False,2026-09-11T11:24:02
terrain,WB1_23_0063,63,WB1_23_0063,WB1_23,False,2026-09-11T11:24:02
terrain,WB1_23_0064,64,WB1_23_0064,WB1_23,False,2026-09-11T11:24:02
terrain,WB1_23_0065,65,WB1_23_0065,WB1_23,False,2026-09-11T11:24:02
terrain,WB1_23_0066,66,WB1_23_0066,WB1_23,False,2026-09-11T11:24:02
terrain,WB1_23_0067,67,WB1_23_0067,WB1_23,False,2026-09-11T11:24:02
terrain,WB1_23_0068,68,WB1_23_0068,WB1_23,False,2026-09-11T11:24:02
terrain,WB1_23_0069,69,WB1_23_0069,WB1_23,False,2026-09-11T11:24:02
terrain,WB1_23_0070,70,WB1_23_0070,WB1_23,False,2026-09-11T11:24:02
terrain,WB1_23_0076,76,WB1_23_0076,WB1_23,False,2026-09-11T11:24:02
terrain,WB1_23_0077,77,WB1_23_0077,WB1_23,False,2026-09-11T11:24:02
terrain,WB1_23_0078,78,WB1_23_0078,WB1_23,False,2026-09-11T11:24:02
terrain,WB1_23_0079,79,WB1_23_0079,WB1_23,False,2026-09-11T11:24:02
terrain,WB1_23_0080,80,WB1_23_0080,WB1_23,False,2026-09-11T11:24:02
terrain,WB1_23_0081,81,WB1_23_0081,WB1_23,False,2026-09-11T11:24:02
terrain,WB1_23_0082,82,WB1_23_0082,WB1_23,False,2026-09-11T11:24:02
terrain,WB1_23_0083,83,WB1_23_0083,WB1_23,False,2026-09-11T11:24:02
terrain,WB1_23_0084,84,WB1_23_0084,WB1_23,False,2026-09-11T11:24:02
terrain,WB1_23_0085,85,WB1_23_0085,WB1_23,False,2026-09-11T11:24:02
terrain,WB1_23_0086,86,WB1_23_0086,WB1_23,False,2026-09-11T11:24:02
terrain,WB1_23_0087,87,WB1_23_0087,WB1_23,False,2026-09-11T11:24:02
terrain,WB1_23_0091,91,WB1_23_0091,WB1_23,False,2026-09-11T11:24:02
terrain,WB1_23_0092,92,WB1_23_0092,WB1_23,False,2026-09-11T11:24:02
terrain,WB1_23_0093,93,WB1_23_0093,WB1_23,False,2026-09-11T11:24:02
terrain,WB1_23_0094,94,WB1_23_0094,WB1_23,False,2026-09-11T11:24:02
terrain,WB1_23_0095,95,WB1_23_0095,WB1_23,False,2026-09-11T11:24:02
terrain,WB1_23_0096,96,WB1_23_0096,WB1_23,False,2026-09-11T11:24:02
terrain,WB1_23_0097,97,WB1_23_0097,WB1_23,False,2026-09-11T11:24:02
terrain,WB1_23_0098,98,WB1_23_0098,WB1_23,False,2026-09-11T11:24:02
terrain,WB1_23_0099,99,WB1_23_0099,WB1_23,False,2026-09-11T11:24:02
terrain,WB1_23_0100,100,WB1_23_0100,WB1_23,False,2026-09-11T11:24:02
terrain,WB1_23_0106,106,WB1_23_0106,WB1_23,False,2026-09-11T11:24:02
terrain,WB1_23_0107,107,WB1_23_0107,WB1_23,False,2026-09-11T11:24:02
terrain,WB1_23_0108,108,WB1_23_0108,WB1_23,False,2026-09-11T11:24:02
terrain,WB1_23_0109,109,WB1_23_0109,WB1_23,False,2026-09-11T11:24:02
terrain,WB1_23_0110,110,WB1_23_0110,WB1_23,False,2026-09-11T11:24:02
terrain,WB1_23_0111,111,WB1_23_0111,WB1_23,False,2026-09-11T11:24:02
terrain,WB1_23_0112,112,WB1_23_0112,WB1_23,False,2026-09-11T11:24:02
terrain,WB1_23_0113,113,WB1_23_0113,WB1_23,False,2026-09-11T11:24:02
terrain,WB1_23_0114,114,WB1_23_0114,WB1_23,False,2026-09-11T11:24:02
terrain,WB1_23_0115,115,WB1_23_0115,WB1_23,False,2026-09-11T11:24:02
terrain,WB1_23_0116,116,WB1_23_0116,WB1_23,False,2026-09-11T11:24:02
terrain,WB1_23_0117,117,WB1_23_0117,WB1_23,False,2026-09-11T11:24:02
terrain,WB1_23_0118,118,WB1_23_0118,WB1_23,False,2026-09-11T11:24:02
terrain,WB1_23_0119,119,WB1_23_0119,WB1_23,False,2026-09-11T11:24:02
terrain,WB1_23_0120,120,WB1_23_0120,WB1_23,False,2026-09-11T11:24:02
terrain,WB1_23_0121,121,WB1_23_0121,WB1_23,False,2026-09-11T11:24:02
terrain,WB1_23_0122,122,WB1_23_0122,WB1_23,False,2026-09-11T11:24:02
terrain,WB1_23_0123,123,WB1_23_0123,WB1_23,False,2026-09-11T11:24:02
terrain,WB1_23_0124,124,WB1_23_0124,WB1_23,False,2026-09-11T11:24:02
terrain,WB1_23_0125,125,WB1_23_0125,WB1_23,False,2026-09-11T11:24:02
terrain,WB1_23_0126,126,WB1_23_0126,WB1_23,False,2026-09-11T11:24:02
terrain,WB1_23_0127,127,WB1_23_0127,WB1_23,False,2026-09-11T11:24:02
terrain,WB1_23_0128,128,WB1_23_0128,WB1_23,False,2026-09-11T11:24:02
terrain,WB1_23_0129,129,WB1_23_0129,WB1_23,False,2026-09-11T11:24:02
terrain,WB1_23_0130,130,WB1_23_0130,WB1_23,False,2026-09-11T11:24:02
terrain,WB1_23_0131,131,WB1_23_0131,WB1_23,False,2026-09-11T11:24:02
terrain,WB1_23_0132,132,WB1_23_0132,WB1_23,False,2026-09-11T11:24:02
terrain,WB1_23_0133,133,WB1_23_0133,WB1_23,False,2026-09-11T11:24:02
terrain,WB1_23_0134,134,WB1_23_0134,WB1_23,False,2026-09-11T11:24:02
terrain,WB1_23_0135,135,WB1_23_0135,WB1_23,False,2026-09-11T11:24:02
terrain,WB1_23_0136,136,WB1_23_0136,WB1_23,False,2026-09-11T11:24:02
terrain,WB1_23_0137,137,WB1_23_0137,WB1_23,False,2026-09-11T11:24:02
terrain,WB1_23_0138,138,WB1_23_0138,WB1_23,False,2026-09-11T11:24:02
terrain,WB1_23_0139,139,WB1_23_0139,WB1_23,False,2026-09-11T11:24:02
terrain,WB1_23_0140,140,WB1_23_0140,WB1_23,False,2026-09-11T11:24:02
terrain,WB1_23_0141,141,WB1_23_0141,WB1_23,False,2026-09-11T11:24:02
terrain,WB1_23_0142,142,WB1_23_0142,WB1_23,False,2026-09-11T11:24:02
terrain,WB1_23_0143,143,WB1_23_0143,WB1_23,False,2026-09-11T11:24:02
terrain,WB1_23_0144,144,WB1_23_0144,WB1_23,False,2026-09-11T11:24:02
terrain,WB1_23_0145,145,WB1_23_0145,WB1_23,False,2026-09-11T11:24:02
terrain,WB1_23_0146,146,WB1_23_0146,WB1_23,False,2026-09-11T11:24:02
terrain,WB1_23_0147,147,WB1_23_0147,WB1_23,False,2026-09-11T11:24:02
terrain,WB1_23_0148,148,WB1_23_0148,WB1_23,False,2026-09-11T11:24:02
terrain,WB1_23_0149,149,WB1_23_0149,WB1_23,False,2026-09-11T11:24:02
terrain,WB1_23_0150,150,WB1_23_0150,WB1_23,False,2026-09-11T11:24:02
terrain,WB1_23_0151,151,WB1_23_0151,WB1_23,False,2026-09-11T11:24:02
terrain,WB1_23_0152,152,WB1_23_0152,WB1_23,False,2026-09-11T11:24:02
terrain,WB1_23_0153,153,WB1_23_0153,WB1_23,False,2026-09-11T11:24:02
terrain,WB1_23_0154,154,WB1_23_0154,WB1_23,False,2026-09-11T11:24:02
