photo_id,inv_id,tps_id,image_path,status,registration_cost,n_outlier_landmarks,error_reason,processing_time_s
WB1_23_0001_S_1,WB1_23_0001,1,/Users/superbg/Documents/IEES/idmybee/data/Bombus/terrain/extraction/light/images/WB1_23_0001_S_1.jpg,OK,3.224984318539362e-05,0.0,,0.0014
WB1_23_0001_S_2,WB1_23_0001,2,/Users/superbg/Documents/IEES/idmybee/data/Bombus/terrain/extraction/light/images/WB1_23_0001_S_2.jpg,OK,4.424639176193043e-05,0.0,,0.0009
WB1_23_0001_S_3,WB1_23_0001,3,/Users/superbg/Documents/IEES/idmybee/data/Bombus/terrain/extraction/light/images/WB1_23_0001_S_3.jpg,OK,4.434154167514561e-05,0.0,,0.001
WB1_23_0002_S_1,WB1_23_0002,4,/Users/superbg/Documents/IEES/idmybee/data/Bombus/terrain/extraction/light/images/WB1_23_0002_S_1.jpg,OK,8.454072070609342e-05,0.0,,0.001
WB1_23_0002_S_2,WB1_23_0002,5,/Users/superbg/Documents/IEES/idmybee/data/Bombus/terrain/extraction/light/images/WB1_23_0002_S_2.jpg,OK,0.0001455585519248,0.0,,0.002
WB1_23_0002_S_3,WB1_23_0002,6,/Users/superbg/Documents/IEES/idmybee/data/Bombus/terrain/extraction/light/images/WB1_23_0002_S_3.jpg,OK,0.0001055176797534,0.0,,0.001
WB1_23_0003_S_1,WB1_23_0003,7,/Users/superbg/Documents/IEES/idmybee/data/Bombus/terrain/extraction/light/images/WB1_23_0003_S_1.jpg,FAILED,inf,,"17 landmarks, 19 expected",0.0
WB1_23_0003_S_2,WB1_23_0003,8,/Users/superbg/Documents/IEES/idmybee/data/Bombus/terrain/extraction/light/images/WB1_23_0003_S_2.jpg,FAILED,inf,,"15 landmarks, 19 expected",0.0
WB1_23_0003_S_3,WB1_23_0003,9,/Users/superbg/Documents/IEES/idmybee/data/Bombus/terrain/extraction/light/images/WB1_23_0003_S_3.jpg,FAILED,inf,,"16 landmarks, 19 expected",0.0
WB1_23_0004_S_1,WB1_23_0004,10,/Users/superbg/Documents/IEES/idmybee/data/Bombus/terrain/extraction/light/images/WB1_23_0004_S_1.jpg,OK,3.9248793658132976e-05,0.0,,0.001
WB1_23_0004_S_2,WB1_23_0004,11,/Users/superbg/Documents/IEES/idmybee/data/Bombus/terrain/extraction/light/images/WB1_23_0004_S_2.jpg,OK,3.1831857276620725e-05,0.0,,0.0008
WB1_23_0004_S_3,WB1_23_0004,12,/Users/superbg/Documents/IEES/idmybee/data/Bombus/terrain/extraction/light/images/WB1_23_0004_S_3.jpg,OK,2.7413288377847697e-05,0.0,,0.0008
WB1_23_0005_S_2,WB1_23_0005,13,/Users/superbg/Documents/IEES/idmybee/data/Bombus/terrain/extraction/light/images/WB1_23_0005_S_2.jpg,OK,5.5152828838291006e-05,0.0,,0.001
WB1_23_0005_S_3,WB1_23_0005,14,/Users/superbg/Documents/IEES/idmybee/data/Bombus/terrain/extraction/light/images/WB1_23_0005_S_3.jpg,OK,8.699331034195954e-05,0.0,,0.0009
WB1_23_0006_S_1,WB1_23_0006,15,/Users/superbg/Documents/IEES/idmybee/data/Bombus/terrain/extraction/light/images/WB1_23_0006_S_1.jpg,OK,8.255615425414941e-05,0.0,,0.0018
WB1_23_0006_S_2,WB1_23_0006,16,/Users/superbg/Documents/IEES/idmybee/data/Bombus/terrain/extraction/light/images/WB1_23_0006_S_2.jpg,OK,0.0002873924395084,3.0,,0.0035
WB1_23_0006_S_3,WB1_23_0006,17,/Users/superbg/Documents/IEES/idmybee/data/Bombus/terrain/extraction/light/images/WB1_23_0006_S_3.jpg,OK,7.087853567485367e-05,0.0,,0.001
WB1_23_0007_S_2,WB1_23_0007,18,/Users/superbg/Documents/IEES/idmybee/data/Bombus/terrain/extraction/light/images/WB1_23_0007_S_2.jpg,OK,9.51212919811949e-05,2.0,,0.0009
WB1_23_0007_S_3,WB1_23_0007,19,/Users/superbg/Documents/IEES/idmybee/data/Bombus/terrain/extraction/light/images/WB1_23_0007_S_3.jpg,OK,0.0001503336632828,4.0,,0.0009
WB1_23_0008_S_1,WB1_23_0008,20,/Users/superbg/Documents/IEES/idmybee/data/Bombus/terrain/extraction/light/images/WB1_23_0008_S_1.jpg,OK,1.963715990253548e-05,0.0,,0.0008
WB1_23_0008_S_2,WB1_23_0008,21,/Users/superbg/Documents/IEES/idmybee/data/Bombus/terrain/extraction/light/images/WB1_23_0008_S_2.jpg,OK,9.812181723784302e-05,3.0,,0.0009
WB1_23_0008_S_3,WB1_23_0008,22,/Users/superbg/Documents/IEES/idmybee/data/Bombus/terrain/extraction/light/images/WB1_23_0008_S_3.jpg,OK,5.580453882957729e-05,1.0,,0.0008
WB1_23_0009_S_1,WB1_23_0009,23,/Users/superbg/Documents/IEES/idmybee/data/Bombus/terrain/extraction/light/images/WB1_23_0009_S_1.jpg,OK,0.0044803129447276,0.0,,0.0012
WB1_23_0009_S_2,WB1_23_0009,24,/Users/superbg/Documents/IEES/idmybee/data/Bombus/terrain/extraction/light/images/WB1_23_0009_S_2.jpg,OK,0.0004604083508208,0.0,,0.0009
WB1_23_0009_S_3,WB1_23_0009,25,/Users/superbg/Documents/IEES/idmybee/data/Bombus/terrain/extraction/light/images/WB1_23_0009_S_3.jpg,OK,0.0003460251699315,0.0,,0.0008
WB1_23_0010_S_3,WB1_23_0010,26,/Users/superbg/Documents/IEES/idmybee/data/Bombus/terrain/extraction/light/images/WB1_23_0010_S_3.jpg,OK,0.00019625326068,1.0,,0.001
WB1_23_0016_S_1,WB1_23_0016,27,/Users/superbg/Documents/IEES/idmybee/data/Bombus/terrain/extraction/light/images/WB1_23_0016_S_1.jpg,FAILED,inf,,"17 landmarks, 19 expected",0.0
WB1_23_0016_S_2,WB1_23_0016,28,/Users/superbg/Documents/IEES/idmybee/data/Bombus/terrain/extraction/light/images/WB1_23_0016_S_2.jpg,OK,9.98384193055716e-05,0.0,,0.001
WB1_23_0016_S_3,WB1_23_0016,29,/Users/superbg/Documents/IEES/idmybee/data/Bombus/terrain/extraction/light/images/WB1_23_0016_S_3.jpg,FAILED,inf,,"3 landmarks, 19 expected",0.0
WB1_23_0017_S_1,WB1_23_0017,30,/Users/superbg/Documents/IEES/idmybee/data/Bombus/terrain/extraction/light/images/WB1_23_0017_S_1.jpg,FAILED,inf,,"18 landmarks, 19 expected",0.0
WB1_23_0017_S_2,WB1_23_0017,31,/Users/superbg/Documents/IEES/idmybee/data/Bombus/terrain/extraction/light/images/WB1_23_0017_S_2.jpg,OK,7.335422450445519e-05,0.0,,0.001
WB1_23_0017_S_3,WB1_23_0017,32,/Users/superbg/Documents/IEES/idmybee/data/Bombus/terrain/extraction/light/images/WB1_23_0017_S_3.jpg,FAILED,inf,,"18 landmarks, 19 expected",0.0
WB1_23_0018_S_1,WB1_23_0018,33,/Users/superbg/Documents/IEES/idmybee/data/Bombus/terrain/extraction/light/images/WB1_23_0018_S_1.jpg,OK,8.303367647347068e-05,0.0,,0.0008
WB1_23_0018_S_2,WB1_23_0018,34,/Users/superbg/Documents/IEES/idmybee/data/Bombus/terrain/extraction/light/images/WB1_23_0018_S_2.jpg,FAILED,inf,,"18 landmarks, 19 expected",0.0
WB1_23_0018_S_3,WB1_23_0018,35,/Users/superbg/Documents/IEES/idmybee/data/Bombus/terrain/extraction/light/images/WB1_23_0018_S_3.jpg,FAILED,inf,,"18 landmarks, 19 expected",0.0
WB1_23_0019_S_1,WB1_23_0019,36,/Users/superbg/Documents/IEES/idmybee/data/Bombus/terrain/extraction/light/images/WB1_23_0019_S_1.jpg,OK,7.560795256210044e-05,0.0,,0.0008
WB1_23_0019_S_2,WB1_23_0019,37,/Users/superbg/Documents/IEES/idmybee/data/Bombus/terrain/extraction/light/images/WB1_23_0019_S_2.jpg,OK,8.540709713938797e-05,0.0,,0.0008
WB1_23_0020_S_1,WB1_23_0020,38,/Users/superbg/Documents/IEES/idmybee/data/Bombus/terrain/extraction/light/images/WB1_23_0020_S_1.jpg,OK,7.463523633122139e-05,0.0,,0.0009
WB1_23_0020_S_2,WB1_23_0020,39,/Users/superbg/Documents/IEES/idmybee/data/Bombus/terrain/extraction/light/images/WB1_23_0020_S_2.jpg,OK,9.621783115972384e-05,0.0,,0.0009
WB1_23_0020_S_3,WB1_23_0020,40,/Users/superbg/Documents/IEES/idmybee/data/Bombus/terrain/extraction/light/images/WB1_23_0020_S_3.jpg,OK,4.805913834271291e-05,0.0,,0.0009
WB1_23_0021_S_1,WB1_23_0021,41,/Users/superbg/Documents/IEES/idmybee/data/Bombus/terrain/extraction/light/images/WB1_23_0021_S_1.jpg,OK,5.166050069320619e-05,0.0,,0.001
WB1_23_0021_S_2,WB1_23_0021,42,/Users/superbg/Documents/IEES/idmybee/data/Bombus/terrain/extraction/light/images/WB1_23_0021_S_2.jpg,OK,7.325093076604859e-05,0.0,,0.0009
WB1_23_0021_S_3,WB1_23_0021,43,/Users/superbg/Documents/IEES/idmybee/data/Bombus/terrain/extraction/light/images/WB1_23_0021_S_3.jpg,OK,5.3892650114266056e-05,0.0,,0.0009
WB1_23_0022_S_1,WB1_23_0022,44,/Users/superbg/Documents/IEES/idmybee/data/Bombus/terrain/extraction/light/images/WB1_23_0022_S_1.jpg,OK,8.280082870885297e-05,0.0,,0.0008
WB1_23_0022_S_2,WB1_23_0022,45,/Users/superbg/Documents/IEES/idmybee/data/Bombus/terrain/extraction/light/images/WB1_23_0022_S_2.jpg,OK,7.679620536556832e-05,0.0,,0.0008
WB1_23_0022_S_3,WB1_23_0022,46,/Users/superbg/Documents/IEES/idmybee/data/Bombus/terrain/extraction/light/images/WB1_23_0022_S_3.jpg,OK,6.38941687494117e-05,0.0,,0.0008
WB1_23_0023_S_1,WB1_23_0023,47,/Users/superbg/Documents/IEES/idmybee/data/Bombus/terrain/extraction/light/images/WB1_23_0023_S_1.jpg,OK,4.633279917270242e-05,0.0,,0.0008
WB1_23_0023_S_2,WB1_23_0023,48,/Users/superbg/Documents/IEES/idmybee/data/Bombus/terrain/extraction/light/images/WB1_23_0023_S_2.jpg,OK,5.077381718032744e-05,0.0,,0.001
WB1_23_0023_S_3,WB1_23_0023,49,/Users/superbg/Documents/IEES/idmybee/data/Bombus/terrain/extraction/light/images/WB1_23_0023_S_3.jpg,OK,4.746964049035382e-05,0.0,,0.0009
WB1_23_0024_S_1,WB1_23_0024,50,/Users/superbg/Documents/IEES/idmybee/data/Bombus/terrain/extraction/light/images/WB1_23_0024_S_1.jpg,OK,4.2254027226108635e-05,0.0,,0.0008
WB1_23_0024_S_2,WB1_23_0024,51,/Users/superbg/Documents/IEES/idmybee/data/Bombus/terrain/extraction/light/images/WB1_23_0024_S_2.jpg,OK,4.050096938230244e-05,0.0,,0.0008
WB1_23_0024_S_3,WB1_23_0024,52,/Users/superbg/Documents/IEES/idmybee/data/Bombus/terrain/extraction/light/images/WB1_23_0024_S_3.jpg,OK,4.703382450348402e-05,0.0,,0.0008
WB1_23_0025_S_1,WB1_23_0025,53,/Users/superbg/Documents/IEES/idmybee/data/Bombus/terrain/extraction/light/images/WB1_23_0025_S_1.jpg,OK,3.938387996310634e-05,0.0,,0.0008
WB1_23_0025_S_2,WB1_23_0025,54,/Users/superbg/Documents/IEES/idmybee/data/Bombus/terrain/extraction/light/images/WB1_23_0025_S_2.jpg,OK,3.75594823227769e-05,0.0,,0.001
WB1_23_0025_S_3,WB1_23_0025,55,/Users/superbg/Documents/IEES/idmybee/data/Bombus/terrain/extraction/light/images/WB1_23_0025_S_3.jpg,OK,3.822999898293656e-05,0.0,,0.0008
WB1_23_0026_S_1,WB1_23_0026,56,/Users/superbg/Documents/IEES/idmybee/data/Bombus/terrain/extraction/light/images/WB1_23_0026_S_1.jpg,OK,5.254781252143417e-05,0.0,,0.0008
WB1_23_0026_S_2,WB1_23_0026,57,/Users/superbg/Documents/IEES/idmybee/data/Bombus/terrain/extraction/light/images/WB1_23_0026_S_2.jpg,OK,4.7687416177164846e-05,0.0,,0.0008
WB1_23_0026_S_3,WB1_23_0026,58,/Users/superbg/Documents/IEES/idmybee/data/Bombus/terrain/extraction/light/images/WB1_23_0026_S_3.jpg,OK,6.19504175909166e-05,0.0,,0.0008
WB1_23_0031_S_1,WB1_23_0031,59,/Users/superbg/Documents/IEES/idmybee/data/Bombus/terrain/extraction/light/images/WB1_23_0031_S_1.jpg,OK,8.36814295081956e-05,2.0,,0.0009
WB1_23_0031_S_2,WB1_23_0031,60,/Users/superbg/Documents/IEES/idmybee/data/Bombus/terrain/extraction/light/images/WB1_23_0031_S_2.jpg,OK,8.459809644582742e-05,1.0,,0.0008
WB1_23_0031_S_3,WB1_23_0031,61,/Users/superbg/Documents/IEES/idmybee/data/Bombus/terrain/extraction/light/images/WB1_23_0031_S_3.jpg,OK,3.4323149781411507e-05,0.0,,0.0008
WB1_23_0032_S_1,WB1_23_0032,62,/Users/superbg/Documents/IEES/idmybee/data/Bombus/terrain/extraction/light/images/WB1_23_0032_S_1.jpg,OK,8.436935676659232e-05,0.0,,0.0008
WB1_23_0032_S_2,WB1_23_0032,63,/Users/superbg/Documents/IEES/idmybee/data/Bombus/terrain/extraction/light/images/WB1_23_0032_S_2.jpg,OK,0.0001085598748398,0.0,,0.0008
WB1_23_0032_S_3,WB1_23_0032,64,/Users/superbg/Documents/IEES/idmybee/data/Bombus/terrain/extraction/light/images/WB1_23_0032_S_3.jpg,OK,0.0031066157600158,0.0,,0.001
WB1_23_0033_S_1,WB1_23_0033,65,/Users/superbg/Documents/IEES/idmybee/data/Bombus/terrain/extraction/light/images/WB1_23_0033_S_1.jpg,OK,5.648794504437258e-05,0.0,,0.0008
WB1_23_0033_S_2,WB1_23_0033,66,/Users/superbg/Documents/IEES/idmybee/data/Bombus/terrain/extraction/light/images/WB1_23_0033_S_2.jpg,OK,6.300856521122544e-05,0.0,,0.0008
WB1_23_0033_S_3,WB1_23_0033,67,/Users/superbg/Documents/IEES/idmybee/data/Bombus/terrain/extraction/light/images/WB1_23_0033_S_3.jpg,OK,0.0001181467356441,0.0,,0.001
WB1_23_0034_S_1,WB1_23_0034,68,/Users/superbg/Documents/IEES/idmybee/data/Bombus/terrain/extraction/light/images/WB1_23_0034_S_1.jpg,FAILED,inf,,"18 landmarks, 19 expected",0.0
WB1_23_0034_S_2,WB1_23_0034,69,/Users/superbg/Documents/IEES/idmybee/data/Bombus/terrain/extraction/light/images/WB1_23_0034_S_2.jpg,FAILED,inf,,"13 landmarks, 19 expected",0.0
WB1_23_0034_S_3,WB1_23_0034,70,/Users/superbg/Documents/IEES/idmybee/data/Bombus/terrain/extraction/light/images/WB1_23_0034_S_3.jpg,FAILED,inf,,"14 landmarks, 19 expected",0.0
WB1_23_0035_S_1,WB1_23_0035,71,/Users/superbg/Documents/IEES/idmybee/data/Bombus/terrain/extraction/light/images/WB1_23_0035_S_1.jpg,OK,6.548893090802805e-05,0.0,,0.0009
WB1_23_0035_S_2,WB1_23_0035,72,/Users/superbg/Documents/IEES/idmybee/data/Bombus/terrain/extraction/light/images/WB1_23_0035_S_2.jpg,OK,7.542753700770306e-05,0.0,,0.0009
WB1_23_0035_S_3,WB1_23_0035,73,/Users/superbg/Documents/IEES/idmybee/data/Bombus/terrain/extraction/light/images/WB1_23_0035_S_3.jpg,OK,8.686488921662868e-05,0.0,,0.0009
WB1_23_0036_S_1,WB1_23_0036,74,/Users/superbg/Documents/IEES/idmybee/data/Bombus/terrain/extraction/light/images/WB1_23_0036_S_1.jpg,OK,5.992897321073882e-05,0.0,,0.0008
WB1_23_0036_S_2,WB1_23_0036,75,/Users/superbg/Documents/IEES/idmybee/data/Bombus/terrain/extraction/light/images/WB1_23_0036_S_2.jpg,OK,6.069193360512374e-05,0.0,,0.001
WB1_23_0036_S_3,WB1_23_0036,76,/Users/superbg/Documents/IEES/idmybee/data/Bombus/terrain/extraction/light/images/WB1_23_0036_S_3.jpg,OK,7.283111162604842e-05,0.0,,0.001
WB1_23_0037_S_1,WB1_23_0037,77,/Users/superbg/Documents/IEES/idmybee/data/Bombus/terrain/extraction/light/images/WB1_23_0037_S_1.jpg,OK,0.0051937273529465,0.0,,0.0011
WB1_23_0037_S_2,WB1_23_0037,78,/Users/superbg/Documents/IEES/idmybee/data/Bombus/terrain/extraction/light/images/WB1_23_0037_S_2.jpg,OK,0.004083423314905,0.0,,0.0009
WB1_23_0037_S_3,WB1_23_0037,79,/Users/superbg/Documents/IEES/idmybee/data/Bombus/terrain/extraction/light/images/WB1_23_0037_S_3.jpg,FAILED,inf,,"17 landmarks, 19 expected",0.0
WB1_23_0038_S_1,WB1_23_0038,80,/Users/superbg/Documents/IEES/idmybee/data/Bombus/terrain/extraction/light/images/WB1_23_0038_S_1.jpg,OK,8.488655167068136e-05,0.0,,0.0008
WB1_23_0038_S_2,WB1_23_0038,81,/Users/superbg/Documents/IEES/idmybee/data/Bombus/terrain/extraction/light/images/WB1_23_0038_S_2.jpg,OK,9.507296771239776e-05,0.0,,0.0008
WB1_23_0038_S_3,WB1_23_0038,82,/Users/superbg/Documents/IEES/idmybee/data/Bombus/terrain/extraction/light/images/WB1_23_0038_S_3.jpg,OK,9.613585576216144e-05,0.0,,0.0008
WB1_23_0039_S_1,WB1_23_0039,83,/Users/superbg/Documents/IEES/idmybee/data/Bombus/terrain/extraction/light/images/WB1_23_0039_S_1.jpg,OK,0.0001002649084856,0.0,,0.0008
WB1_23_0039_S_2,WB1_23_0039,84,/Users/superbg/Documents/IEES/idmybee/data/Bombus/terrain/extraction/light/images/WB1_23_0039_S_2.jpg,OK,0.0001512872785772,0.0,,0.0008
WB1_23_0039_S_3,WB1_23_0039,85,/Users/superbg/Documents/IEES/idmybee/data/Bombus/terrain/extraction/light/images/WB1_23_0039_S_3.jpg,OK,8.387479316224432e-05,0.0,,0.0008
WB1_23_0040_S_1,WB1_23_0040,86,/Users/superbg/Documents/IEES/idmybee/data/Bombus/terrain/extraction/light/images/WB1_23_0040_S_1.jpg,OK,2.2004120857285264e-05,0.0,,0.0008
WB1_23_0040_S_2,WB1_23_0040,87,/Users/superbg/Documents/IEES/idmybee/data/Bombus/terrain/extraction/light/images/WB1_23_0040_S_2.jpg,OK,2.8011184085104575e-05,0.0,,0.0008
WB1_23_0040_S_3,WB1_23_0040,88,/Users/superbg/Documents/IEES/idmybee/data/Bombus/terrain/extraction/light/images/WB1_23_0040_S_3.jpg,OK,2.5220972401735697e-05,0.0,,0.0008
WB1_23_0062_S_1,WB1_23_0062,89,/Users/superbg/Documents/IEES/idmybee/data/Bombus/terrain/extraction/light/images/WB1_23_0062_S_1.jpg,OK,3.9921771786243075e-05,0.0,,0.0008
WB1_23_0062_S_2,WB1_23_0062,90,/Users/superbg/Documents/IEES/idmybee/data/Bombus/terrain/extraction/light/images/WB1_23_0062_S_2.jpg,OK,2.5561288276085123e-05,0.0,,0.0008
WB1_23_0062_S_3,WB1_23_0062,91,/Users/superbg/Documents/IEES/idmybee/data/Bombus/terrain/extraction/light/images/WB1_23_0062_S_3.jpg,OK,2.8422956273202263e-05,0.0,,0.0008
WB1_23_0063_S_1,WB1_23_0063,92,/Users/superbg/Documents/IEES/idmybee/data/Bombus/terrain/extraction/light/images/WB1_23_0063_S_1.jpg,OK,6.11100265225841e-05,0.0,,0.0009
WB1_23_0063_S_2,WB1_23_0063,93,/Users/superbg/Documents/IEES/idmybee/data/Bombus/terrain/extraction/light/images/WB1_23_0063_S_2.jpg,OK,5.036964583858078e-05,0.0,,0.001
WB1_23_0063_S_3,WB1_23_0063,94,/Users/superbg/Documents/IEES/idmybee/data/Bombus/terrain/extraction/light/images/WB1_23_0063_S_3.jpg,OK,4.705343518291352e-05,0.0,,0.0012
WB1_23_0064_S_1,WB1_23_0064,95,/Users/superbg/Documents/IEES/idmybee/data/Bombus/terrain/extraction/light/images/WB1_23_0064_S_1.jpg,OK,3.749014909276415e-05,0.0,,0.0009
WB1_23_0064_S_2,WB1_23_0064,96,/Users/superbg/Documents/IEES/idmybee/data/Bombus/terrain/extraction/light/images/WB1_23_0064_S_2.jpg,OK,3.920637710782958e-05,0.0,,0.001
WB1_23_0064_S_3,WB1_23_0064,97,/Users/superbg/Documents/IEES/idmybee/data/Bombus/terrain/extraction/light/images/WB1_23_0064_S_3.jpg,OK,4.107175079248516e-05,0.0,,0.001
WB1_23_0065_S_1,WB1_23_0065,98,/Users/superbg/Documents/IEES/idmybee/data/Bombus/terrain/extraction/light/images/WB1_23_0065_S_1.jpg,OK,5.6485901569190626e-05,0.0,,0.0008
WB1_23_0065_S_2,WB1_23_0065,99,/Users/superbg/Documents/IEES/idmybee/data/Bombus/terrain/extraction/light/images/WB1_23_0065_S_2.jpg,OK,4.8830367167194e-05,0.0,,0.0008
WB1_23_0065_S_3,WB1_23_0065,100,/Users/superbg/Documents/IEES/idmybee/data/Bombus/terrain/extraction/light/images/WB1_23_0065_S_3.jpg,OK,5.315638754956265e-05,0.0,,0.0008
WB1_23_0066_S_1,WB1_23_0066,101,/Users/superbg/Documents/IEES/idmybee/data/Bombus/terrain/extraction/light/images/WB1_23_0066_S_1.jpg,OK,3.898416705346188e-05,0.0,,0.0008
WB1_23_0066_S_2,WB1_23_0066,102,/Users/superbg/Documents/IEES/idmybee/data/Bombus/terrain/extraction/light/images/WB1_23_0066_S_2.jpg,OK,3.1646061055321235e-05,0.0,,0.0008
WB1_23_0066_S_3,WB1_23_0066,103,/Users/superbg/Documents/IEES/idmybee/data/Bombus/terrain/extraction/light/images/WB1_23_0066_S_3.jpg,OK,4.3105267054594464e-05,0.0,,0.0008
WB1_23_0067_S_1,WB1_23_0067,104,/Users/superbg/Documents/IEES/idmybee/data/Bombus/terrain/extraction/light/images/WB1_23_0067_S_1.jpg,OK,7.035447033601467e-05,0.0,,0.0008
WB1_23_0067_S_2,WB1_23_0067,105,/Users/superbg/Documents/IEES/idmybee/data/Bombus/terrain/extraction/light/images/WB1_23_0067_S_2.jpg,OK,6.446667041063494e-05,0.0,,0.0008
WB1_23_0067_S_3,WB1_23_0067,106,/Users/superbg/Documents/IEES/idmybee/data/Bombus/terrain/extraction/light/images/WB1_23_0067_S_3.jpg,OK,6.457023542966693e-05,0.0,,0.0008
WB1_23_0068_S_1,WB1_23_0068,107,/Users/superbg/Documents/IEES/idmybee/data/Bombus/terrain/extraction/light/images/WB1_23_0068_S_1.jpg,OK,3.841343878829398e-05,0.0,,0.0008
WB1_23_0068_S_2,WB1_23_0068,108,/Users/superbg/Documents/IEES/idmybee/data/Bombus/terrain/extraction/light/images/WB1_23_0068_S_2.jpg,OK,3.8730306324808506e-05,0.0,,0.0008
WB1_23_0068_S_3,WB1_23_0068,109,/Users/superbg/Documents/IEES/idmybee/data/Bombus/terrain/extraction/light/images/WB1_23_0068_S_3.jpg,OK,3.067824319544835e-05,0.0,,0.0008
WB1_23_0069_S_1,WB1_23_0069,110,/Users/superbg/Documents/IEES/idmybee/data/Bombus/terrain/extraction/light/images/WB1_23_0069_S_1.jpg,OK,6.679496449189995e-05,1.0,,0.0008
WB1_23_0069_S_2,WB1_23_0069,111,/Users/superbg/Documents/IEES/idmybee/data/Bombus/terrain/extraction/light/images/WB1_23_0069_S_2.jpg,OK,7.062314220833512e-05,1.0,,0.0008
WB1_23_0069_S_3,WB1_23_0069,112,/Users/superbg/Documents/IEES/idmybee/data/Bombus/terrain/extraction/light/images/WB1_23_0069_S_3.jpg,OK,6.689316324848168e-05,0.0,,0.0008
WB1_23_0070_S_1,WB1_23_0070,113,/Users/superbg/Documents/IEES/idmybee/data/Bombus/terrain/extraction/light/images/WB1_23_0070_S_1.jpg,OK,5.4732658664786874e-05,0.0,,0.0008
WB1_23_0070_S_2,WB1_23_0070,114,/Users/superbg/Documents/IEES/idmybee/data/Bombus/terrain/extraction/light/images/WB1_23_0070_S_2.jpg,OK,5.603338921552652e-05,0.0,,0.0008
WB1_23_0070_S_3,WB1_23_0070,115,/Users/superbg/Documents/IEES/idmybee/data/Bombus/terrain/extraction/light/images/WB1_23_0070_S_3.jpg,OK,5.6764888092444115e-05,0.0,,0.0008
WB1_23_0076_S_1,WB1_23_0076,116,/Users/superbg/Documents/IEES/idmybee/data/Bombus/terrain/extraction/light/images/WB1_23_0076_S_1.jpg,OK,3.175564360393937e-05,0.0,,0.0008
WB1_23_0076_S_2,WB1_23_0076,117,/Users/superbg/Documents/IEES/idmybee/data/Bombus/terrain/extraction/light/images/WB1_23_0076_S_2.jpg,OK,2.389791911255984e-05,0.0,,0.0008
WB1_23_0076_S_3,WB1_23_0076,118,/Users/superbg/Documents/IEES/idmybee/data/Bombus/terrain/extraction/light/images/WB1_23_0076_S_3.jpg,OK,2.3718456429561568e-05,0.0,,0.0008
WB1_23_0077_S_1,WB1_23_0077,119,/Users/superbg/Documents/IEES/idmybee/data/Bombus/terrain/extraction/light/images/WB1_23_0077_S_1.jpg,OK,1.4327917928581544e-05,0.0,,0.0009
WB1_23_0077_S_2,WB1_23_0077,120,/Users/superbg/Documents/IEES/idmybee/data/Bombus/terrain/extraction/light/images/WB1_23_0077_S_2.jpg,OK,1.6337463072596696e-05,0.0,,0.0008
WB1_23_0077_S_3,WB1_23_0077,121,/Users/superbg/Documents/IEES/idmybee/data/Bombus/terrain/extraction/light/images/WB1_23_0077_S_3.jpg,OK,1.80983555324791e-05,0.0,,0.0008
WB1_23_0078_S_1,WB1_23_0078,122,/Users/superbg/Documents/IEES/idmybee/data/Bombus/terrain/extraction/light/images/WB1_23_0078_S_1.jpg,OK,4.547915925358462e-05,0.0,,0.0008
WB1_23_0078_S_2,WB1_23_0078,123,/Users/superbg/Documents/IEES/idmybee/data/Bombus/terrain/extraction/light/images/WB1_23_0078_S_2.jpg,OK,5.783779167132476e-05,0.0,,0.0008
WB1_23_0078_S_3,WB1_23_0078,124,/Users/superbg/Documents/IEES/idmybee/data/Bombus/terrain/extraction/light/images/WB1_23_0078_S_3.jpg,OK,5.0177185332636855e-05,0.0,,0.0008
WB1_23_0079_S_1,WB1_23_0079,125,/Users/superbg/Documents/IEES/idmybee/data/Bombus/terrain/extraction/light/images/WB1_23_0079_S_1.jpg,OK,7.056663801400667e-05,0.0,,0.0008
WB1_23_0079_S_2,WB1_23_0079,126,/Users/superbg/Documents/IEES/idmybee/data/Bombus/terrain/extraction/light/images/WB1_23_0079_S_2.jpg,OK,5.5320221573377646e-05,0.0,,0.0008
WB1_23_0079_S_3,WB1_23_0079,127,/Users/superbg/Documents/IEES/idmybee/data/Bombus/terrain/extraction/light/images/WB1_23_0079_S_3.jpg,OK,6.055401208821687e-05,0.0,,0.0009
WB1_23_0080_S_1,WB1_23_0080,128,/Users/superbg/Documents/IEES/idmybee/data/Bombus/terrain/extraction/light/images/WB1_23_0080_S_1.jpg,OK,6.24599754062899e-05,0.0,,0.0008
WB1_23_0080_S_2,WB1_23_0080,129,/Users/superbg/Documents/IEES/idmybee/data/Bombus/terrain/extraction/light/images/WB1_23_0080_S_2.jpg,OK,5.316069633816374e-05,0.0,,0.0008
WB1_23_0080_S_3,WB1_23_0080,130,/Users/superbg/Documents/IEES/idmybee/data/Bombus/terrain/extraction/light/images/WB1_23_0080_S_3.jpg,OK,6.077881164275684e-05,0.0,,0.0008
WB1_23_0081_S_1,WB1_23_0081,131,/Users/superbg/Documents/IEES/idmybee/data/Bombus/terrain/extraction/light/images/WB1_23_0081_S_1.jpg,OK,8.438718409604661e-05,0.0,,0.0008
WB1_23_0081_S_2,WB1_23_0081,132,/Users/superbg/Documents/IEES/idmybee/data/Bombus/terrain/extraction/light/images/WB1_23_0081_S_2.jpg,OK,8.341171394920327e-05,0.0,,0.0008
WB1_23_0081_S_3,WB1_23_0081,133,/Users/superbg/Documents/IEES/idmybee/data/Bombus/terrain/extraction/light/images/WB1_23_0081_S_3.jpg,OK,7.831249931619828e-05,0.0,,0.0008
WB1_23_0082_S_1,WB1_23_0082,134,/Users/superbg/Documents/IEES/idmybee/data/Bombus/terrain/extraction/light/images/WB1_23_0082_S_1.jpg,OK,7.275693531199209e-05,0.0,,0.0009
WB1_23_0082_S_2,WB1_23_0082,135,/Users/superbg/Documents/IEES/idmybee/data/Bombus/terrain/extraction/light/images/WB1_23_0082_S_2.jpg,OK,7.053897335181803e-05,0.0,,0.0009
WB1_23_0082_S_3,WB1_23_0082,136,/Users/superbg/Documents/IEES/idmybee/data/Bombus/terrain/extraction/light/images/WB1_23_0082_S_3.jpg,OK,7.468965038943183e-05,0.0,,0.001
WB1_23_0083_S_1,WB1_23_0083,137,/Users/superbg/Documents/IEES/idmybee/data/Bombus/terrain/extraction/light/images/WB1_23_0083_S_1.jpg,OK,5.5412017622346715e-05,0.0,,0.0009
WB1_23_0083_S_2,WB1_23_0083,138,/Users/superbg/Documents/IEES/idmybee/data/Bombus/terrain/extraction/light/images/WB1_23_0083_S_2.jpg,OK,6.222941660776901e-05,0.0,,0.001
WB1_23_0083_S_3,WB1_23_0083,139,/Users/superbg/Documents/IEES/idmybee/data/Bombus/terrain/extraction/light/images/WB1_23_0083_S_3.jpg,OK,5.9517929166337085e-05,0.0,,0.0011
WB1_23_0084_S_1,WB1_23_0084,140,/Users/superbg/Documents/IEES/idmybee/data/Bombus/terrain/extraction/light/images/WB1_23_0084_S_1.jpg,OK,2.8415241057951803e-05,0.0,,0.0008
WB1_23_0084_S_2,WB1_23_0084,141,/Users/superbg/Documents/IEES/idmybee/data/Bombus/terrain/extraction/light/images/WB1_23_0084_S_2.jpg,OK,3.625614808739491e-05,0.0,,0.0008
WB1_23_0084_S_3,WB1_23_0084,142,/Users/superbg/Documents/IEES/idmybee/data/Bombus/terrain/extraction/light/images/WB1_23_0084_S_3.jpg,OK,3.843049773097932e-05,0.0,,0.0008
WB1_23_0085_S_1,WB1_23_0085,143,/Users/superbg/Documents/IEES/idmybee/data/Bombus/terrain/extraction/light/images/WB1_23_0085_S_1.jpg,OK,1.891213359080856e-05,0.0,,0.0009
WB1_23_0085_S_2,WB1_23_0085,144,/Users/superbg/Documents/IEES/idmybee/data/Bombus/terrain/extraction/light/images/WB1_23_0085_S_2.jpg,OK,2.7224969856936493e-05,0.0,,0.0009
WB1_23_0085_S_3,WB1_23_0085,145,/Users/superbg/Documents/IEES/idmybee/data/Bombus/terrain/extraction/light/images/WB1_23_0085_S_3.jpg,OK,2.2829335188414196e-05,0.0,,0.0009
WB1_23_0086_S_1,WB1_23_0086,146,/Users/superbg/Documents/IEES/idmybee/data/Bombus/terrain/extraction/light/images/WB1_23_0086_S_1.jpg,OK,4.9681504109918815e-05,0.0,,0.001
WB1_23_0086_S_2,WB1_23_0086,147,/Users/superbg/Documents/IEES/idmybee/data/Bombus/terrain/extraction/light/images/WB1_23_0086_S_2.jpg,OK,4.490858934913191e-05,0.0,,0.001
WB1_23_0086_S_3,WB1_23_0086,148,/Users/superbg/Documents/IEES/idmybee/data/Bombus/terrain/extraction/light/images/WB1_23_0086_S_3.jpg,OK,4.516979054520395e-05,0.0,,0.0009
WB1_23_0087_S_1,WB1_23_0087,149,/Users/superbg/Documents/IEES/idmybee/data/Bombus/terrain/extraction/light/images/WB1_23_0087_S_1.jpg,OK,4.150606623564602e-05,0.0,,0.0009
WB1_23_0087_S_2,WB1_23_0087,150,/Users/superbg/Documents/IEES/idmybee/data/Bombus/terrain/extraction/light/images/WB1_23_0087_S_2.jpg,OK,4.559607509690741e-05,1.0,,0.0009
WB1_23_0087_S_3,WB1_23_0087,151,/Users/superbg/Documents/IEES/idmybee/data/Bombus/terrain/extraction/light/images/WB1_23_0087_S_3.jpg,OK,5.396300629779335e-05,0.0,,0.0009
WB1_23_0091_S_1,WB1_23_0091,152,/Users/superbg/Documents/IEES/idmybee/data/Bombus/terrain/extraction/light/images/WB1_23_0091_S_1.jpg,OK,8.876055832429483e-05,0.0,,0.001
WB1_23_0091_S_2,WB1_23_0091,153,/Users/superbg/Documents/IEES/idmybee/data/Bombus/terrain/extraction/light/images/WB1_23_0091_S_2.jpg,OK,7.641800954135661e-05,0.0,,0.001
WB1_23_0091_S_3,WB1_23_0091,154,/Users/superbg/Documents/IEES/idmybee/data/Bombus/terrain/extraction/light/images/WB1_23_0091_S_3.jpg,OK,7.457599213666625e-05,0.0,,0.001
WB1_23_0092_S_1,WB1_23_0092,155,/Users/superbg/Documents/IEES/idmybee/data/Bombus/terrain/extraction/light/images/WB1_23_0092_S_1.jpg,OK,2.9295845227423872e-05,0.0,,0.0008
WB1_23_0092_S_3,WB1_23_0092,156,/Users/superbg/Documents/IEES/idmybee/data/Bombus/terrain/extraction/light/images/WB1_23_0092_S_3.jpg,OK,3.233608824688326e-05,0.0,,0.0008
WB1_23_0093_S_1,WB1_23_0093,157,/Users/superbg/Documents/IEES/idmybee/data/Bombus/terrain/extraction/light/images/WB1_23_0093_S_1.jpg,OK,4.1366355012213586e-05,0.0,,0.0009
WB1_23_0093_S_2,WB1_23_0093,158,/Users/superbg/Documents/IEES/idmybee/data/Bombus/terrain/extraction/light/images/WB1_23_0093_S_2.jpg,OK,4.35682187022803e-05,0.0,,0.0009
WB1_23_0093_S_3,WB1_23_0093,159,/Users/superbg/Documents/IEES/idmybee/data/Bombus/terrain/extraction/light/images/WB1_23_0093_S_3.jpg,OK,4.380959672467893e-05,0.0,,0.0009
WB1_23_0094_S_1,WB1_23_0094,160,/Users/superbg/Documents/IEES/idmybee/data/Bombus/terrain/extraction/light/images/WB1_23_0094_S_1.jpg,OK,1.1646633371372624e-05,0.0,,0.0008
WB1_23_0094_S_2,WB1_23_0094,161,/Users/superbg/Documents/IEES/idmybee/data/Bombus/terrain/extraction/light/images/WB1_23_0094_S_2.jpg,OK,1.4366876188316694e-05,0.0,,0.0009
WB1_23_0094_S_3,WB1_23_0094,162,/Users/superbg/Documents/IEES/idmybee/data/Bombus/terrain/extraction/light/images/WB1_23_0094_S_3.jpg,OK,1.2028077736504304e-05,0.0,,0.0008
WB1_23_0095_S_1,WB1_23_0095,163,/Users/superbg/Documents/IEES/idmybee/data/Bombus/terrain/extraction/light/images/WB1_23_0095_S_1.jpg,OK,2.5181305176625173e-05,0.0,,0.0008
WB1_23_0095_S_2,WB1_23_0095,164,/Users/superbg/Documents/IEES/idmybee/data/Bombus/terrain/extraction/light/images/WB1_23_0095_S_2.jpg,OK,2.103044493105631e-05,0.0,,0.0008
WB1_23_0095_S_3,WB1_23_0095,165,/Users/superbg/Documents/IEES/idmybee/data/Bombus/terrain/extraction/light/images/WB1_23_0095_S_3.jpg,OK,2.720754209790564e-05,0.0,,0.0008
WB1_23_0096_S_1,WB1_23_0096,166,/Users/superbg/Documents/IEES/idmybee/data/Bombus/terrain/extraction/light/images/WB1_23_0096_S_1.jpg,OK,5.077387034376145e-05,0.0,,0.0008
WB1_23_0096_S_2,WB1_23_0096,167,/Users/superbg/Documents/IEES/idmybee/data/Bombus/terrain/extraction/light/images/WB1_23_0096_S_2.jpg,OK,4.947032973085383e-05,0.0,,0.0008
WB1_23_0096_S_3,WB1_23_0096,168,/Users/superbg/Documents/IEES/idmybee/data/Bombus/terrain/extraction/light/images/WB1_23_0096_S_3.jpg,OK,5.1149422090274294e-05,0.0,,0.0008
WB1_23_0097_S_1,WB1_23_0097,169,/Users/superbg/Documents/IEES/idmybee/data/Bombus/terrain/extraction/light/images/WB1_23_0097_S_1.jpg,OK,0.0001522245219938,1.0,,0.0009
WB1_23_0097_S_2,WB1_23_0097,170,/Users/superbg/Documents/IEES/idmybee/data/Bombus/terrain/extraction/light/images/WB1_23_0097_S_2.jpg,OK,3.400819708824925e-05,0.0,,0.0008
WB1_23_0097_S_3,WB1_23_0097,171,/Users/superbg/Documents/IEES/idmybee/data/Bombus/terrain/extraction/light/images/WB1_23_0097_S_3.jpg,OK,3.75170931941876e-05,0.0,,0.0008
WB1_23_0098_S_1,WB1_23_0098,172,/Users/superbg/Documents/IEES/idmybee/data/Bombus/terrain/extraction/light/images/WB1_23_0098_S_1.jpg,OK,2.7100142716698815e-05,0.0,,0.0008
WB1_23_0098_S_2,WB1_23_0098,173,/Users/superbg/Documents/IEES/idmybee/data/Bombus/terrain/extraction/light/images/WB1_23_0098_S_2.jpg,OK,3.147453908523946e-05,0.0,,0.0008
WB1_23_0098_S_3,WB1_23_0098,174,/Users/superbg/Documents/IEES/idmybee/data/Bombus/terrain/extraction/light/images/WB1_23_0098_S_3.jpg,OK,2.6406702293721568e-05,0.0,,0.0008
WB1_23_0099_S_1,WB1_23_0099,175,/Users/superbg/Documents/IEES/idmybee/data/Bombus/terrain/extraction/light/images/WB1_23_0099_S_1.jpg,OK,9.747811701815603e-05,1.0,,0.0008
WB1_23_0099_S_2,WB1_23_0099,176,/Users/superbg/Documents/IEES/idmybee/data/Bombus/terrain/extraction/light/images/WB1_23_0099_S_2.jpg,OK,9.937506441016598e-05,0.0,,0.0009
WB1_23_0099_S_3,WB1_23_0099,177,/Users/superbg/Documents/IEES/idmybee/data/Bombus/terrain/extraction/light/images/WB1_23_0099_S_3.jpg,OK,9.448324447178632e-05,0.0,,0.0008
WB1_23_0106_S_1,WB1_23_0106,178,/Users/superbg/Documents/IEES/idmybee/data/Bombus/terrain/extraction/light/images/WB1_23_0106_S_1.jpg,FAILED,inf,,"3 landmarks, 19 expected",0.0
WB1_23_0106_S_2,WB1_23_0106,179,/Users/superbg/Documents/IEES/idmybee/data/Bombus/terrain/extraction/light/images/WB1_23_0106_S_2.jpg,FAILED,inf,,"14 landmarks, 19 expected",0.0
WB1_23_0106_S_3,WB1_23_0106,180,/Users/superbg/Documents/IEES/idmybee/data/Bombus/terrain/extraction/light/images/WB1_23_0106_S_3.jpg,OK,2.73766204412462e-05,0.0,,0.0008
WB1_23_0107_S_1,WB1_23_0107,181,/Users/superbg/Documents/IEES/idmybee/data/Bombus/terrain/extraction/light/images/WB1_23_0107_S_1.jpg,OK,6.69102089450876e-05,0.0,,0.0008
WB1_23_0107_S_2,WB1_23_0107,182,/Users/superbg/Documents/IEES/idmybee/data/Bombus/terrain/extraction/light/images/WB1_23_0107_S_2.jpg,OK,5.713482885684304e-05,0.0,,0.0008
WB1_23_0107_S_3,WB1_23_0107,183,/Users/superbg/Documents/IEES/idmybee/data/Bombus/terrain/extraction/light/images/WB1_23_0107_S_3.jpg,OK,5.853529871325881e-05,0.0,,0.0008
WB1_23_0108_S_1,WB1_23_0108,184,/Users/superbg/Documents/IEES/idmybee/data/Bombus/terrain/extraction/light/images/WB1_23_0108_S_1.jpg,OK,5.484736562997916e-05,0.0,,0.0008
WB1_23_0108_S_2,WB1_23_0108,185,/Users/superbg/Documents/IEES/idmybee/data/Bombus/terrain/extraction/light/images/WB1_23_0108_S_2.jpg,OK,7.50496638592848e-05,0.0,,0.0008
WB1_23_0108_S_3,WB1_23_0108,186,/Users/superbg/Documents/IEES/idmybee/data/Bombus/terrain/extraction/light/images/WB1_23_0108_S_3.jpg,OK,7.644386323264464e-05,0.0,,0.0008
WB1_23_0109_S_1,WB1_23_0109,187,/Users/superbg/Documents/IEES/idmybee/data/Bombus/terrain/extraction/light/images/WB1_23_0109_S_1.jpg,OK,7.007663220316136e-05,0.0,,0.0008
WB1_23_0109_S_2,WB1_23_0109,188,/Users/superbg/Documents/IEES/idmybee/data/Bombus/terrain/extraction/light/images/WB1_23_0109_S_2.jpg,OK,7.257384032441594e-05,1.0,,0.0008
WB1_23_0110_S_1,WB1_23_0110,189,/Users/superbg/Documents/IEES/idmybee/data/Bombus/terrain/extraction/light/images/WB1_23_0110_S_1.jpg,OK,9.03455264209996e-05,0.0,,0.001
WB1_23_0110_S_2,WB1_23_0110,190,/Users/superbg/Documents/IEES/idmybee/data/Bombus/terrain/extraction/light/images/WB1_23_0110_S_2.jpg,OK,8.076154315165491e-05,0.0,,0.001
WB1_23_0111_S_1,WB1_23_0111,191,/Users/superbg/Documents/IEES/idmybee/data/Bombus/terrain/extraction/light/images/WB1_23_0111_S_1.jpg,OK,3.4103343172023474e-05,0.0,,0.0008
WB1_23_0111_S_2,WB1_23_0111,192,/Users/superbg/Documents/IEES/idmybee/data/Bombus/terrain/extraction/light/images/WB1_23_0111_S_2.jpg,OK,2.974841824347595e-05,0.0,,0.0008
WB1_23_0111_S_3,WB1_23_0111,193,/Users/superbg/Documents/IEES/idmybee/data/Bombus/terrain/extraction/light/images/WB1_23_0111_S_3.jpg,OK,2.5059838868636408e-05,0.0,,0.0008
WB1_23_0112_S_1,WB1_23_0112,194,/Users/superbg/Documents/IEES/idmybee/data/Bombus/terrain/extraction/light/images/WB1_23_0112_S_1.jpg,OK,3.662335143811562e-05,0.0,,0.0008
WB1_23_0112_S_2,WB1_23_0112,195,/Users/superbg/Documents/IEES/idmybee/data/Bombus/terrain/extraction/light/images/WB1_23_0112_S_2.jpg,OK,2.563358268220333e-05,0.0,,0.0008
WB1_23_0113_S_1,WB1_23_0113,196,/Users/superbg/Documents/IEES/idmybee/data/Bombus/terrain/extraction/light/images/WB1_23_0113_S_1.jpg,OK,3.516808716920695e-05,0.0,,0.0008
WB1_23_0113_S_2,WB1_23_0113,197,/Users/superbg/Documents/IEES/idmybee/data/Bombus/terrain/extraction/light/images/WB1_23_0113_S_2.jpg,OK,3.5219842049381905e-05,0.0,,0.0008
WB1_23_0113_S_3,WB1_23_0113,198,/Users/superbg/Documents/IEES/idmybee/data/Bombus/terrain/extraction/light/images/WB1_23_0113_S_3.jpg,OK,3.217957023388643e-05,0.0,,0.0008
WB1_23_0114_S_1,WB1_23_0114,199,/Users/superbg/Documents/IEES/idmybee/data/Bombus/terrain/extraction/light/images/WB1_23_0114_S_1.jpg,OK,2.794024872669711e-05,0.0,,0.0008
WB1_23_0114_S_2,WB1_23_0114,200,/Users/superbg/Documents/IEES/idmybee/data/Bombus/terrain/extraction/light/images/WB1_23_0114_S_2.jpg,OK,3.4710336229291606e-05,0.0,,0.0008
WB1_23_0114_S_3,WB1_23_0114,201,/Users/superbg/Documents/IEES/idmybee/data/Bombus/terrain/extraction/light/images/WB1_23_0114_S_3.jpg,OK,4.411585152691454e-05,0.0,,0.0009
WB1_23_0114_S_4,WB1_23_0114,202,/Users/superbg/Documents/IEES/idmybee/data/Bombus/terrain/extraction/light/images/WB1_23_0114_S_4.jpg,OK,2.9941729257305527e-05,0.0,,0.0008
WB1_23_0115_S_1,WB1_23_0115,203,/Users/superbg/Documents/IEES/idmybee/data/Bombus/terrain/extraction/light/images/WB1_23_0115_S_1.jpg,OK,2.053882151251952e-05,0.0,,0.001
WB1_23_0115_S_2,WB1_23_0115,204,/Users/superbg/Documents/IEES/idmybee/data/Bombus/terrain/extraction/light/images/WB1_23_0115_S_2.jpg,OK,2.2196536143944063e-05,0.0,,0.001
WB1_23_0115_S_3,WB1_23_0115,205,/Users/superbg/Documents/IEES/idmybee/data/Bombus/terrain/extraction/light/images/WB1_23_0115_S_3.jpg,OK,3.0441364815767455e-05,0.0,,0.001
WB1_23_0116_S_2,WB1_23_0116,206,/Users/superbg/Documents/IEES/idmybee/data/Bombus/terrain/extraction/light/images/WB1_23_0116_S_2.jpg,OK,2.4158993671240388e-05,0.0,,0.0008
WB1_23_0116_S_3,WB1_23_0116,207,/Users/superbg/Documents/IEES/idmybee/data/Bombus/terrain/extraction/light/images/WB1_23_0116_S_3.jpg,OK,2.5031713173098452e-05,0.0,,0.001
WB1_23_0117_S_1,WB1_23_0117,208,/Users/superbg/Documents/IEES/idmybee/data/Bombus/terrain/extraction/light/images/WB1_23_0117_S_1.jpg,OK,4.873201956763964e-05,0.0,,0.0008
WB1_23_0117_S_2,WB1_23_0117,209,/Users/superbg/Documents/IEES/idmybee/data/Bombus/terrain/extraction/light/images/WB1_23_0117_S_2.jpg,OK,5.070154925347074e-05,0.0,,0.0008
WB1_23_0117_S_3,WB1_23_0117,210,/Users/superbg/Documents/IEES/idmybee/data/Bombus/terrain/extraction/light/images/WB1_23_0117_S_3.jpg,OK,4.2476539901108383e-05,0.0,,0.0008
WB1_23_0118_S_1,WB1_23_0118,211,/Users/superbg/Documents/IEES/idmybee/data/Bombus/terrain/extraction/light/images/WB1_23_0118_S_1.jpg,OK,2.63915608007463e-05,0.0,,0.0008
WB1_23_0118_S_2,WB1_23_0118,212,/Users/superbg/Documents/IEES/idmybee/data/Bombus/terrain/extraction/light/images/WB1_23_0118_S_2.jpg,OK,3.034693858077295e-05,0.0,,0.0008
WB1_23_0118_S_3,WB1_23_0118,213,/Users/superbg/Documents/IEES/idmybee/data/Bombus/terrain/extraction/light/images/WB1_23_0118_S_3.jpg,OK,2.8867068173726067e-05,0.0,,0.0008
WB1_23_0119_S_1,WB1_23_0119,214,/Users/superbg/Documents/IEES/idmybee/data/Bombus/terrain/extraction/light/images/WB1_23_0119_S_1.jpg,OK,5.628337502173496e-05,0.0,,0.0008
WB1_23_0119_S_2,WB1_23_0119,215,/Users/superbg/Documents/IEES/idmybee/data/Bombus/terrain/extraction/light/images/WB1_23_0119_S_2.jpg,OK,5.5737331281522293e-05,0.0,,0.0008
WB1_23_0119_S_3,WB1_23_0119,216,/Users/superbg/Documents/IEES/idmybee/data/Bombus/terrain/extraction/light/images/WB1_23_0119_S_3.jpg,OK,5.552942305498358e-05,0.0,,0.0008
WB1_23_0120_S_1,WB1_23_0120,217,/Users/superbg/Documents/IEES/idmybee/data/Bombus/terrain/extraction/light/images/WB1_23_0120_S_1.jpg,OK,5.188225478981309e-05,0.0,,0.0008
WB1_23_0120_S_2,WB1_23_0120,218,/Users/superbg/Documents/IEES/idmybee/data/Bombus/terrain/extraction/light/images/WB1_23_0120_S_2.jpg,OK,4.827771333761966e-05,0.0,,0.0009
WB1_23_0121_S_2,WB1_23_0121,219,/Users/superbg/Documents/IEES/idmybee/data/Bombus/terrain/extraction/light/images/WB1_23_0121_S_2.jpg,OK,3.9257257117337065e-05,0.0,,0.0007
WB1_23_0121_S_3,WB1_23_0121,220,/Users/superbg/Documents/IEES/idmybee/data/Bombus/terrain/extraction/light/images/WB1_23_0121_S_3.jpg,OK,4.555403274142084e-05,0.0,,0.0007
WB1_23_0122_S_1,WB1_23_0122,221,/Users/superbg/Documents/IEES/idmybee/data/Bombus/terrain/extraction/light/images/WB1_23_0122_S_1.jpg,OK,3.338112171883549e-05,0.0,,0.0008
WB1_23_0122_S_2,WB1_23_0122,222,/Users/superbg/Documents/IEES/idmybee/data/Bombus/terrain/extraction/light/images/WB1_23_0122_S_2.jpg,OK,2.6510964198711648e-05,0.0,,0.0007
WB1_23_0122_S_3,WB1_23_0122,223,/Users/superbg/Documents/IEES/idmybee/data/Bombus/terrain/extraction/light/images/WB1_23_0122_S_3.jpg,OK,2.7059391665157815e-05,0.0,,0.0008
WB1_23_0123_S_1,WB1_23_0123,224,/Users/superbg/Documents/IEES/idmybee/data/Bombus/terrain/extraction/light/images/WB1_23_0123_S_1.jpg,OK,9.916306358563464e-05,1.0,,0.0008
WB1_23_0123_S_2,WB1_23_0123,225,/Users/superbg/Documents/IEES/idmybee/data/Bombus/terrain/extraction/light/images/WB1_23_0123_S_2.jpg,OK,0.0001046768353497,2.0,,0.0008
WB1_23_0123_S_3,WB1_23_0123,226,/Users/superbg/Documents/IEES/idmybee/data/Bombus/terrain/extraction/light/images/WB1_23_0123_S_3.jpg,OK,9.336970416887e-05,2.0,,0.0008
WB1_23_0124_S_1,WB1_23_0124,227,/Users/superbg/Documents/IEES/idmybee/data/Bombus/terrain/extraction/light/images/WB1_23_0124_S_1.jpg,SUSPECT,0.0044859716856872,19.0,,0.0011
WB1_23_0124_S_2,WB1_23_0124,228,/Users/superbg/Documents/IEES/idmybee/data/Bombus/terrain/extraction/light/images/WB1_23_0124_S_2.jpg,OK,8.068485621117615e-05,0.0,,0.0009
WB1_23_0124_S_3,WB1_23_0124,229,/Users/superbg/Documents/IEES/idmybee/data/Bombus/terrain/extraction/light/images/WB1_23_0124_S_3.jpg,OK,8.496886290508677e-05,0.0,,0.0009
WB1_23_0125_S_1,WB1_23_0125,230,/Users/superbg/Documents/IEES/idmybee/data/Bombus/terrain/extraction/light/images/WB1_23_0125_S_1.jpg,OK,0.000196230259309,0.0,,0.001
WB1_23_0125_S_2,WB1_23_0125,231,/Users/superbg/Documents/IEES/idmybee/data/Bombus/terrain/extraction/light/images/WB1_23_0125_S_2.jpg,OK,0.0001951941710023,0.0,,0.001
WB1_23_0125_S_3,WB1_23_0125,232,/Users/superbg/Documents/IEES/idmybee/data/Bombus/terrain/extraction/light/images/WB1_23_0125_S_3.jpg,OK,0.0002196584774797,0.0,,0.001
WB1_23_0126_S_1,WB1_23_0126,233,/Users/superbg/Documents/IEES/idmybee/data/Bombus/terrain/extraction/light/images/WB1_23_0126_S_1.jpg,OK,9.451542575447733e-05,0.0,,0.0007
WB1_23_0126_S_2,WB1_23_0126,234,/Users/superbg/Documents/IEES/idmybee/data/Bombus/terrain/extraction/light/images/WB1_23_0126_S_2.jpg,OK,9.76944566823908e-05,0.0,,0.0008
WB1_23_0126_S_3,WB1_23_0126,235,/Users/superbg/Documents/IEES/idmybee/data/Bombus/terrain/extraction/light/images/WB1_23_0126_S_3.jpg,OK,9.979272459028072e-05,0.0,,0.0008
WB1_23_0127_S_1,WB1_23_0127,236,/Users/superbg/Documents/IEES/idmybee/data/Bombus/terrain/extraction/light/images/WB1_23_0127_S_1.jpg,OK,2.873346878720987e-05,0.0,,0.0009
WB1_23_0127_S_2,WB1_23_0127,237,/Users/superbg/Documents/IEES/idmybee/data/Bombus/terrain/extraction/light/images/WB1_23_0127_S_2.jpg,OK,2.8687927749500784e-05,0.0,,0.0009
WB1_23_0127_S_3,WB1_23_0127,238,/Users/superbg/Documents/IEES/idmybee/data/Bombus/terrain/extraction/light/images/WB1_23_0127_S_3.jpg,OK,2.962274082825389e-05,0.0,,0.0009
WB1_23_0128_S_1,WB1_23_0128,239,/Users/superbg/Documents/IEES/idmybee/data/Bombus/terrain/extraction/light/images/WB1_23_0128_S_1.jpg,OK,2.059258765629701e-05,0.0,,0.0008
WB1_23_0128_S_2,WB1_23_0128,240,/Users/superbg/Documents/IEES/idmybee/data/Bombus/terrain/extraction/light/images/WB1_23_0128_S_2.jpg,OK,2.3680501106615597e-05,0.0,,0.0009
WB1_23_0128_S_3,WB1_23_0128,241,/Users/superbg/Documents/IEES/idmybee/data/Bombus/terrain/extraction/light/images/WB1_23_0128_S_3.jpg,OK,2.3368350977096735e-05,0.0,,0.0008
WB1_23_0129_S_1,WB1_23_0129,242,/Users/superbg/Documents/IEES/idmybee/data/Bombus/terrain/extraction/light/images/WB1_23_0129_S_1.jpg,OK,5.9938891384391376e-05,0.0,,0.0008
WB1_23_0129_S_2,WB1_23_0129,243,/Users/superbg/Documents/IEES/idmybee/data/Bombus/terrain/extraction/light/images/WB1_23_0129_S_2.jpg,OK,6.415801258627808e-05,0.0,,0.0008
WB1_23_0129_S_3,WB1_23_0129,244,/Users/superbg/Documents/IEES/idmybee/data/Bombus/terrain/extraction/light/images/WB1_23_0129_S_3.jpg,OK,8.828463012021151e-05,0.0,,0.0009
WB1_23_0129_S_4,WB1_23_0129,245,/Users/superbg/Documents/IEES/idmybee/data/Bombus/terrain/extraction/light/images/WB1_23_0129_S_4.jpg,OK,7.895936499491155e-05,0.0,,0.0009
WB1_23_0130_S_1,WB1_23_0130,246,/Users/superbg/Documents/IEES/idmybee/data/Bombus/terrain/extraction/light/images/WB1_23_0130_S_1.jpg,OK,0.0001162589648966,2.0,,0.001
WB1_23_0130_S_2,WB1_23_0130,247,/Users/superbg/Documents/IEES/idmybee/data/Bombus/terrain/extraction/light/images/WB1_23_0130_S_2.jpg,OK,8.419013789684037e-05,0.0,,0.001
WB1_23_0130_S_3,WB1_23_0130,248,/Users/superbg/Documents/IEES/idmybee/data/Bombus/terrain/extraction/light/images/WB1_23_0130_S_3.jpg,OK,0.0001201684846414,1.0,,0.001
WB1_23_0131_S_1,WB1_23_0131,249,/Users/superbg/Documents/IEES/idmybee/data/Bombus/terrain/extraction/light/images/WB1_23_0131_S_1.jpg,OK,8.118325655221796e-05,0.0,,0.0008
WB1_23_0131_S_2,WB1_23_0131,250,/Users/superbg/Documents/IEES/idmybee/data/Bombus/terrain/extraction/light/images/WB1_23_0131_S_2.jpg,OK,6.629797405062761e-05,0.0,,0.0008
WB1_23_0131_S_3,WB1_23_0131,251,/Users/superbg/Documents/IEES/idmybee/data/Bombus/terrain/extraction/light/images/WB1_23_0131_S_3.jpg,OK,7.108482272508082e-05,0.0,,0.0009
WB1_23_0132_S_1,WB1_23_0132,252,/Users/superbg/Documents/IEES/idmybee/data/Bombus/terrain/extraction/light/images/WB1_23_0132_S_1.jpg,OK,3.762451485597415e-05,0.0,,0.0008
WB1_23_0132_S_2,WB1_23_0132,253,/Users/superbg/Documents/IEES/idmybee/data/Bombus/terrain/extraction/light/images/WB1_23_0132_S_2.jpg,OK,4.282326483223306e-05,0.0,,0.0008
WB1_23_0132_S_3,WB1_23_0132,254,/Users/superbg/Documents/IEES/idmybee/data/Bombus/terrain/extraction/light/images/WB1_23_0132_S_3.jpg,OK,3.469374008542006e-05,0.0,,0.0008
WB1_23_0133_S_1,WB1_23_0133,255,/Users/superbg/Documents/IEES/idmybee/data/Bombus/terrain/extraction/light/images/WB1_23_0133_S_1.jpg,OK,4.7404279104035967e-05,0.0,,0.001
WB1_23_0133_S_2,WB1_23_0133,256,/Users/superbg/Documents/IEES/idmybee/data/Bombus/terrain/extraction/light/images/WB1_23_0133_S_2.jpg,OK,3.9199235523022006e-05,0.0,,0.001
WB1_23_0133_S_3,WB1_23_0133,257,/Users/superbg/Documents/IEES/idmybee/data/Bombus/terrain/extraction/light/images/WB1_23_0133_S_3.jpg,OK,3.864267903050748e-05,0.0,,0.001
WB1_23_0134_S_1,WB1_23_0134,258,/Users/superbg/Documents/IEES/idmybee/data/Bombus/terrain/extraction/light/images/WB1_23_0134_S_1.jpg,OK,6.003038168272477e-05,0.0,,0.0008
WB1_23_0134_S_2,WB1_23_0134,259,/Users/superbg/Documents/IEES/idmybee/data/Bombus/terrain/extraction/light/images/WB1_23_0134_S_2.jpg,OK,5.904564251828398e-05,0.0,,0.0008
WB1_23_0134_S_3,WB1_23_0134,260,/Users/superbg/Documents/IEES/idmybee/data/Bombus/terrain/extraction/light/images/WB1_23_0134_S_3.jpg,OK,5.662967494254829e-05,0.0,,0.0008
WB1_23_0135_S_1,WB1_23_0135,261,/Users/superbg/Documents/IEES/idmybee/data/Bombus/terrain/extraction/light/images/WB1_23_0135_S_1.jpg,FAILED,inf,,"13 landmarks, 19 expected",0.0
WB1_23_0135_S_2,WB1_23_0135,262,/Users/superbg/Documents/IEES/idmybee/data/Bombus/terrain/extraction/light/images/WB1_23_0135_S_2.jpg,OK,2.6621362257010696e-05,0.0,,0.0007
WB1_23_0135_S_3,WB1_23_0135,263,/Users/superbg/Documents/IEES/idmybee/data/Bombus/terrain/extraction/light/images/WB1_23_0135_S_3.jpg,OK,2.8803295755735564e-05,0.0,,0.0008
WB1_23_0135_S_4,WB1_23_0135,264,/Users/superbg/Documents/IEES/idmybee/data/Bombus/terrain/extraction/light/images/WB1_23_0135_S_4.jpg,OK,3.0475508916650777e-05,0.0,,0.0008
WB1_23_0136_S_1,WB1_23_0136,265,/Users/superbg/Documents/IEES/idmybee/data/Bombus/terrain/extraction/light/images/WB1_23_0136_S_1.jpg,FAILED,inf,,"18 landmarks, 19 expected",0.0
WB1_23_0137_S_1,WB1_23_0137,266,/Users/superbg/Documents/IEES/idmybee/data/Bombus/terrain/extraction/light/images/WB1_23_0137_S_1.jpg,OK,0.0001629638621,0.0,,0.0007
WB1_23_0138_S_1,WB1_23_0138,267,/Users/superbg/Documents/IEES/idmybee/data/Bombus/terrain/extraction/light/images/WB1_23_0138_S_1.jpg,OK,7.086016806645372e-05,0.0,,0.0009
WB1_23_0139_S_1,WB1_23_0139,268,/Users/superbg/Documents/IEES/idmybee/data/Bombus/terrain/extraction/light/images/WB1_23_0139_S_1.jpg,OK,3.4211849162142995e-05,0.0,,0.0008
WB1_23_0140_S_1,WB1_23_0140,269,/Users/superbg/Documents/IEES/idmybee/data/Bombus/terrain/extraction/light/images/WB1_23_0140_S_1.jpg,OK,3.647185170460138e-05,0.0,,0.0008
WB1_23_0141_S_1,WB1_23_0141,270,/Users/superbg/Documents/IEES/idmybee/data/Bombus/terrain/extraction/light/images/WB1_23_0141_S_1.jpg,OK,2.344840176516125e-05,0.0,,0.0008
WB1_23_0142_S_1,WB1_23_0142,271,/Users/superbg/Documents/IEES/idmybee/data/Bombus/terrain/extraction/light/images/WB1_23_0142_S_1.jpg,OK,7.409209906627428e-05,0.0,,0.0009
WB1_23_0143_S_1,WB1_23_0143,272,/Users/superbg/Documents/IEES/idmybee/data/Bombus/terrain/extraction/light/images/WB1_23_0143_S_1.jpg,OK,8.629511109872687e-05,0.0,,0.0008
WB1_23_0144_S_1,WB1_23_0144,273,/Users/superbg/Documents/IEES/idmybee/data/Bombus/terrain/extraction/light/images/WB1_23_0144_S_1.jpg,OK,8.610689791474683e-05,0.0,,0.0008
WB1_23_0145_S_1,WB1_23_0145,274,/Users/superbg/Documents/IEES/idmybee/data/Bombus/terrain/extraction/light/images/WB1_23_0145_S_1.jpg,OK,9.221015892281466e-05,2.0,,0.0008
WB1_23_0146_S_1,WB1_23_0146,275,/Users/superbg/Documents/IEES/idmybee/data/Bombus/terrain/extraction/light/images/WB1_23_0146_S_1.jpg,OK,5.535106533183941e-05,0.0,,0.0009
WB1_23_0147_S_1,WB1_23_0147,276,/Users/superbg/Documents/IEES/idmybee/data/Bombus/terrain/extraction/light/images/WB1_23_0147_S_1.jpg,OK,8.380609562304909e-05,0.0,,0.0008
WB1_23_0148_S_1,WB1_23_0148,277,/Users/superbg/Documents/IEES/idmybee/data/Bombus/terrain/extraction/light/images/WB1_23_0148_S_1.jpg,OK,4.365575046100153e-05,0.0,,0.0008
WB1_23_0149_S_1,WB1_23_0149,278,/Users/superbg/Documents/IEES/idmybee/data/Bombus/terrain/extraction/light/images/WB1_23_0149_S_1.jpg,OK,8.569367842998559e-05,1.0,,0.0009
WB1_23_0150_S_1,WB1_23_0150,279,/Users/superbg/Documents/IEES/idmybee/data/Bombus/terrain/extraction/light/images/WB1_23_0150_S_1.jpg,OK,5.768211385739048e-05,0.0,,0.0009
WB1_23_0151_S_1,WB1_23_0151,280,/Users/superbg/Documents/IEES/idmybee/data/Bombus/terrain/extraction/light/images/WB1_23_0151_S_1.jpg,OK,0.0001230509786191,0.0,,0.0008
WB1_23_0152_S_1,WB1_23_0152,281,/Users/superbg/Documents/IEES/idmybee/data/Bombus/terrain/extraction/light/images/WB1_23_0152_S_1.jpg,OK,0.0001098377120026,2.0,,0.0009
WB1_23_0153_S_1,WB1_23_0153,282,/Users/superbg/Documents/IEES/idmybee/data/Bombus/terrain/extraction/light/images/WB1_23_0153_S_1.jpg,OK,4.817657040995679e-05,1.0,,0.0008
WB1_23_0154_S_1,WB1_23_0154,283,/Users/superbg/Documents/IEES/idmybee/data/Bombus/terrain/extraction/light/images/WB1_23_0154_S_1.jpg,OK,7.747053430401867e-05,0.0,,0.0007
